project_id,attendance,study_hours,previous_performance,task_completion,pending_tasks,missed_deadlines,milestone_completion,days_remaining,team_size,project_type,planned_tasks,completed_tasks,project_progress,delay_risk
PROJ-0001,,22.6,62.8,85.7,1,0,88.1,52,7,AI,7,6,71.7,LOW
PROJ-0002,61.3,19.4,88.8,53.6,13,2,66.9,40,6,Web,28,15,58.3,MEDIUM
PROJ-0003,74.6,1.0,60.0,31.0,20,1,28.2,53,2,Research,29,9,45.5,MEDIUM
PROJ-0004,75.3,17.3,78.5,75.9,7,1,75.0,45,7,Mobile,29,22,92.2,LOW
PROJ-0005,88.1,28.0,77.9,76.0,6,0,63.7,71,1,IoT,25,19,62.5,LOW
PROJ-0006,100.0,21.6,78.9,92.9,2,2,63.3,40,3,AI,28,26,58.7,LOW
PROJ-0007,73.4,28.5,65.7,71.4,4,0,62.7,70,5,IoT,14,10,74.8,LOW
PROJ-0008,66.8,1.7,69.1,50.0,3,2,43.3,20,7,AI,6,3,44.1,MEDIUM
PROJ-0009,84.7,17.4,80.5,66.7,6,1,27.9,48,7,Research,18,12,81.2,MEDIUM
PROJ-0010,80.2,22.0,69.9,81.8,2,2,30.4,49,7,Research,11,9,74.6,LOW
PROJ-0011,55.2,13.8,49.7,52.0,12,2,46.8,56,4,AI,25,13,43.2,MEDIUM
PROJ-0012,74.8,26.6,56.5,50.0,4,1,77.3,36,5,Research,8,4,51.8,LOW
PROJ-0013,84.8,24.0,87.1,61.5,5,1,71.7,61,3,Research,13,8,74.7,LOW
PROJ-0014,71.2,12.5,46.4,50.0,7,0,96.5,50,2,AI,14,7,70.8,LOW
PROJ-0015,51.0,6.9,76.9,33.3,4,0,28.1,49,7,Web,6,2,27.2,MEDIUM
PROJ-0016,72.8,9.6,60.6,5.6,17,5,35.9,16,2,AI,18,1,26.1,HIGH
PROJ-0017,69.2,10.7,81.5,76.0,6,1,63.3,64,4,Mobile,25,19,79.8,LOW
PROJ-0018,64.6,9.3,49.4,14.3,6,1,41.6,1,3,AI,7,1,41.8,HIGH
PROJ-0019,58.0,12.2,51.1,30.0,7,4,55.2,40,6,Mobile,10,3,60.4,MEDIUM
PROJ-0020,85.8,17.1,74.6,66.7,5,0,70.7,35,7,IoT,15,10,98.5,LOW
PROJ-0021,76.4,28.4,67.9,77.8,2,0,86.7,90,6,IoT,9,7,57.5,LOW
PROJ-0022,60.9,3.2,69.5,42.9,12,4,42.9,15,2,AI,21,9,23.4,MEDIUM
PROJ-0023,81.4,22.2,79.1,85.7,3,3,70.6,38,1,Research,21,18,67.6,LOW
PROJ-0024,79.4,23.0,55.6,83.3,1,2,49.9,8,7,Mobile,6,5,69.0,LOW
PROJ-0025,77.6,13.2,59.3,0.0,8,4,40.3,14,5,IoT,8,0,37.6,HIGH
PROJ-0026,100.0,18.9,73.4,50.0,11,1,88.5,46,1,AI,22,11,63.8,LOW
PROJ-0027,68.5,9.3,59.7,30.0,7,6,12.8,28,7,Mobile,10,3,36.0,HIGH
PROJ-0028,75.2,23.0,76.7,88.9,2,1,68.7,65,1,Mobile,18,16,47.1,LOW
PROJ-0029,62.8,6.3,46.8,0.0,29,3,61.5,16,7,Mobile,29,0,62.4,HIGH
PROJ-0030,75.5,11.5,48.6,60.0,10,0,78.3,65,4,IoT,25,15,57.9,LOW
PROJ-0031,53.7,16.6,69.8,70.6,5,5,86.9,8,7,Mobile,17,12,33.5,MEDIUM
PROJ-0032,,,72.1,62.5,3,0,75.6,41,1,AI,8,5,51.5,LOW
PROJ-0033,73.8,12.3,39.4,20.0,4,3,35.9,35,7,Mobile,5,1,27.5,HIGH
PROJ-0034,50.5,24.5,38.0,25.0,6,7,19.2,13,4,Research,8,2,49.3,HIGH
PROJ-0035,64.1,8.3,63.7,66.7,3,1,48.5,31,4,Research,9,6,32.1,MEDIUM
PROJ-0036,89.3,14.1,52.4,36.4,7,5,70.0,3,6,Research,11,4,59.9,MEDIUM
PROJ-0037,81.0,10.1,44.9,50.0,13,7,37.2,25,1,AI,26,13,47.4,HIGH
PROJ-0038,35.7,8.0,64.5,0.0,28,2,34.7,28,1,AI,28,0,42.5,HIGH
PROJ-0039,60.8,7.9,74.4,23.1,10,2,35.8,46,5,Research,13,3,32.8,HIGH
PROJ-0040,71.4,15.8,60.8,60.0,2,2,19.7,3,2,Research,5,3,57.4,MEDIUM
PROJ-0041,68.4,9.0,44.3,16.7,10,6,33.7,31,2,Mobile,12,2,40.8,HIGH
PROJ-0042,81.2,6.6,65.2,28.6,20,4,40.4,47,7,AI,28,8,21.9,HIGH
PROJ-0043,79.1,31.0,88.2,85.0,3,2,50.6,41,3,Research,20,17,50.6,LOW
PROJ-0044,95.6,14.9,59.0,55.2,13,0,54.2,71,4,Mobile,29,16,66.4,LOW
PROJ-0045,91.8,12.5,,42.1,11,1,99.3,73,2,IoT,19,8,36.2,LOW
PROJ-0046,65.9,8.6,39.1,20.0,8,3,60.9,1,2,Research,10,2,25.6,HIGH
PROJ-0047,44.9,13.5,68.8,3.4,28,5,22.8,19,1,Web,29,1,8.6,HIGH
PROJ-0048,69.5,7.9,45.5,46.2,14,2,24.4,7,3,Web,26,12,0.0,HIGH
PROJ-0049,50.1,17.5,73.4,48.3,15,3,31.4,52,5,Web,29,14,40.3,MEDIUM
PROJ-0050,69.0,7.3,49.5,12.5,14,3,57.9,31,2,Web,16,2,40.8,MEDIUM
PROJ-0051,65.5,10.8,57.0,0.0,9,4,56.6,33,6,Research,9,0,24.2,HIGH
PROJ-0052,66.5,6.4,48.1,13.6,19,6,4.6,45,2,Research,22,3,33.7,HIGH
PROJ-0053,83.5,15.2,73.9,50.0,13,3,,1,3,IoT,26,13,41.3,MEDIUM
PROJ-0054,82.8,7.5,70.8,50.0,5,3,23.8,14,2,Research,10,5,36.1,MEDIUM
PROJ-0055,80.3,21.3,79.4,95.7,1,0,55.3,27,4,Mobile,23,22,73.2,LOW
PROJ-0056,74.5,26.8,78.2,53.3,7,3,56.1,27,3,AI,15,8,28.2,MEDIUM
PROJ-0057,80.6,14.0,80.0,73.3,4,1,86.7,48,3,IoT,15,11,50.7,LOW
PROJ-0058,79.5,13.5,77.7,72.7,3,0,56.0,57,2,Mobile,11,8,57.9,LOW
PROJ-0059,79.6,19.5,60.9,64.0,9,1,84.6,65,7,AI,25,16,76.5,LOW
PROJ-0060,62.9,13.5,56.3,76.2,5,1,87.0,38,3,Research,21,16,18.5,MEDIUM
PROJ-0061,72.9,10.5,62.2,18.5,22,1,35.7,56,3,Web,27,5,49.5,MEDIUM
PROJ-0062,62.3,5.4,67.2,0.0,13,4,59.8,1,6,AI,13,0,55.6,HIGH
PROJ-0063,71.2,10.2,42.1,37.5,10,3,32.3,12,1,Research,16,6,0.0,HIGH
PROJ-0064,63.0,11.5,37.3,18.2,9,4,60.9,30,2,Web,11,2,32.8,HIGH
PROJ-0065,67.8,23.7,80.0,87.0,3,0,75.3,51,3,AI,23,20,100.0,LOW
PROJ-0066,71.2,11.9,61.9,60.0,2,4,0.3,4,2,AI,5,3,53.6,MEDIUM
PROJ-0067,81.8,18.7,,40.0,3,2,71.2,38,7,Research,5,2,,MEDIUM
PROJ-0068,81.9,9.1,62.5,55.6,8,1,76.4,75,7,IoT,18,10,9.9,MEDIUM
PROJ-0069,,8.0,52.3,25.0,6,3,42.8,35,5,IoT,8,2,19.3,HIGH
PROJ-0070,74.1,15.9,40.1,20.0,4,3,44.1,3,1,AI,5,1,14.6,HIGH
PROJ-0071,74.5,10.0,59.7,25.0,18,3,42.7,78,1,AI,24,6,64.2,MEDIUM
PROJ-0072,73.9,20.5,62.9,60.0,6,0,59.0,61,2,Research,15,9,72.7,LOW
PROJ-0073,71.2,18.3,84.2,60.0,4,3,81.1,30,5,Web,10,6,79.0,LOW
PROJ-0074,,19.8,68.1,100.0,0,0,68.6,40,5,AI,22,22,76.9,LOW
PROJ-0075,91.2,26.5,87.9,84.0,4,2,72.6,44,4,IoT,25,21,89.4,LOW
PROJ-0076,72.5,17.3,63.8,35.0,13,1,26.4,21,6,IoT,20,7,40.6,MEDIUM
PROJ-0077,81.0,29.2,65.7,32.0,17,1,48.7,75,4,IoT,25,8,62.5,LOW
PROJ-0078,83.3,18.8,71.5,42.9,16,6,51.8,59,3,Research,28,12,40.6,MEDIUM
PROJ-0079,62.1,12.1,79.7,36.0,16,2,41.3,23,3,IoT,25,9,47.6,MEDIUM
PROJ-0080,72.9,8.4,76.4,33.3,6,2,38.5,1,3,Research,9,3,35.9,HIGH
PROJ-0081,86.7,15.3,59.2,66.7,9,1,42.0,30,3,AI,27,18,56.9,MEDIUM
PROJ-0082,64.3,17.0,73.0,36.4,7,2,46.2,52,2,Mobile,11,4,43.9,MEDIUM
PROJ-0083,64.2,13.1,20.4,35.7,18,6,20.4,1,4,IoT,28,10,21.3,HIGH
PROJ-0084,100.0,22.5,68.9,75.0,2,3,73.6,37,2,Mobile,8,6,66.1,LOW
PROJ-0085,,14.4,55.8,60.0,6,3,33.4,53,7,IoT,15,9,30.6,MEDIUM
PROJ-0086,100.0,12.7,,50.0,6,0,75.9,70,7,Web,12,6,75.3,LOW
PROJ-0087,81.0,12.6,53.0,85.0,3,0,57.9,56,5,IoT,20,17,100.0,LOW
PROJ-0088,82.6,21.6,77.5,50.0,3,2,90.2,85,7,Web,6,3,73.0,LOW
PROJ-0089,86.7,10.4,36.5,38.1,13,8,51.7,1,3,Research,21,8,26.3,HIGH
PROJ-0090,66.1,1.0,44.3,14.8,23,4,21.1,2,4,Web,27,4,31.0,HIGH
PROJ-0091,72.5,10.9,27.8,33.3,18,3,56.7,10,6,Mobile,27,9,15.9,HIGH
PROJ-0092,76.7,18.6,76.7,63.0,10,0,74.0,1,4,Mobile,27,17,68.6,LOW
PROJ-0093,86.7,,76.5,50.0,4,0,54.1,50,7,Mobile,8,4,73.8,LOW
PROJ-0094,81.0,20.5,72.6,71.4,4,0,59.2,15,6,Research,14,10,79.2,LOW
PROJ-0095,80.1,20.1,83.5,81.8,4,3,59.8,28,7,Web,22,18,57.3,LOW
PROJ-0096,62.0,5.2,61.0,15.4,11,2,10.6,1,2,Web,13,2,31.7,HIGH
PROJ-0097,49.2,5.9,73.8,35.0,13,3,69.9,7,6,Web,20,7,25.5,MEDIUM
PROJ-0098,33.5,12.5,40.4,11.8,15,6,47.4,41,3,Web,17,2,,HIGH
PROJ-0099,91.6,21.2,65.9,64.3,5,2,61.9,56,1,IoT,14,9,100.0,LOW
PROJ-0100,62.1,15.8,91.6,70.6,5,3,78.6,37,6,Research,17,12,77.1,LOW
PROJ-0101,73.7,26.3,86.6,77.8,4,1,56.3,29,6,Mobile,18,14,69.9,LOW
PROJ-0102,87.5,20.8,78.5,80.0,1,0,,62,7,Mobile,5,4,76.9,LOW
PROJ-0103,65.0,1.0,70.3,76.5,4,6,55.5,74,5,IoT,17,13,92.1,MEDIUM
PROJ-0104,42.8,8.2,52.6,0.0,5,4,40.5,3,7,IoT,5,0,18.6,HIGH
PROJ-0105,79.8,13.9,66.3,96.6,1,0,55.2,69,1,IoT,29,28,71.5,LOW
PROJ-0106,99.7,26.8,,46.4,15,1,66.7,32,4,Web,28,13,75.5,LOW
PROJ-0107,100.0,22.8,61.2,70.4,8,0,83.0,51,7,Mobile,27,19,66.4,LOW
PROJ-0108,78.6,22.7,86.5,82.1,5,0,79.4,46,6,IoT,28,23,61.4,LOW
PROJ-0109,70.6,12.7,58.5,10.0,9,13,22.9,1,3,IoT,10,1,,HIGH
PROJ-0110,78.1,14.2,58.6,69.2,8,1,86.9,38,5,Research,26,18,62.1,LOW
PROJ-0111,,12.2,66.1,64.7,6,3,80.0,66,5,IoT,17,11,56.6,LOW
PROJ-0112,81.3,23.6,79.7,58.3,10,1,69.5,56,1,AI,24,14,49.2,LOW
PROJ-0113,56.4,9.0,34.2,11.8,15,2,7.2,48,1,IoT,17,2,8.7,HIGH
PROJ-0114,75.8,12.2,79.6,71.4,8,1,74.8,30,7,Research,28,20,65.6,LOW
PROJ-0115,100.0,12.4,65.6,30.0,7,2,21.6,40,3,AI,10,3,43.2,MEDIUM
PROJ-0116,60.7,20.6,43.6,21.7,18,5,0.0,1,2,IoT,23,5,17.8,HIGH
PROJ-0117,79.3,19.2,83.2,39.3,17,2,63.5,1,2,AI,28,11,30.3,MEDIUM
PROJ-0118,61.3,6.7,52.4,44.8,16,3,55.7,17,4,Mobile,29,13,74.5,MEDIUM
PROJ-0119,74.1,21.8,69.0,40.9,13,1,42.6,14,1,Research,22,9,78.8,LOW
PROJ-0120,48.9,16.5,82.6,41.7,7,3,51.7,38,6,Web,12,5,35.3,MEDIUM
PROJ-0121,80.3,12.4,75.2,80.0,3,2,66.8,18,3,Web,15,12,57.6,LOW
PROJ-0122,93.7,15.5,59.0,61.5,5,1,,18,6,IoT,13,8,89.6,LOW
PROJ-0123,80.0,3.4,57.4,33.3,6,4,28.8,33,6,Mobile,9,3,5.3,HIGH
PROJ-0124,70.6,18.2,72.3,47.1,9,1,64.9,65,3,Web,17,8,73.4,LOW
PROJ-0125,75.3,1.0,36.1,41.2,10,4,59.7,28,2,Mobile,17,7,45.9,MEDIUM
PROJ-0126,68.4,11.0,55.0,28.6,5,0,31.9,44,5,AI,7,2,36.0,HIGH
PROJ-0127,77.7,,,28.6,5,3,47.6,9,7,Web,7,2,48.1,MEDIUM
PROJ-0128,43.7,9.8,39.4,60.0,6,2,4.0,43,1,Mobile,15,9,13.4,HIGH
PROJ-0129,70.0,17.4,85.5,22.2,7,1,60.2,5,7,Web,9,2,25.1,MEDIUM
PROJ-0130,73.2,14.8,62.0,66.7,7,1,20.1,66,4,Mobile,21,14,50.8,MEDIUM
PROJ-0131,64.7,10.7,53.3,42.9,4,5,22.1,18,7,Web,7,3,13.3,HIGH
PROJ-0132,81.2,9.7,48.3,48.1,14,3,65.7,37,3,Web,27,13,5.3,MEDIUM
PROJ-0133,71.2,,63.3,42.3,15,0,20.4,4,7,Web,26,11,60.5,MEDIUM
PROJ-0134,79.9,30.9,,68.0,8,1,60.4,21,4,IoT,25,17,86.7,LOW
PROJ-0135,71.4,10.0,48.8,22.7,17,3,42.8,12,2,Research,22,5,34.5,HIGH
PROJ-0136,80.6,9.2,44.1,34.8,15,7,30.9,18,3,Web,23,8,27.7,HIGH
PROJ-0137,51.1,7.4,43.4,11.1,16,4,19.2,25,7,AI,18,2,0.0,HIGH
PROJ-0138,46.1,8.7,73.2,12.5,7,5,7.6,45,2,Mobile,8,1,24.2,HIGH
PROJ-0139,81.1,22.8,67.8,52.0,12,1,82.5,74,2,AI,25,13,71.8,LOW
PROJ-0140,100.0,15.2,62.2,80.0,4,1,,18,4,IoT,20,16,73.6,LOW
PROJ-0141,,8.1,84.2,38.9,11,3,29.6,44,6,AI,18,7,17.7,HIGH
PROJ-0142,31.1,15.8,71.3,0.0,14,5,17.9,20,2,AI,14,0,23.4,HIGH
PROJ-0143,,11.2,49.8,20.0,4,4,33.4,32,1,Mobile,5,1,13.6,HIGH
PROJ-0144,69.4,8.2,48.5,13.0,20,3,22.9,33,4,AI,23,3,2.8,HIGH
PROJ-0145,72.6,7.0,67.2,0.0,23,3,14.9,49,6,Web,23,0,0.0,HIGH
PROJ-0146,81.6,8.9,61.3,28.6,5,4,65.4,52,3,Mobile,7,2,26.5,MEDIUM
PROJ-0147,,10.3,82.4,33.3,4,1,62.9,19,4,AI,6,2,33.3,MEDIUM
PROJ-0148,77.5,10.4,,20.0,4,6,57.4,22,4,Mobile,5,1,34.3,HIGH
PROJ-0149,78.1,8.8,75.2,58.3,5,2,30.1,13,2,AI,12,7,44.3,MEDIUM
PROJ-0150,53.2,12.5,61.8,44.8,16,2,61.7,58,5,Research,29,13,34.7,MEDIUM
PROJ-0151,87.1,29.9,71.6,81.8,2,1,89.6,62,5,Mobile,11,9,87.9,LOW
PROJ-0152,80.0,14.2,66.9,33.3,4,6,64.8,36,2,Web,6,2,31.6,HIGH
PROJ-0153,65.5,7.9,45.8,29.6,19,5,38.4,1,1,Web,27,8,10.9,HIGH
PROJ-0154,35.5,9.9,47.5,59.1,9,4,14.5,12,7,Research,22,13,18.8,HIGH
PROJ-0155,80.1,18.9,43.7,20.0,20,1,72.3,40,1,Web,25,5,47.6,MEDIUM
PROJ-0156,77.3,19.2,72.3,57.9,8,2,73.1,24,6,IoT,19,11,58.3,LOW
PROJ-0157,80.4,14.4,57.8,55.6,4,3,81.7,54,1,Web,9,5,65.9,MEDIUM
PROJ-0158,80.9,11.3,60.0,40.0,6,3,81.1,25,3,IoT,10,4,62.5,MEDIUM
PROJ-0159,52.5,13.2,53.2,45.8,13,5,29.4,2,4,AI,24,11,56.9,HIGH
PROJ-0160,,21.0,91.5,81.0,4,0,69.8,23,1,Mobile,21,17,79.9,LOW
PROJ-0161,43.4,21.1,47.8,48.0,13,4,54.1,14,6,Research,25,12,55.7,MEDIUM
PROJ-0162,72.9,3.1,65.9,40.0,9,5,46.1,45,7,Web,15,6,37.8,MEDIUM
PROJ-0163,88.7,12.4,85.7,71.4,2,1,61.5,44,5,IoT,7,5,87.3,LOW
PROJ-0164,81.4,25.7,74.4,72.4,8,0,57.5,54,4,AI,29,21,87.4,LOW
PROJ-0165,85.5,30.7,56.2,57.7,11,3,58.5,57,3,Web,26,15,53.4,LOW
PROJ-0166,64.6,13.7,67.6,3.8,25,3,45.1,42,6,Mobile,26,1,22.9,HIGH
PROJ-0167,86.9,17.2,88.8,65.4,9,1,77.2,16,5,IoT,26,17,56.7,LOW
PROJ-0168,71.3,28.5,49.8,59.3,11,3,47.1,39,5,Mobile,27,16,64.8,LOW
PROJ-0169,61.7,22.6,61.8,29.4,12,1,2.7,52,7,Mobile,17,5,60.8,MEDIUM
PROJ-0170,88.6,19.5,45.0,54.5,5,1,27.6,32,1,IoT,11,6,33.9,MEDIUM
PROJ-0171,73.3,10.3,49.7,52.2,11,1,18.7,25,5,Mobile,23,12,63.8,HIGH
PROJ-0172,34.3,18.5,79.0,40.0,3,3,28.0,40,2,Web,5,2,29.8,MEDIUM
PROJ-0173,85.3,8.2,50.6,50.0,14,5,22.6,1,2,AI,28,14,62.3,MEDIUM
PROJ-0174,62.2,22.2,62.2,44.4,10,1,61.5,18,5,Mobile,18,8,59.9,MEDIUM
PROJ-0175,66.8,18.1,61.8,60.0,2,1,32.3,57,3,Web,5,3,80.2,LOW
PROJ-0176,78.6,10.9,62.4,41.4,17,1,52.1,36,1,IoT,29,12,65.0,MEDIUM
PROJ-0177,65.0,6.2,12.9,42.1,11,4,28.2,31,2,Research,19,8,4.1,HIGH
PROJ-0178,50.0,12.6,32.4,8.3,11,4,40.9,16,5,Web,12,1,35.4,HIGH
PROJ-0179,78.1,22.4,74.0,33.3,4,1,89.4,47,1,Mobile,6,2,62.0,LOW
PROJ-0180,53.4,11.0,75.6,71.4,4,1,44.9,27,4,Web,14,10,55.4,MEDIUM
PROJ-0181,71.7,14.6,64.7,13.6,19,4,13.3,17,7,Research,22,3,35.7,HIGH
PROJ-0182,59.4,11.4,54.0,28.0,18,2,48.5,16,7,Web,25,7,15.1,MEDIUM
PROJ-0183,71.2,15.7,51.7,42.9,4,4,68.1,11,1,AI,7,3,35.6,MEDIUM
PROJ-0184,67.8,31.4,89.2,66.7,4,2,72.9,17,7,Research,12,8,74.5,LOW
PROJ-0185,74.5,17.5,67.4,50.0,4,2,52.7,30,3,AI,8,4,,MEDIUM
PROJ-0186,65.2,7.8,64.5,28.0,18,4,43.4,13,4,IoT,25,7,16.0,HIGH
PROJ-0187,44.6,7.2,53.4,27.3,8,5,30.1,24,6,IoT,11,3,22.6,HIGH
PROJ-0188,61.1,1.0,45.5,0.0,6,5,48.2,29,4,Research,6,0,21.2,HIGH
PROJ-0189,88.4,15.9,83.1,64.7,6,0,72.9,68,2,Web,17,11,82.6,LOW
PROJ-0190,47.1,7.5,50.0,47.1,9,1,83.3,39,2,AI,17,8,66.4,MEDIUM
PROJ-0191,70.7,14.3,66.6,59.1,9,0,89.3,56,6,Web,22,13,100.0,LOW
PROJ-0192,59.3,4.4,,11.8,15,5,42.4,1,4,IoT,17,2,9.0,HIGH
PROJ-0193,50.2,9.0,32.2,50.0,8,4,31.2,12,3,Mobile,16,8,31.9,HIGH
PROJ-0194,66.7,16.0,41.3,32.1,19,2,27.2,40,7,Web,28,9,0.0,HIGH
PROJ-0195,90.4,13.3,83.0,76.0,6,1,50.3,47,5,Mobile,25,19,51.4,MEDIUM
PROJ-0196,82.8,23.4,65.3,84.6,2,2,,36,2,Research,13,11,62.6,LOW
PROJ-0197,79.2,13.2,75.1,68.4,6,1,73.2,42,6,AI,19,13,62.2,LOW
PROJ-0198,68.6,14.6,40.5,19.2,21,2,16.4,45,7,AI,26,5,48.7,MEDIUM
PROJ-0199,34.0,4.4,42.2,33.3,12,2,,39,5,Research,18,6,24.2,HIGH
PROJ-0200,36.5,14.4,38.4,50.0,11,3,34.8,33,3,Research,22,11,12.3,HIGH
PROJ-0201,92.7,2.0,47.2,21.1,15,4,26.3,8,3,Mobile,19,4,40.7,HIGH
PROJ-0202,93.5,25.2,69.8,55.0,9,3,57.9,67,1,IoT,20,11,60.0,LOW
PROJ-0203,66.6,14.2,46.2,50.0,7,1,37.6,25,3,Mobile,14,7,44.1,MEDIUM
PROJ-0204,46.4,8.2,53.5,27.3,8,3,70.2,21,4,IoT,11,3,36.2,HIGH
PROJ-0205,70.6,11.8,66.8,57.1,6,5,66.4,46,7,AI,14,8,17.2,MEDIUM
PROJ-0206,58.9,17.8,73.0,62.5,9,4,54.9,32,5,IoT,24,15,50.5,MEDIUM
PROJ-0207,60.1,13.0,72.9,50.0,14,4,47.8,46,1,IoT,28,14,0.0,MEDIUM
PROJ-0208,,8.9,37.7,0.0,27,7,28.1,22,5,Research,27,0,27.7,HIGH
PROJ-0209,74.8,13.0,51.4,0.0,6,4,36.3,37,5,AI,6,0,38.9,HIGH
PROJ-0210,84.2,13.2,54.1,68.8,5,2,55.6,49,3,IoT,16,11,84.8,LOW
PROJ-0211,74.0,12.5,69.4,44.4,10,0,69.1,21,7,Web,18,8,57.1,MEDIUM
PROJ-0212,87.7,28.0,86.3,66.7,4,1,91.8,45,2,Mobile,12,8,61.3,LOW
PROJ-0213,40.5,12.0,36.8,37.5,5,4,10.5,2,7,IoT,8,3,0.3,HIGH
PROJ-0214,66.1,11.4,52.8,45.5,6,2,67.9,58,4,Research,11,5,,MEDIUM
PROJ-0215,46.9,1.0,74.7,9.1,10,8,32.6,28,7,AI,11,1,11.6,HIGH
PROJ-0216,59.7,12.6,63.7,43.8,9,2,27.1,49,5,Research,16,7,32.5,MEDIUM
PROJ-0217,51.4,18.4,63.1,18.2,9,2,21.9,26,1,Web,11,2,,HIGH
PROJ-0218,71.4,18.2,73.8,86.7,2,1,100.0,77,6,Mobile,15,13,67.2,LOW
PROJ-0219,85.3,10.2,63.3,23.8,16,7,32.9,14,6,Research,21,5,58.8,HIGH
PROJ-0220,87.2,31.7,91.4,73.7,5,4,65.9,57,1,Research,19,14,,LOW
PROJ-0221,91.9,29.5,74.7,100.0,0,0,81.6,72,5,Research,14,14,89.3,LOW
PROJ-0222,65.0,19.0,90.3,68.8,5,2,89.3,50,3,Mobile,16,11,54.2,LOW
PROJ-0223,78.1,8.7,64.2,20.0,4,8,50.6,40,2,Web,5,1,29.6,HIGH
PROJ-0224,53.8,17.1,62.3,55.6,12,2,34.8,32,6,IoT,27,15,56.0,MEDIUM
PROJ-0225,83.1,21.2,74.3,77.8,2,1,99.4,43,4,Web,9,7,30.3,LOW
PROJ-0226,63.1,21.0,58.3,50.0,14,3,34.9,60,5,Web,28,14,86.4,MEDIUM
PROJ-0227,62.2,5.3,73.4,70.8,7,2,74.5,30,5,Research,24,17,68.0,MEDIUM
PROJ-0228,70.0,9.7,54.2,53.6,13,0,58.3,28,3,AI,28,15,22.9,MEDIUM
PROJ-0229,85.1,14.7,79.0,63.6,4,1,67.3,21,7,Web,11,7,86.5,LOW
PROJ-0230,71.9,23.3,79.6,60.0,2,0,43.7,48,5,AI,5,3,43.8,MEDIUM
PROJ-0231,70.9,11.8,77.3,69.2,4,2,62.6,53,6,Research,13,9,57.5,LOW
PROJ-0232,62.1,1.0,67.6,0.0,12,5,68.8,11,5,Research,12,0,48.3,HIGH
PROJ-0233,69.9,30.5,100.0,95.8,1,2,55.9,44,7,Research,24,23,68.0,LOW
PROJ-0234,69.7,,30.5,16.7,5,2,4.5,35,4,Mobile,6,1,36.1,HIGH
PROJ-0235,74.7,12.6,82.2,81.2,3,1,78.6,46,4,Mobile,16,13,70.8,LOW
PROJ-0236,56.8,5.7,41.8,66.7,2,5,48.5,55,1,IoT,6,4,48.4,MEDIUM
PROJ-0237,78.8,17.1,61.3,20.0,12,4,75.2,78,6,IoT,15,3,63.9,MEDIUM
PROJ-0238,93.6,,92.0,79.3,6,1,68.1,47,4,AI,29,23,30.1,LOW
PROJ-0239,68.7,6.9,53.7,57.1,12,1,68.4,77,4,AI,28,16,39.1,MEDIUM
PROJ-0240,68.1,11.3,46.9,41.7,7,1,31.3,56,3,IoT,12,5,38.8,HIGH
PROJ-0241,67.7,23.8,77.7,81.0,4,3,100.0,24,1,Research,21,17,73.3,LOW
PROJ-0242,77.7,17.9,40.9,56.5,10,3,70.7,63,2,Research,23,13,74.3,LOW
PROJ-0243,64.1,7.2,36.1,14.3,18,3,56.4,31,3,Mobile,21,3,15.7,HIGH
PROJ-0244,75.2,16.7,53.8,4.8,20,0,12.0,37,6,AI,21,1,23.3,HIGH
PROJ-0245,87.3,17.2,81.2,88.9,2,1,93.7,11,3,IoT,18,16,65.2,LOW
PROJ-0246,67.2,18.5,77.0,75.0,6,2,,64,5,Research,24,18,63.3,MEDIUM
PROJ-0247,90.3,12.5,73.6,50.0,13,5,60.9,54,2,Mobile,26,13,56.9,MEDIUM
PROJ-0248,84.7,,64.5,93.1,2,2,83.7,67,1,Research,29,27,65.2,LOW
PROJ-0249,52.8,8.8,71.8,68.2,7,4,43.8,64,5,Mobile,22,15,71.1,MEDIUM
PROJ-0250,64.1,,46.4,25.0,21,3,14.6,25,2,Web,28,7,37.9,HIGH
PROJ-0251,38.7,5.2,62.1,46.4,15,5,34.0,17,4,Mobile,28,13,0.0,HIGH
PROJ-0252,80.9,2.7,62.2,7.1,26,4,7.6,26,4,Mobile,28,2,19.0,HIGH
PROJ-0253,83.9,22.6,79.1,61.1,7,1,83.0,27,6,Web,18,11,65.2,LOW
PROJ-0254,78.0,18.0,80.7,80.0,3,1,94.1,90,4,Mobile,15,12,57.2,LOW
PROJ-0255,52.4,11.6,46.8,38.1,13,2,50.2,1,7,Research,21,8,50.5,MEDIUM
PROJ-0256,84.2,26.0,63.4,80.0,2,0,79.2,46,1,Research,10,8,54.8,LOW
PROJ-0257,60.1,11.3,74.6,25.0,9,5,4.6,30,2,Research,12,3,14.7,HIGH
PROJ-0258,71.2,12.1,77.8,50.0,4,3,39.2,28,5,IoT,8,4,37.7,MEDIUM
PROJ-0259,72.4,12.9,60.9,60.0,6,0,62.9,55,6,Web,15,9,79.5,LOW
PROJ-0260,72.1,13.4,65.6,69.0,9,1,55.3,65,6,IoT,29,20,80.5,LOW
PROJ-0261,82.9,18.3,100.0,69.6,7,2,90.4,38,1,Research,23,16,79.3,LOW
PROJ-0262,60.6,10.6,79.7,42.9,8,1,18.7,25,4,Research,14,6,63.7,MEDIUM
PROJ-0263,89.6,10.3,74.4,44.4,5,3,43.1,19,5,AI,9,4,41.5,MEDIUM
PROJ-0264,75.8,7.6,64.7,39.1,14,2,33.3,22,1,AI,23,9,67.8,HIGH
PROJ-0265,91.3,28.0,69.3,57.1,3,2,53.7,33,4,Mobile,7,4,58.9,LOW
PROJ-0266,79.1,9.3,76.4,61.9,8,2,45.5,1,7,IoT,21,13,50.5,MEDIUM
PROJ-0267,100.0,23.5,67.7,40.0,3,2,51.9,3,4,Mobile,5,2,54.6,MEDIUM
PROJ-0268,79.8,16.0,75.7,64.3,10,3,63.9,37,3,Web,28,18,62.0,MEDIUM
PROJ-0269,71.4,14.9,,50.0,14,4,33.5,37,3,IoT,28,14,47.8,MEDIUM
PROJ-0270,85.0,22.6,74.6,96.0,1,0,66.0,34,3,Web,25,24,59.6,LOW
PROJ-0271,70.9,17.8,70.6,71.4,2,0,59.0,38,6,AI,7,5,70.8,LOW
PROJ-0272,82.8,16.3,71.6,100.0,0,2,62.6,39,4,IoT,11,11,75.9,LOW
PROJ-0273,68.4,6.8,45.9,22.2,7,5,12.0,20,5,Web,9,2,46.9,HIGH
PROJ-0274,84.4,7.0,98.9,85.7,3,2,66.1,68,4,Web,21,18,57.8,LOW
PROJ-0275,69.9,10.5,68.1,70.6,5,3,47.1,7,6,Web,17,12,32.5,MEDIUM
PROJ-0276,79.5,1.0,63.6,46.2,7,4,42.0,27,3,Web,13,6,51.0,MEDIUM
PROJ-0277,100.0,24.3,60.4,88.9,1,0,77.5,64,4,Mobile,9,8,95.8,LOW
PROJ-0278,71.4,17.1,68.6,45.5,6,1,39.0,18,1,IoT,11,5,49.9,MEDIUM
PROJ-0279,53.0,17.3,41.7,33.3,4,4,25.6,29,1,Research,6,2,32.3,HIGH
PROJ-0280,71.6,19.2,74.2,52.2,11,2,67.2,57,2,IoT,23,12,74.7,LOW
PROJ-0281,65.8,4.0,,33.3,12,6,35.6,21,7,Mobile,18,6,14.2,HIGH
PROJ-0282,62.0,16.1,52.2,40.0,3,3,14.3,29,1,Mobile,5,2,28.3,HIGH
PROJ-0283,72.2,13.9,75.0,69.2,4,0,59.5,53,5,Web,13,9,,LOW
PROJ-0284,68.3,17.3,68.5,30.8,18,0,78.4,43,3,Research,26,8,78.3,LOW
PROJ-0285,78.7,28.4,83.6,66.7,9,0,42.6,19,6,IoT,27,18,81.9,LOW
PROJ-0286,68.7,4.1,67.7,0.0,8,3,27.7,21,5,AI,8,0,11.7,HIGH
PROJ-0287,69.6,16.8,75.8,78.9,4,4,,44,2,Web,19,15,67.7,LOW
PROJ-0288,85.5,8.5,57.3,40.0,15,1,42.1,16,3,IoT,25,10,48.7,MEDIUM
PROJ-0289,58.6,10.3,62.7,64.0,9,1,25.0,27,5,Research,25,16,55.3,MEDIUM
PROJ-0290,84.5,19.9,81.8,70.0,6,1,66.9,74,6,Research,20,14,73.0,LOW
PROJ-0291,96.8,22.8,82.0,90.0,2,0,74.6,28,3,Research,20,18,98.7,LOW
PROJ-0292,86.0,19.7,49.8,50.0,14,2,67.3,28,2,Web,28,14,35.1,MEDIUM
PROJ-0293,64.1,10.6,32.8,40.9,13,5,61.6,37,3,Web,22,9,25.5,MEDIUM
PROJ-0294,71.0,16.0,63.7,50.0,13,2,58.1,30,4,AI,26,13,52.3,MEDIUM
PROJ-0295,74.4,13.6,49.1,55.2,13,3,32.9,36,4,Web,29,16,28.7,MEDIUM
PROJ-0296,81.8,20.9,80.4,88.5,3,1,37.9,58,5,AI,26,23,40.5,LOW
PROJ-0297,94.6,6.0,70.3,42.9,4,1,41.3,34,2,Mobile,7,3,44.0,MEDIUM
PROJ-0298,81.0,9.0,53.7,44.4,10,4,48.0,24,5,IoT,18,8,21.4,MEDIUM
PROJ-0299,50.6,11.5,32.0,12.0,22,7,14.2,28,7,Research,25,3,21.8,HIGH
PROJ-0300,89.6,16.2,67.8,82.4,3,1,65.1,58,5,AI,17,14,77.2,LOW
PROJ-0301,71.4,25.7,73.8,66.7,5,0,82.2,59,7,Mobile,15,10,51.2,LOW
PROJ-0302,59.0,19.5,76.9,76.2,5,1,66.7,18,7,IoT,21,16,63.3,LOW
PROJ-0303,81.5,14.7,64.2,52.0,12,2,,44,2,Mobile,25,13,,MEDIUM
PROJ-0304,74.4,,55.8,53.8,6,1,63.5,49,7,IoT,13,7,53.2,LOW
PROJ-0305,84.1,19.4,85.6,22.2,14,3,49.9,1,5,AI,18,4,57.8,MEDIUM
PROJ-0306,66.5,10.1,51.2,3.8,25,4,53.6,29,3,Research,26,1,35.3,HIGH
PROJ-0307,50.5,11.4,42.7,25.0,18,8,40.7,61,5,IoT,24,6,37.7,HIGH
PROJ-0308,100.0,19.9,65.1,34.8,15,3,51.2,47,6,AI,23,8,50.1,MEDIUM
PROJ-0309,87.9,23.1,78.2,53.3,7,0,49.4,46,2,Web,15,8,84.3,LOW
PROJ-0310,68.1,20.0,67.4,55.0,9,3,37.8,1,1,Research,20,11,52.6,MEDIUM
PROJ-0311,87.2,24.0,41.7,50.0,5,4,20.0,21,4,Mobile,10,5,26.5,MEDIUM
PROJ-0312,55.7,2.9,40.6,23.8,16,6,48.8,18,2,Mobile,21,5,64.9,HIGH
PROJ-0313,77.9,18.1,52.5,61.1,7,5,66.7,1,5,Research,18,11,60.3,MEDIUM
PROJ-0314,65.9,12.1,61.5,40.0,6,0,34.5,12,2,Research,10,4,18.9,HIGH
PROJ-0315,77.7,26.7,76.9,80.0,1,1,85.5,12,5,Research,5,4,71.9,LOW
PROJ-0316,72.0,22.0,85.1,68.4,6,0,68.7,20,2,AI,19,13,75.2,LOW
PROJ-0317,80.1,17.7,,44.0,14,2,46.3,40,2,IoT,25,11,47.7,MEDIUM
PROJ-0318,77.8,21.2,43.4,71.4,2,2,43.8,18,2,IoT,7,5,26.7,MEDIUM
PROJ-0319,57.2,5.3,59.3,35.0,13,8,17.2,32,2,Mobile,20,7,0.0,HIGH
PROJ-0320,,16.8,68.0,13.0,20,1,42.8,8,5,Web,23,3,33.8,HIGH
PROJ-0321,73.8,9.7,36.9,30.0,14,5,,39,5,Mobile,20,6,24.7,HIGH
PROJ-0322,67.9,11.2,,0.0,8,5,33.9,31,1,Research,8,0,31.5,HIGH
PROJ-0323,69.6,5.6,66.8,50.0,4,6,58.5,19,7,Mobile,8,4,63.2,MEDIUM
PROJ-0324,64.6,14.5,53.7,60.0,6,3,43.0,44,3,Research,15,9,56.0,MEDIUM
PROJ-0325,97.5,18.6,70.4,69.2,8,0,,35,3,Web,26,18,52.7,LOW
PROJ-0326,,10.6,99.5,78.3,5,1,82.9,58,5,IoT,23,18,68.1,LOW
PROJ-0327,68.9,23.4,,50.0,9,6,41.7,27,5,AI,18,9,34.9,MEDIUM
PROJ-0328,77.1,22.8,71.1,40.0,3,1,57.1,26,1,Research,5,2,62.4,LOW
PROJ-0329,43.6,1.0,51.0,32.0,17,4,53.5,28,7,Mobile,25,8,6.2,HIGH
PROJ-0330,48.5,6.0,65.0,9.1,10,2,18.5,16,7,IoT,11,1,32.9,HIGH
PROJ-0331,52.5,16.4,21.4,12.5,7,3,2.8,15,1,Mobile,8,1,51.0,HIGH
PROJ-0332,85.3,24.4,59.8,81.8,2,1,71.9,29,6,IoT,11,9,52.3,LOW
PROJ-0333,66.9,10.7,66.0,23.5,13,5,40.3,1,3,Web,17,4,23.4,HIGH
PROJ-0334,66.3,22.7,84.4,69.0,9,2,56.3,60,2,AI,29,20,84.3,LOW
PROJ-0335,67.8,29.2,81.4,60.0,8,1,56.3,75,4,Mobile,20,12,54.0,LOW
PROJ-0336,,20.3,72.5,85.7,4,2,76.9,46,2,Research,28,24,50.2,LOW
PROJ-0337,78.9,15.0,67.5,69.2,8,3,96.9,67,2,AI,26,18,51.3,LOW
PROJ-0338,77.9,22.2,67.7,83.3,1,0,92.2,39,1,Research,6,5,35.5,LOW
PROJ-0339,70.8,13.1,35.3,0.0,5,4,34.0,23,4,Mobile,5,0,26.6,HIGH
PROJ-0340,87.5,30.3,90.5,54.5,10,1,70.2,83,3,AI,22,12,66.3,LOW
PROJ-0341,60.1,10.8,35.3,31.6,13,3,9.8,29,7,Mobile,19,6,15.4,HIGH
PROJ-0342,56.2,6.6,77.3,40.7,16,4,32.7,7,4,Research,27,11,35.7,HIGH
PROJ-0343,90.4,18.7,81.3,89.7,3,0,72.8,49,2,AI,29,26,71.0,LOW
PROJ-0344,57.6,16.0,69.3,57.1,6,3,28.6,28,7,IoT,14,8,73.2,MEDIUM
PROJ-0345,,10.3,9.9,21.1,15,1,41.5,14,1,IoT,19,4,27.2,HIGH
PROJ-0346,58.4,11.1,66.5,20.0,4,4,47.6,21,6,Web,5,1,11.2,HIGH
PROJ-0347,80.0,6.2,48.0,16.7,5,2,35.6,3,4,Web,6,1,39.0,HIGH
PROJ-0348,63.7,14.2,63.3,42.9,12,4,71.7,14,3,Web,21,9,39.5,MEDIUM
PROJ-0349,74.1,11.3,50.0,30.0,14,1,54.2,29,3,IoT,20,6,34.2,MEDIUM
PROJ-0350,,16.2,75.7,61.5,10,2,18.6,45,5,IoT,26,16,60.4,MEDIUM
PROJ-0351,58.8,18.8,60.9,37.5,10,5,90.4,42,3,IoT,16,6,46.5,MEDIUM
PROJ-0352,64.6,4.4,78.7,8.3,11,4,8.6,42,3,Research,12,1,34.0,HIGH
PROJ-0353,71.1,11.8,80.8,80.0,1,2,68.4,49,7,AI,5,4,52.7,LOW
PROJ-0354,79.9,24.8,81.4,62.5,9,1,74.9,26,5,IoT,24,15,82.7,LOW
PROJ-0355,53.9,7.2,43.4,23.1,10,5,43.7,3,7,Web,13,3,6.9,HIGH
PROJ-0356,100.0,14.6,80.3,92.3,2,1,72.2,44,4,IoT,26,24,68.2,LOW
PROJ-0357,59.4,17.2,55.0,50.0,7,0,52.2,63,7,Mobile,14,7,36.6,MEDIUM
PROJ-0358,85.1,25.0,68.0,85.7,3,0,70.6,37,2,Mobile,21,18,92.4,LOW
PROJ-0359,79.8,,86.0,66.7,5,0,73.3,72,1,AI,15,10,72.5,LOW
PROJ-0360,63.9,18.4,86.4,69.2,8,1,84.9,35,1,Research,26,18,85.8,MEDIUM
PROJ-0361,79.5,19.9,74.5,33.3,4,0,60.4,51,6,IoT,6,2,68.5,LOW
PROJ-0362,83.0,8.7,71.1,60.0,8,2,74.2,76,6,Mobile,20,12,,LOW
PROJ-0363,47.3,16.1,39.6,33.3,6,2,36.5,25,5,IoT,9,3,26.8,HIGH
PROJ-0364,75.0,12.4,90.0,40.0,3,4,33.3,51,7,Mobile,5,2,46.7,MEDIUM
PROJ-0365,94.5,19.1,81.9,83.3,3,2,54.8,44,3,IoT,18,15,43.5,LOW
PROJ-0366,74.5,18.3,83.1,65.4,9,1,22.8,50,6,AI,26,17,56.2,MEDIUM
PROJ-0367,70.5,16.8,78.0,50.0,5,2,87.4,68,2,Research,10,5,56.9,LOW
PROJ-0368,64.4,24.3,80.8,46.4,15,1,92.4,22,1,Research,28,13,78.3,LOW
PROJ-0369,86.9,19.7,52.1,47.4,10,0,99.7,34,5,Research,19,9,69.5,LOW
PROJ-0370,53.5,15.9,46.6,40.0,15,3,42.5,64,5,Web,25,10,6.7,HIGH
PROJ-0371,72.1,13.1,58.1,8.3,11,1,49.6,49,1,IoT,12,1,14.5,HIGH
PROJ-0372,61.0,7.8,52.1,40.0,9,8,37.9,1,1,AI,15,6,32.4,HIGH
PROJ-0373,99.7,37.2,,40.0,9,0,72.1,1,5,Research,15,6,72.6,LOW
PROJ-0374,84.4,9.9,87.3,22.2,7,2,75.1,28,1,Research,9,2,25.8,MEDIUM
PROJ-0375,96.4,14.3,58.2,44.4,5,5,46.7,8,5,Web,9,4,41.0,MEDIUM
PROJ-0376,61.2,,42.9,20.0,20,5,20.0,26,2,IoT,25,5,38.7,HIGH
PROJ-0377,76.0,5.3,60.8,35.7,9,3,53.6,9,7,Mobile,14,5,58.6,MEDIUM
PROJ-0378,66.8,16.4,76.8,57.1,6,2,63.4,27,7,AI,14,8,61.1,LOW
PROJ-0379,71.8,17.1,69.2,63.6,4,2,41.8,51,7,IoT,11,7,57.4,LOW
PROJ-0380,60.5,6.2,34.1,18.2,9,6,30.7,30,6,Research,11,2,22.8,HIGH
PROJ-0381,60.9,7.6,62.5,42.9,4,7,42.9,1,7,Mobile,7,3,40.2,HIGH
PROJ-0382,55.4,1.0,52.8,33.3,12,4,0.9,43,4,Web,18,6,47.0,HIGH
PROJ-0383,72.7,27.8,98.2,68.2,7,4,75.4,58,3,Research,22,15,24.0,MEDIUM
PROJ-0384,67.6,9.2,84.9,71.4,2,3,,30,2,Web,7,5,28.5,MEDIUM
PROJ-0385,86.9,26.9,71.4,57.9,8,1,76.6,13,6,AI,19,11,72.6,LOW
PROJ-0386,81.0,23.6,77.9,88.9,2,1,76.1,27,5,AI,18,16,55.7,LOW
PROJ-0387,71.7,1.0,58.4,6.7,14,3,,52,5,AI,15,1,28.0,HIGH
PROJ-0388,82.2,18.8,73.1,66.7,2,1,68.0,27,1,Web,6,4,76.5,LOW
PROJ-0389,76.2,23.8,72.3,53.3,7,0,62.9,61,7,Web,15,8,53.7,LOW
PROJ-0390,70.3,6.4,73.3,37.5,5,1,35.7,24,7,Mobile,8,3,39.8,MEDIUM
PROJ-0391,74.7,20.5,79.7,58.3,10,0,42.1,43,1,AI,24,14,81.7,LOW
PROJ-0392,77.2,14.7,10.8,16.7,5,5,44.2,15,6,IoT,6,1,34.3,HIGH
PROJ-0393,78.9,14.0,63.3,23.8,16,4,48.1,37,1,AI,21,5,39.1,MEDIUM
PROJ-0394,75.5,23.3,72.4,57.1,6,1,75.2,48,3,Mobile,14,8,79.6,LOW
PROJ-0395,88.3,25.5,64.3,55.6,12,1,67.4,89,2,IoT,27,15,60.0,LOW
PROJ-0396,73.1,18.0,69.9,36.4,14,1,50.5,1,7,Research,22,8,48.6,MEDIUM
PROJ-0397,75.6,29.5,83.8,56.0,11,0,76.3,20,1,IoT,25,14,58.7,LOW
PROJ-0398,87.8,16.9,83.7,35.7,18,1,58.4,52,3,Web,28,10,73.1,LOW
PROJ-0399,55.3,9.8,56.4,35.7,9,2,16.7,39,2,Web,14,5,29.6,HIGH
PROJ-0400,62.2,9.4,46.9,50.0,3,4,54.8,36,7,IoT,6,3,52.7,MEDIUM
PROJ-0401,92.0,17.1,85.1,60.0,2,1,,33,5,Mobile,5,3,48.4,LOW
PROJ-0402,,3.7,35.0,30.0,7,2,35.9,28,7,Mobile,10,3,45.4,HIGH
PROJ-0403,86.6,19.7,66.4,61.1,7,1,68.4,68,2,Research,18,11,81.4,LOW
PROJ-0404,86.2,14.3,77.5,27.3,8,5,22.0,58,5,AI,11,3,57.2,MEDIUM
PROJ-0405,66.4,6.4,76.8,53.6,13,3,26.3,45,5,Web,28,15,18.3,HIGH
PROJ-0406,,12.9,62.2,30.8,9,1,76.5,25,1,AI,13,4,73.6,MEDIUM
PROJ-0407,67.4,12.9,78.8,66.7,2,4,39.2,34,7,IoT,6,4,40.6,MEDIUM
PROJ-0408,77.6,23.3,68.5,83.3,4,0,71.0,58,2,Mobile,24,20,93.5,LOW
PROJ-0409,100.0,19.1,64.4,62.5,9,2,59.2,49,5,IoT,24,15,81.9,LOW
PROJ-0410,79.2,8.7,64.2,43.5,13,2,48.8,17,3,Web,23,10,18.8,MEDIUM
PROJ-0411,79.2,14.5,72.3,75.0,2,1,84.6,50,7,Web,8,6,46.8,LOW
PROJ-0412,85.1,13.9,67.6,40.7,16,3,38.8,51,5,IoT,27,11,30.1,MEDIUM
PROJ-0413,57.4,12.8,66.1,40.0,15,3,66.2,49,6,Web,25,10,,MEDIUM
PROJ-0414,64.0,15.7,,72.0,7,1,74.4,56,4,Research,25,18,50.0,LOW
PROJ-0415,89.1,16.7,63.1,50.0,10,0,36.1,53,7,Mobile,20,10,54.0,LOW
PROJ-0416,43.0,15.2,40.7,44.4,10,6,44.0,34,7,AI,18,8,13.0,HIGH
PROJ-0417,81.3,25.4,68.6,72.4,8,3,55.4,54,4,Web,29,21,,LOW
PROJ-0418,53.2,11.6,20.7,28.0,18,2,2.2,3,4,Mobile,25,7,0.0,HIGH
PROJ-0419,47.3,5.1,55.2,33.3,6,2,42.5,26,2,Web,9,3,35.1,HIGH
PROJ-0420,90.2,10.3,76.1,25.0,18,4,41.6,90,2,Mobile,24,6,32.4,MEDIUM
PROJ-0421,79.7,12.4,43.6,60.0,2,2,47.5,14,4,Web,5,3,37.4,MEDIUM
PROJ-0422,,9.1,61.0,40.0,12,1,79.8,25,1,Web,20,8,41.3,MEDIUM
PROJ-0423,79.7,3.4,73.0,46.2,7,5,49.3,1,1,Web,13,6,60.9,MEDIUM
PROJ-0424,98.4,28.8,40.0,75.0,2,1,66.4,50,5,IoT,8,6,60.9,LOW
PROJ-0425,70.1,7.3,64.0,45.8,13,3,50.6,26,6,Research,24,11,17.6,MEDIUM
PROJ-0426,50.6,2.1,25.9,0.0,18,8,56.8,40,7,Mobile,18,0,36.4,HIGH
PROJ-0427,85.8,11.0,79.3,70.8,7,1,78.8,31,2,IoT,24,17,61.0,LOW
PROJ-0428,80.3,20.2,52.1,66.7,2,1,82.1,54,1,AI,6,4,84.4,LOW
PROJ-0429,72.8,13.2,13.4,15.0,17,4,39.1,51,2,IoT,20,3,32.3,HIGH
PROJ-0430,92.1,17.6,70.8,92.9,1,0,45.7,43,1,IoT,14,13,66.8,LOW
PROJ-0431,64.9,27.0,73.4,42.1,11,1,48.9,47,7,Web,19,8,55.4,LOW
PROJ-0432,46.9,14.0,41.2,23.8,16,4,72.5,1,7,Web,21,5,40.4,HIGH
PROJ-0433,66.3,19.6,83.6,13.6,19,3,62.4,36,2,Mobile,22,3,71.6,MEDIUM
PROJ-0434,51.4,14.5,,50.0,4,2,86.8,38,1,AI,8,4,43.2,MEDIUM
PROJ-0435,69.1,11.4,54.2,40.0,12,0,66.5,19,3,AI,20,8,52.0,MEDIUM
PROJ-0436,75.3,20.9,61.1,50.0,5,1,8.2,1,4,Web,10,5,22.8,MEDIUM
PROJ-0437,88.4,15.8,36.2,63.6,4,3,50.2,29,6,IoT,11,7,47.1,MEDIUM
PROJ-0438,77.1,13.2,38.8,16.7,10,3,67.6,1,5,Mobile,12,2,31.6,HIGH
PROJ-0439,96.5,18.7,67.3,95.0,1,1,54.6,44,1,IoT,20,19,79.2,LOW
PROJ-0440,71.5,10.0,60.5,50.0,4,5,35.6,11,1,Mobile,8,4,57.7,MEDIUM
PROJ-0441,44.6,8.6,51.5,0.0,5,5,53.3,36,1,Mobile,5,0,9.2,HIGH
PROJ-0442,79.8,11.6,71.4,50.0,3,1,84.6,24,4,Web,6,3,88.3,LOW
PROJ-0443,83.9,16.1,59.5,40.0,3,0,,31,7,AI,5,2,52.2,MEDIUM
PROJ-0444,73.1,16.5,73.2,50.0,10,2,56.9,1,3,AI,20,10,69.1,MEDIUM
PROJ-0445,74.5,,99.5,66.7,3,2,80.1,53,2,AI,9,6,77.1,LOW
PROJ-0446,85.4,16.4,60.4,50.0,3,1,54.4,77,2,Research,6,3,82.1,LOW
PROJ-0447,64.7,17.9,79.5,12.5,7,3,39.3,1,4,Web,8,1,48.3,MEDIUM
PROJ-0448,68.5,14.8,33.4,42.3,15,5,,25,2,Research,26,11,31.0,HIGH
PROJ-0449,63.3,24.5,79.2,65.5,10,1,95.5,37,7,Web,29,19,65.2,LOW
PROJ-0450,78.7,24.0,68.6,66.7,3,2,72.2,52,1,AI,9,6,44.3,LOW
PROJ-0451,56.5,18.0,59.1,47.4,10,1,30.8,25,4,AI,19,9,30.6,MEDIUM
PROJ-0452,78.0,9.2,68.5,45.5,6,4,35.2,26,4,IoT,11,5,3.7,HIGH
PROJ-0453,63.1,16.4,42.9,12.5,14,10,21.6,51,6,Web,16,2,37.1,HIGH
PROJ-0454,72.3,23.5,51.6,37.5,5,0,71.3,54,3,Web,8,3,73.1,LOW
PROJ-0455,64.7,18.2,91.6,14.3,18,5,44.4,15,5,IoT,21,3,8.7,HIGH
PROJ-0456,81.9,20.4,86.4,60.0,2,0,82.1,33,4,Web,5,3,37.6,LOW
PROJ-0457,82.3,16.8,42.8,30.8,9,4,79.9,49,1,Web,13,4,34.0,MEDIUM
PROJ-0458,73.9,27.4,81.6,50.0,14,2,41.3,38,7,AI,28,14,70.4,MEDIUM
PROJ-0459,77.6,3.9,54.1,12.5,14,6,25.1,37,7,AI,16,2,8.5,HIGH
PROJ-0460,96.5,23.3,84.6,100.0,0,0,75.5,33,3,AI,5,5,76.0,LOW
PROJ-0461,74.9,26.8,78.0,55.6,4,1,54.9,32,5,Web,9,5,51.6,LOW
PROJ-0462,93.1,19.6,82.3,81.2,3,1,,22,3,Mobile,16,13,81.9,LOW
PROJ-0463,99.0,17.8,100.0,91.3,2,0,67.6,49,6,AI,23,21,38.0,LOW
PROJ-0464,65.8,8.3,48.0,46.2,14,4,48.8,48,6,AI,26,12,34.2,MEDIUM
PROJ-0465,78.9,24.5,70.3,58.3,5,3,39.6,63,4,Web,12,7,36.0,MEDIUM
PROJ-0466,67.9,10.8,33.9,28.6,10,5,21.9,23,6,Mobile,14,4,17.6,HIGH
PROJ-0467,92.3,18.9,77.0,60.0,2,2,62.0,67,2,AI,5,3,,MEDIUM
PROJ-0468,,10.1,35.0,14.3,6,5,30.5,14,2,Mobile,7,1,37.6,HIGH
PROJ-0469,67.9,5.9,51.7,17.6,14,7,11.0,17,6,Web,17,3,22.8,HIGH
PROJ-0470,46.3,14.2,52.8,0.0,6,3,43.4,8,1,AI,6,0,18.4,HIGH
PROJ-0471,81.3,17.5,73.4,57.1,3,3,51.9,71,6,Mobile,7,4,37.8,MEDIUM
PROJ-0472,59.4,17.6,48.0,41.4,17,3,64.7,43,2,Mobile,29,12,56.3,MEDIUM
PROJ-0473,100.0,22.4,97.7,82.8,5,2,65.9,54,4,Research,29,24,57.8,LOW
PROJ-0474,41.7,18.5,47.8,60.0,4,3,64.1,33,5,Research,10,6,49.2,MEDIUM
PROJ-0475,83.6,12.0,71.1,35.7,9,2,74.5,31,4,AI,14,5,53.6,MEDIUM
PROJ-0476,84.6,8.7,61.2,58.3,5,0,44.9,24,3,IoT,12,7,69.0,MEDIUM
PROJ-0477,85.7,23.6,82.5,43.8,9,4,57.7,39,1,Mobile,16,7,35.7,MEDIUM
PROJ-0478,83.4,11.8,47.3,65.4,9,3,58.5,46,1,AI,26,17,29.3,MEDIUM
PROJ-0479,83.7,10.8,78.7,80.0,4,0,71.5,25,4,Web,20,16,64.0,LOW
PROJ-0480,82.8,17.2,85.7,50.0,12,1,91.4,37,6,IoT,24,12,75.5,LOW
PROJ-0481,73.0,7.1,59.2,42.9,4,7,36.1,5,1,Mobile,7,3,18.2,HIGH
PROJ-0482,61.4,15.4,46.0,0.0,9,5,24.4,7,6,Research,9,0,62.4,HIGH
PROJ-0483,73.7,16.2,77.3,38.1,13,1,91.8,34,6,Mobile,21,8,88.1,LOW
PROJ-0484,71.5,11.6,64.4,66.7,6,5,27.4,30,7,IoT,18,12,50.9,MEDIUM
PROJ-0485,75.6,3.4,72.7,25.0,15,3,20.2,12,6,Mobile,20,5,49.7,HIGH
PROJ-0486,58.5,8.4,60.6,47.1,9,6,6.6,19,7,Web,17,8,62.2,HIGH
PROJ-0487,79.0,27.0,94.1,60.0,2,0,43.7,65,1,Research,5,3,80.2,LOW
PROJ-0488,70.1,,52.6,40.0,3,2,63.2,13,3,Mobile,5,2,51.9,MEDIUM
PROJ-0489,87.7,,75.4,62.5,6,1,91.0,64,5,AI,16,10,66.5,LOW
PROJ-0490,99.5,12.0,50.9,83.3,1,3,68.6,39,4,AI,6,5,51.6,LOW
PROJ-0491,81.8,11.9,66.7,66.7,5,1,69.4,51,6,Mobile,15,10,38.1,LOW
PROJ-0492,76.2,29.0,82.4,92.6,2,1,69.3,54,1,IoT,27,25,80.8,LOW
PROJ-0493,84.4,25.4,68.3,73.7,5,0,69.8,75,3,Mobile,19,14,21.7,LOW
PROJ-0494,42.6,1.0,84.1,57.9,8,1,44.4,34,7,Web,19,11,56.9,MEDIUM
PROJ-0495,89.7,13.1,92.4,80.0,4,2,74.7,83,7,Mobile,20,16,,LOW
PROJ-0496,67.0,6.7,38.8,50.0,3,3,40.7,6,1,Mobile,6,3,9.2,HIGH
PROJ-0497,57.3,29.7,70.1,58.3,5,2,86.2,36,2,Web,12,7,63.5,LOW
PROJ-0498,82.1,19.2,90.6,52.6,9,1,53.8,25,4,AI,19,10,66.4,LOW
PROJ-0499,90.8,32.5,75.1,58.3,5,0,48.3,58,7,AI,12,7,76.7,LOW
PROJ-0500,62.9,13.6,27.5,57.1,3,3,6.6,22,4,IoT,7,4,52.0,HIGH
PROJ-0501,43.1,1.0,53.1,41.7,7,4,25.8,37,2,Research,12,5,15.1,HIGH
PROJ-0502,63.3,5.8,68.4,23.5,13,2,53.4,42,3,AI,17,4,14.2,HIGH
PROJ-0503,97.5,22.2,,70.6,5,0,66.2,66,5,AI,17,12,69.8,LOW
PROJ-0504,65.1,18.4,40.8,27.8,13,3,44.6,46,3,Web,18,5,11.6,HIGH
PROJ-0505,98.1,13.9,65.9,60.0,6,1,85.5,39,1,AI,15,9,78.8,LOW
PROJ-0506,92.6,23.0,65.3,66.7,3,1,51.3,41,4,Mobile,9,6,53.0,LOW
PROJ-0507,81.8,21.9,59.8,58.6,12,0,61.8,52,6,Web,29,17,59.6,LOW
PROJ-0508,92.3,21.4,73.7,61.5,5,0,59.0,67,2,Research,13,8,92.4,LOW
PROJ-0509,77.3,12.3,69.5,88.9,1,2,81.4,18,2,Research,9,8,79.9,LOW
PROJ-0510,48.5,9.8,64.9,31.2,11,5,62.7,40,1,Web,16,5,34.0,MEDIUM
PROJ-0511,48.5,1.0,40.6,9.1,10,4,,22,4,Mobile,11,1,44.5,HIGH
PROJ-0512,77.2,10.1,59.2,28.6,5,2,58.2,28,7,Web,7,2,41.4,MEDIUM
PROJ-0513,79.2,,91.1,35.0,13,1,61.6,41,7,Mobile,20,7,60.5,MEDIUM
PROJ-0514,100.0,26.5,64.2,63.6,4,0,84.9,18,5,Research,11,7,58.3,LOW
PROJ-0515,80.1,24.5,97.8,68.8,5,0,42.8,56,1,Mobile,16,11,45.9,LOW
PROJ-0516,75.8,25.5,82.9,78.3,5,0,89.0,38,1,Mobile,23,18,87.0,LOW
PROJ-0517,86.2,16.9,81.8,25.0,15,6,38.5,29,7,AI,20,5,33.5,MEDIUM
PROJ-0518,67.4,15.5,98.2,80.0,5,0,47.1,25,4,Research,25,20,75.7,LOW
PROJ-0519,100.0,32.1,56.6,72.2,5,0,73.6,45,1,Mobile,18,13,69.5,LOW
PROJ-0520,50.7,15.3,39.2,0.0,5,2,52.0,44,5,Research,5,0,5.3,HIGH
PROJ-0521,47.1,11.8,52.4,11.1,8,0,17.2,1,1,Web,9,1,6.6,HIGH
PROJ-0522,87.1,9.3,54.1,30.8,18,3,57.1,22,7,IoT,26,8,36.6,HIGH
PROJ-0523,53.0,36.2,58.8,89.3,3,0,100.0,61,6,AI,28,25,57.7,LOW
PROJ-0524,81.1,14.5,63.9,36.4,7,4,32.4,33,4,AI,11,4,47.0,MEDIUM
PROJ-0525,81.0,12.2,71.5,38.5,8,2,58.3,17,1,AI,13,5,51.6,MEDIUM
PROJ-0526,73.8,28.2,55.3,77.8,6,2,67.0,26,7,IoT,27,21,82.5,LOW
PROJ-0527,85.7,6.2,53.6,11.8,15,1,37.1,29,1,AI,17,2,35.1,HIGH
PROJ-0528,75.8,1.0,69.2,66.7,8,2,42.5,29,1,AI,24,16,54.2,MEDIUM
PROJ-0529,76.1,12.5,29.4,26.7,11,5,29.1,11,5,Web,15,4,47.3,HIGH
PROJ-0530,62.6,13.1,65.0,10.3,26,4,38.6,23,6,AI,29,3,38.2,HIGH
PROJ-0531,51.6,12.5,47.0,50.0,10,2,62.2,43,1,AI,20,10,56.8,MEDIUM
PROJ-0532,73.5,16.8,72.2,69.6,7,0,68.6,49,4,Web,23,16,78.2,LOW
PROJ-0533,47.7,14.2,32.6,37.5,5,2,35.9,29,6,Research,8,3,5.3,HIGH
PROJ-0534,77.1,,85.1,92.9,1,2,87.2,56,5,IoT,14,13,38.1,LOW
PROJ-0535,53.4,10.0,73.0,41.2,10,4,14.7,13,3,IoT,17,7,0.0,HIGH
PROJ-0536,53.4,9.5,43.0,23.8,16,2,26.9,1,1,Research,21,5,12.8,HIGH
PROJ-0537,69.9,25.4,84.1,66.7,7,1,65.1,73,7,Mobile,21,14,41.7,LOW
PROJ-0538,76.5,16.0,60.6,11.1,24,3,39.3,26,5,AI,27,3,43.0,HIGH
PROJ-0539,68.8,17.9,54.6,44.4,10,1,45.5,29,6,AI,18,8,56.8,MEDIUM
PROJ-0540,47.7,10.9,29.4,30.8,9,7,61.3,36,1,Research,13,4,15.6,HIGH
PROJ-0541,92.4,16.8,42.9,26.1,17,2,47.4,39,6,IoT,23,6,4.7,MEDIUM
PROJ-0542,62.7,,68.4,40.9,13,3,71.0,3,4,Research,22,9,50.6,MEDIUM
PROJ-0543,87.1,26.0,75.0,60.0,10,1,70.1,68,5,Mobile,25,15,40.4,LOW
PROJ-0544,46.4,11.0,68.3,42.9,12,6,52.5,21,5,Research,21,9,52.3,HIGH
PROJ-0545,65.8,13.8,63.1,41.7,7,1,37.5,27,5,Mobile,12,5,21.4,HIGH
PROJ-0546,44.0,2.8,57.0,39.1,14,5,54.7,31,5,Research,23,9,48.4,HIGH
PROJ-0547,77.4,2.3,46.8,8.3,22,3,25.2,1,2,Web,24,2,41.4,HIGH
PROJ-0548,43.7,17.1,59.1,26.7,11,3,28.7,8,1,Research,15,4,26.4,HIGH
PROJ-0549,58.2,3.6,26.1,12.5,7,2,23.5,12,4,Mobile,8,1,28.2,HIGH
PROJ-0550,77.4,24.7,81.6,72.0,7,0,77.7,18,4,Web,25,18,72.3,LOW
PROJ-0551,66.2,24.0,76.0,46.2,7,3,46.7,9,6,Mobile,13,6,53.7,MEDIUM
PROJ-0552,79.8,10.7,52.0,33.3,6,4,49.2,36,2,Mobile,9,3,46.9,MEDIUM
PROJ-0553,68.9,12.4,52.1,40.7,16,1,42.5,9,6,Research,27,11,43.7,HIGH
PROJ-0554,83.8,17.2,77.9,82.4,3,0,82.5,40,6,Research,17,14,74.7,LOW
PROJ-0555,62.4,22.9,64.2,50.0,6,3,44.3,52,2,Research,12,6,43.9,MEDIUM
PROJ-0556,75.2,,70.2,58.8,7,1,82.0,37,6,Web,17,10,45.7,LOW
PROJ-0557,56.9,9.5,45.0,0.0,29,6,37.8,44,4,IoT,29,0,14.4,HIGH
PROJ-0558,76.2,9.6,47.1,30.0,7,3,30.4,4,3,Mobile,10,3,8.5,HIGH
PROJ-0559,67.4,1.8,41.0,50.0,5,2,43.9,1,6,Web,10,5,22.3,HIGH
PROJ-0560,91.2,8.3,64.8,40.0,6,2,80.7,82,5,IoT,10,4,36.6,MEDIUM
PROJ-0561,67.0,10.0,41.8,37.5,15,2,36.5,24,2,AI,24,9,41.9,HIGH
PROJ-0562,81.2,11.8,47.9,38.5,16,1,59.9,36,3,Research,26,10,29.9,MEDIUM
PROJ-0563,90.2,19.5,64.9,57.1,3,3,36.4,29,4,Mobile,7,4,61.4,MEDIUM
PROJ-0564,67.0,19.8,30.9,75.9,7,1,66.3,1,1,Web,29,22,68.5,MEDIUM
PROJ-0565,74.5,19.8,66.0,84.6,2,1,97.8,1,7,IoT,13,11,100.0,LOW
PROJ-0566,62.6,,46.0,30.8,9,4,23.9,6,6,Web,13,4,29.1,HIGH
PROJ-0567,53.2,6.3,43.4,29.2,17,7,13.6,16,7,Research,24,7,29.4,HIGH
PROJ-0568,73.5,14.1,59.9,40.0,3,6,74.1,28,3,AI,5,2,34.0,MEDIUM
PROJ-0569,80.4,12.2,69.7,70.4,8,1,68.9,26,5,Web,27,19,61.1,MEDIUM
PROJ-0570,58.0,7.2,62.8,28.6,5,1,12.8,33,7,Web,7,2,36.7,HIGH
PROJ-0571,74.4,9.4,36.0,22.2,14,4,34.8,16,7,AI,18,4,38.3,HIGH
PROJ-0572,57.4,4.5,65.9,16.0,21,6,42.7,1,7,AI,25,4,0.0,HIGH
PROJ-0573,44.2,2.5,49.4,22.2,14,4,37.3,41,6,Mobile,18,4,11.6,HIGH
PROJ-0574,52.8,19.0,76.0,50.0,3,1,63.8,50,4,Web,6,3,34.4,MEDIUM
PROJ-0575,85.6,20.3,73.9,55.6,4,0,49.9,37,3,Research,9,5,69.6,LOW
PROJ-0576,57.9,17.5,33.1,5.6,17,3,13.6,22,5,IoT,18,1,1.7,HIGH
PROJ-0577,85.0,27.5,58.3,83.3,1,2,57.0,55,7,AI,6,5,47.3,LOW
PROJ-0578,54.3,10.7,50.8,11.1,8,3,42.5,25,5,Mobile,9,1,6.9,HIGH
PROJ-0579,76.3,13.8,67.1,60.9,9,1,52.1,15,1,AI,23,14,62.7,MEDIUM
PROJ-0580,56.6,7.5,41.8,57.1,9,7,33.8,15,2,Mobile,21,12,35.9,HIGH
PROJ-0581,81.2,14.9,95.1,91.3,2,0,88.6,53,1,AI,23,21,81.4,LOW
PROJ-0582,62.9,8.2,79.5,25.0,18,3,14.3,45,6,Mobile,24,6,29.2,HIGH
PROJ-0583,74.8,15.6,92.3,75.0,7,1,67.8,46,1,AI,28,21,89.8,LOW
PROJ-0584,76.2,14.3,59.9,48.1,14,7,26.1,1,4,Research,27,13,26.9,HIGH
PROJ-0585,62.3,24.4,77.9,81.8,2,1,72.7,73,4,Research,11,9,46.9,LOW
PROJ-0586,93.4,17.5,63.5,27.8,13,3,73.5,55,3,IoT,18,5,42.1,MEDIUM
PROJ-0587,80.0,8.6,34.9,0.0,27,4,8.6,17,3,IoT,27,0,0.0,HIGH
PROJ-0588,67.2,16.4,55.7,42.9,16,2,51.4,40,7,IoT,28,12,47.5,MEDIUM
PROJ-0589,77.2,27.5,40.7,55.2,13,2,48.9,58,2,Mobile,29,16,28.7,LOW
PROJ-0590,66.3,14.0,57.0,28.6,15,5,6.4,4,4,IoT,21,6,21.5,HIGH
PROJ-0591,91.0,8.0,56.0,0.0,22,3,40.2,27,4,Mobile,22,0,29.0,HIGH
PROJ-0592,83.2,19.4,,75.0,5,2,87.0,61,4,Research,20,15,54.6,LOW
PROJ-0593,84.3,12.7,92.0,50.0,8,2,72.1,18,7,Mobile,16,8,34.0,MEDIUM
PROJ-0594,74.3,4.7,38.0,40.0,3,3,17.2,9,2,Mobile,5,2,0.3,HIGH
PROJ-0595,51.3,7.6,52.0,38.9,11,2,38.8,37,5,Mobile,18,7,18.2,HIGH
PROJ-0596,86.4,20.0,61.4,50.0,8,0,39.8,7,1,Web,16,8,75.4,LOW
PROJ-0597,73.4,10.4,80.2,14.3,6,0,75.2,1,6,Research,7,1,55.4,MEDIUM
PROJ-0598,65.3,9.7,59.6,50.0,7,4,50.8,58,1,Web,14,7,77.2,MEDIUM
PROJ-0599,77.4,22.8,77.7,81.0,4,2,68.7,51,5,Research,21,17,63.3,LOW
PROJ-0600,81.8,9.5,55.3,72.4,8,2,56.5,15,6,Web,29,21,41.6,MEDIUM
PROJ-0601,76.7,22.3,56.9,100.0,0,2,79.9,17,6,Mobile,23,23,62.8,LOW
PROJ-0602,46.8,14.9,42.8,25.0,6,5,62.2,2,3,Web,8,2,50.6,HIGH
PROJ-0603,76.0,,81.5,57.1,6,2,85.3,46,4,IoT,14,8,74.1,LOW
PROJ-0604,73.6,8.4,62.8,0.0,7,4,13.3,45,2,AI,7,0,36.4,HIGH
PROJ-0605,27.7,11.0,59.8,26.7,11,7,11.8,26,3,Mobile,15,4,32.2,HIGH
PROJ-0606,73.6,2.9,48.7,0.0,9,5,20.8,18,4,Research,9,0,31.4,HIGH
PROJ-0607,97.9,20.0,66.9,66.7,5,1,96.2,16,4,Web,15,10,65.1,LOW
PROJ-0608,74.8,3.6,41.7,36.4,14,1,51.7,21,2,Research,22,8,42.8,MEDIUM
PROJ-0609,45.2,2.7,31.7,6.2,15,3,23.8,7,2,Mobile,16,1,22.3,HIGH
PROJ-0610,61.8,9.0,64.3,41.4,17,1,14.0,42,4,Web,29,12,23.0,HIGH
PROJ-0611,75.5,19.4,83.9,63.0,10,0,80.7,52,2,Web,27,17,58.9,LOW
PROJ-0612,60.5,19.0,56.4,35.3,11,2,50.1,16,3,AI,17,6,16.8,HIGH
PROJ-0613,60.8,9.2,71.0,60.0,8,0,92.8,43,1,IoT,20,12,77.1,LOW
PROJ-0614,74.5,16.9,53.5,69.6,7,1,40.2,71,6,IoT,23,16,69.3,LOW
PROJ-0615,77.0,3.5,49.7,55.6,4,4,33.7,35,6,Research,9,5,8.4,HIGH
PROJ-0616,63.5,1.0,69.8,35.7,9,4,66.3,13,4,IoT,14,5,49.5,MEDIUM
PROJ-0617,89.5,12.6,85.4,92.3,1,0,74.3,55,1,Research,13,12,78.0,LOW
PROJ-0618,83.9,21.8,,94.1,1,1,67.4,16,1,Research,17,16,70.5,LOW
PROJ-0619,,21.1,77.5,44.0,14,1,85.7,23,1,Mobile,25,11,69.5,LOW
PROJ-0620,83.3,19.7,72.4,60.0,2,1,83.1,8,1,AI,5,3,65.0,LOW
PROJ-0621,83.8,17.6,75.8,91.7,1,0,93.2,38,6,Web,12,11,87.1,LOW
PROJ-0622,80.6,13.1,74.1,40.0,6,2,37.8,60,3,Research,10,4,25.3,MEDIUM
PROJ-0623,79.3,22.5,50.1,86.7,2,0,88.7,27,1,Research,15,13,86.7,LOW
PROJ-0624,67.1,15.0,38.0,40.0,12,3,57.2,36,3,Mobile,20,8,61.8,MEDIUM
PROJ-0625,51.9,10.4,45.8,35.0,13,4,40.2,1,5,Mobile,20,7,42.9,HIGH
PROJ-0626,62.7,9.5,48.4,41.7,14,1,39.8,31,7,AI,24,10,36.6,HIGH
PROJ-0627,77.5,15.9,86.1,89.3,3,4,65.1,37,1,IoT,28,25,52.1,LOW
PROJ-0628,86.6,18.2,82.9,81.2,3,1,70.2,77,1,Mobile,16,13,86.6,LOW
PROJ-0629,70.0,,39.0,40.9,13,2,51.3,35,6,AI,22,9,80.7,MEDIUM
PROJ-0630,87.0,27.4,69.0,40.0,3,2,46.1,86,5,Research,5,2,79.7,LOW
PROJ-0631,83.6,23.7,81.2,76.2,5,2,77.9,37,7,Mobile,21,16,73.1,LOW
PROJ-0632,77.6,23.9,94.7,80.0,3,0,60.6,30,2,Research,15,12,69.6,LOW
PROJ-0633,75.4,26.5,73.5,40.0,3,1,100.0,35,3,Mobile,5,2,68.0,LOW
PROJ-0634,81.2,1.7,65.2,38.9,11,2,55.8,1,6,Web,18,7,41.5,HIGH
PROJ-0635,57.2,18.0,35.7,56.2,7,2,56.7,21,2,AI,16,9,93.8,MEDIUM
PROJ-0636,80.1,22.9,71.9,65.4,9,2,83.8,71,6,Mobile,26,17,100.0,LOW
PROJ-0637,,19.8,85.3,55.6,12,1,58.1,68,6,Research,27,15,77.7,LOW
PROJ-0638,,,50.1,22.7,17,4,19.9,17,6,Web,22,5,49.1,HIGH
PROJ-0639,69.4,13.0,26.3,37.5,10,4,7.7,39,1,Research,16,6,49.7,HIGH
PROJ-0640,52.0,9.1,47.1,29.4,12,3,52.2,16,3,Mobile,17,5,27.8,HIGH
PROJ-0641,90.8,5.9,64.4,35.0,13,4,45.6,9,1,Research,20,7,16.1,HIGH
PROJ-0642,70.8,21.3,47.2,16.7,5,4,48.0,5,5,IoT,6,1,60.8,MEDIUM
PROJ-0643,69.2,14.7,82.0,47.1,9,5,26.4,21,4,IoT,17,8,30.0,MEDIUM
PROJ-0644,68.1,12.3,68.2,69.2,4,2,55.3,62,4,Research,13,9,59.6,MEDIUM
PROJ-0645,61.8,15.8,46.6,50.0,11,2,25.4,24,7,IoT,22,11,61.5,HIGH
PROJ-0646,41.1,7.5,43.8,37.9,18,3,35.7,1,1,Web,29,11,0.0,HIGH
PROJ-0647,61.4,14.9,63.9,21.1,15,3,42.6,45,5,Web,19,4,34.3,MEDIUM
PROJ-0648,56.3,7.0,67.8,59.1,9,7,35.7,28,2,Research,22,13,7.7,HIGH
PROJ-0649,77.4,16.3,63.4,72.4,8,1,62.0,49,5,Mobile,29,21,68.8,LOW
PROJ-0650,79.0,1.0,49.9,21.4,11,2,46.0,34,5,IoT,14,3,30.7,HIGH
PROJ-0651,68.4,1.0,45.5,38.5,8,2,48.3,34,4,Research,13,5,33.7,HIGH
PROJ-0652,68.5,15.0,88.5,70.6,5,1,47.7,26,1,IoT,17,12,78.1,LOW
PROJ-0653,57.0,7.8,,11.1,8,7,37.3,7,2,Mobile,9,1,30.0,HIGH
PROJ-0654,54.2,19.7,75.7,23.1,10,4,72.6,26,4,AI,13,3,41.1,MEDIUM
PROJ-0655,86.7,24.7,57.9,82.6,4,1,,66,6,IoT,23,19,98.0,LOW
PROJ-0656,75.7,12.3,75.3,36.8,12,1,23.6,24,1,Web,19,7,76.9,MEDIUM
PROJ-0657,94.0,1.2,63.8,25.0,6,3,24.6,29,1,Mobile,8,2,41.3,HIGH
PROJ-0658,61.6,9.3,78.7,75.0,4,0,62.8,62,7,IoT,16,12,84.7,LOW
PROJ-0659,91.6,18.2,67.3,46.2,14,0,55.8,62,3,Research,26,12,75.2,LOW
PROJ-0660,82.5,10.9,61.9,82.8,5,2,29.8,61,4,AI,29,24,74.0,LOW
PROJ-0661,66.2,13.1,76.2,86.4,3,0,85.1,43,1,Web,22,19,90.1,LOW
PROJ-0662,78.1,24.1,59.9,55.2,13,0,50.7,46,2,IoT,29,16,72.2,LOW
PROJ-0663,53.0,16.6,36.0,13.6,19,6,44.1,15,4,Web,22,3,26.9,HIGH
PROJ-0664,80.3,4.8,51.8,93.3,1,1,75.5,46,1,AI,15,14,54.3,LOW
PROJ-0665,59.0,9.2,80.4,37.5,15,5,56.6,45,6,Web,24,9,77.7,MEDIUM
PROJ-0666,57.4,18.9,,50.0,4,3,76.2,61,1,Mobile,8,4,44.7,MEDIUM
PROJ-0667,75.5,12.7,75.7,83.3,1,0,85.2,41,4,IoT,6,5,58.0,LOW
PROJ-0668,65.2,12.7,54.3,20.0,20,3,25.6,37,6,IoT,25,5,43.8,MEDIUM
PROJ-0669,60.3,10.9,48.8,16.7,5,2,26.8,7,3,Mobile,6,1,56.5,HIGH
PROJ-0670,81.1,21.5,58.5,53.8,6,1,76.9,43,5,AI,13,7,100.0,LOW
PROJ-0671,52.6,6.3,58.4,41.2,10,5,52.1,37,1,AI,17,7,26.8,HIGH
PROJ-0672,85.9,17.8,88.8,61.9,8,0,74.6,86,7,IoT,21,13,78.0,LOW
PROJ-0673,85.6,24.9,64.0,50.0,4,0,85.4,56,3,AI,8,4,68.8,LOW
PROJ-0674,75.0,25.3,84.5,50.0,3,0,74.7,37,1,Mobile,6,3,71.3,LOW
PROJ-0675,55.0,3.6,56.2,60.7,11,5,48.7,37,2,IoT,28,17,5.6,MEDIUM
PROJ-0676,51.4,5.3,74.8,29.4,12,2,45.6,13,7,Research,17,5,41.3,MEDIUM
PROJ-0677,77.5,8.2,60.7,64.0,9,3,,34,1,Research,25,16,50.2,MEDIUM
PROJ-0678,90.6,9.6,82.1,72.7,6,3,82.2,83,3,Research,22,16,57.2,LOW
PROJ-0679,53.7,3.5,57.8,40.0,3,2,40.5,15,5,Web,5,2,,HIGH
PROJ-0680,75.7,10.7,,35.7,18,5,70.0,50,5,IoT,28,10,32.5,MEDIUM
PROJ-0681,68.6,3.4,45.0,92.9,2,2,25.1,89,6,IoT,28,26,63.4,MEDIUM
PROJ-0682,79.5,7.1,86.2,61.5,5,0,92.4,37,4,AI,13,8,57.7,LOW
PROJ-0683,95.8,18.8,93.0,70.0,3,1,90.8,74,2,IoT,10,7,83.7,LOW
PROJ-0684,50.5,5.1,49.1,14.3,12,6,58.1,32,5,IoT,14,2,,HIGH
PROJ-0685,66.6,11.8,41.4,0.0,20,5,8.8,1,2,IoT,20,0,26.7,HIGH
PROJ-0686,58.7,19.1,52.1,44.4,15,2,49.4,39,1,Web,27,12,30.6,HIGH
PROJ-0687,89.9,19.2,81.0,66.7,7,1,53.1,58,4,IoT,21,14,85.7,LOW
PROJ-0688,63.0,13.7,92.3,35.7,9,3,31.9,34,6,Web,14,5,17.9,MEDIUM
PROJ-0689,58.3,11.8,50.2,4.5,21,0,26.4,9,1,Mobile,22,1,,HIGH
PROJ-0690,33.0,6.1,49.3,25.0,6,3,38.0,22,3,Web,8,2,16.5,HIGH
PROJ-0691,54.3,1.0,47.3,47.1,9,3,27.2,21,5,Web,17,8,26.1,HIGH
PROJ-0692,92.0,6.0,50.1,6.9,27,5,61.6,25,2,Research,29,2,0.0,HIGH
PROJ-0693,72.8,16.3,100.0,80.0,1,1,88.3,46,1,Mobile,5,4,62.9,LOW
PROJ-0694,,18.0,64.5,33.3,16,1,51.6,43,1,AI,24,8,41.9,MEDIUM
PROJ-0695,69.1,21.8,64.4,50.0,4,4,25.0,63,1,AI,8,4,73.9,MEDIUM
PROJ-0696,72.6,,75.1,73.3,4,1,,3,5,Research,15,11,29.6,MEDIUM
PROJ-0697,79.8,19.8,75.9,85.7,1,1,50.7,76,1,IoT,7,6,74.2,LOW
PROJ-0698,100.0,19.4,73.6,84.6,4,1,62.2,20,3,IoT,26,22,44.4,LOW
PROJ-0699,63.4,11.6,80.7,35.0,13,4,73.5,56,1,IoT,20,7,47.9,MEDIUM
PROJ-0700,81.5,23.6,77.6,61.5,5,0,94.9,90,7,Web,13,8,66.9,LOW
PROJ-0701,45.8,7.9,53.9,52.6,9,2,28.0,22,3,AI,19,10,29.7,HIGH
PROJ-0702,54.6,7.3,39.7,37.5,5,11,10.1,34,6,Web,8,3,12.9,HIGH
PROJ-0703,73.1,9.5,65.9,53.8,12,6,61.5,1,7,IoT,26,14,53.9,MEDIUM
PROJ-0704,71.3,6.9,68.0,38.9,11,1,6.6,68,3,IoT,18,7,56.5,MEDIUM
PROJ-0705,71.0,2.4,37.0,38.5,16,3,22.9,51,7,IoT,26,10,26.6,HIGH
PROJ-0706,73.0,2.4,65.6,18.8,13,3,29.1,1,4,Web,16,3,24.9,HIGH
PROJ-0707,81.2,20.0,46.7,50.0,4,0,75.8,52,4,Mobile,8,4,63.9,MEDIUM
PROJ-0708,91.2,27.6,81.6,50.0,5,0,99.7,46,7,Web,10,5,68.1,LOW
PROJ-0709,59.1,12.1,42.3,11.1,8,4,15.4,48,7,AI,9,1,3.4,HIGH
PROJ-0710,55.3,8.9,64.7,43.8,9,2,42.0,39,5,Research,16,7,1.2,HIGH
PROJ-0711,71.7,7.7,41.9,0.0,16,4,4.4,35,7,Web,16,0,8.4,HIGH
PROJ-0712,91.6,25.0,61.2,77.3,5,1,78.6,55,7,IoT,22,17,99.4,LOW
PROJ-0713,,18.7,63.4,66.7,3,2,93.4,30,6,IoT,9,6,50.8,LOW
PROJ-0714,,9.4,64.4,0.0,13,5,27.3,20,5,Mobile,13,0,18.1,HIGH
PROJ-0715,71.0,,54.6,23.1,20,1,20.2,58,4,Web,26,6,62.2,MEDIUM
PROJ-0716,62.8,16.9,62.1,44.4,10,3,46.3,42,6,IoT,18,8,81.2,MEDIUM
PROJ-0717,61.6,8.4,55.7,20.0,4,7,19.6,31,3,Mobile,5,1,33.8,HIGH
PROJ-0718,71.9,21.9,52.3,78.6,3,2,,29,3,AI,14,11,66.5,LOW
PROJ-0719,99.1,30.2,63.3,42.9,4,1,78.6,42,4,AI,7,3,59.9,LOW
PROJ-0720,68.8,3.7,70.8,42.9,4,0,53.5,1,1,IoT,7,3,51.6,MEDIUM
PROJ-0721,57.2,6.8,55.2,12.5,21,4,33.8,16,3,IoT,24,3,41.6,HIGH
PROJ-0722,81.7,21.2,61.1,64.7,6,0,66.6,38,3,Mobile,17,11,81.1,LOW
PROJ-0723,73.7,4.2,65.0,100.0,0,0,74.4,47,1,Web,7,7,91.3,LOW
PROJ-0724,65.3,16.0,56.2,14.3,6,9,44.4,28,1,Web,7,1,26.0,HIGH
PROJ-0725,58.5,4.3,75.9,57.7,11,1,68.3,21,5,AI,26,15,49.1,MEDIUM
PROJ-0726,63.2,7.9,70.1,19.2,21,6,45.2,41,3,Web,26,5,26.9,HIGH
PROJ-0727,74.7,18.6,74.9,64.0,9,0,65.4,65,4,Mobile,25,16,52.9,LOW
PROJ-0728,85.1,26.3,67.7,50.0,5,1,98.9,37,6,AI,10,5,50.8,LOW
PROJ-0729,90.6,15.1,66.1,63.0,10,3,,26,5,Research,27,17,21.5,MEDIUM
PROJ-0730,66.8,6.6,45.1,64.0,9,1,56.4,80,5,Mobile,25,16,55.2,MEDIUM
PROJ-0731,64.2,24.0,42.2,28.6,5,3,61.3,16,7,Research,7,2,24.8,HIGH
PROJ-0732,90.7,17.7,75.2,40.9,13,0,71.4,60,7,AI,22,9,81.1,LOW
PROJ-0733,71.0,12.9,,23.1,10,4,18.2,29,1,AI,13,3,17.2,HIGH
PROJ-0734,75.5,21.9,82.6,60.0,4,1,90.5,73,1,Research,10,6,57.7,LOW
PROJ-0735,54.1,5.9,36.1,0.0,14,4,67.0,21,7,Research,14,0,34.8,HIGH
PROJ-0736,55.6,2.7,54.9,25.0,9,1,24.6,24,6,Research,12,3,20.2,HIGH
PROJ-0737,85.2,23.8,72.8,56.5,10,2,75.0,18,6,AI,23,13,65.7,LOW
PROJ-0738,77.8,32.3,78.3,83.3,4,1,91.3,75,6,Mobile,24,20,68.5,LOW
PROJ-0739,58.2,15.9,47.4,58.3,10,3,36.7,48,6,Mobile,24,14,59.2,MEDIUM
PROJ-0740,72.2,19.9,74.2,64.3,10,0,95.1,69,7,Mobile,28,18,70.2,LOW
PROJ-0741,52.8,8.1,53.4,21.1,15,2,36.9,50,4,Web,19,4,64.7,MEDIUM
PROJ-0742,76.0,25.5,59.7,40.0,6,0,52.8,25,4,Web,10,4,79.2,LOW
PROJ-0743,97.5,6.8,64.5,33.3,6,3,45.3,46,6,Mobile,9,3,41.2,HIGH
PROJ-0744,32.6,9.3,35.2,37.5,5,2,23.3,26,5,AI,8,3,20.6,HIGH
PROJ-0745,38.7,17.5,74.2,16.7,15,2,30.2,14,1,IoT,18,3,19.5,HIGH
PROJ-0746,81.7,5.4,47.1,40.0,3,2,41.5,26,3,AI,5,2,59.0,MEDIUM
PROJ-0747,100.0,38.7,82.1,57.1,6,4,55.2,54,5,Web,14,8,79.7,LOW
PROJ-0748,80.3,16.4,62.3,53.8,6,0,65.4,12,2,Mobile,13,7,50.5,LOW
PROJ-0749,82.5,16.4,80.5,90.5,2,1,79.0,10,3,Web,21,19,75.2,LOW
PROJ-0750,49.6,8.1,54.8,16.7,5,3,37.4,48,5,IoT,6,1,17.0,HIGH
PROJ-0751,61.2,3.4,66.4,37.5,15,0,46.7,6,5,IoT,24,9,28.2,MEDIUM
PROJ-0752,75.8,14.7,37.7,40.0,15,4,22.1,22,3,AI,25,10,19.6,HIGH
PROJ-0753,45.2,4.1,50.9,19.2,21,4,45.6,14,2,AI,26,5,18.8,HIGH
PROJ-0754,46.7,9.9,57.6,22.2,14,2,,23,2,Research,18,4,44.5,HIGH
PROJ-0755,52.4,13.0,28.0,13.3,13,4,49.0,44,6,AI,15,2,36.2,HIGH
PROJ-0756,90.1,19.0,86.2,68.4,6,0,57.8,90,2,Research,19,13,100.0,LOW
PROJ-0757,56.9,21.2,72.9,25.0,9,1,,24,6,IoT,12,3,60.2,MEDIUM
PROJ-0758,66.0,11.6,57.1,80.0,3,5,39.7,32,5,AI,15,12,59.0,MEDIUM
PROJ-0759,56.8,7.9,59.8,11.8,15,3,37.0,46,3,Research,17,2,65.5,HIGH
PROJ-0760,70.1,23.2,75.2,30.8,9,1,52.3,56,1,Mobile,13,4,30.7,MEDIUM
PROJ-0761,51.1,2.9,50.5,31.2,11,2,31.3,8,4,IoT,16,5,46.1,HIGH
PROJ-0762,87.6,15.1,92.8,50.0,3,2,86.9,54,2,IoT,6,3,83.8,LOW
PROJ-0763,,27.1,74.4,70.0,6,1,69.6,45,3,AI,20,14,93.9,LOW
PROJ-0764,76.2,6.4,62.7,50.0,9,4,35.8,20,6,Mobile,18,9,78.1,MEDIUM
PROJ-0765,58.5,20.8,41.1,13.3,13,6,30.5,37,2,Research,15,2,31.9,HIGH
PROJ-0766,86.9,16.5,81.3,45.8,13,1,57.0,42,6,AI,24,11,64.4,LOW
PROJ-0767,95.2,15.1,67.0,61.5,5,2,58.9,56,2,IoT,13,8,83.5,LOW
PROJ-0768,56.0,13.3,64.2,27.3,16,1,45.1,18,3,AI,22,6,59.7,MEDIUM
PROJ-0769,70.1,6.1,35.8,71.4,2,6,79.1,55,4,Research,7,5,62.9,MEDIUM
PROJ-0770,68.5,14.8,49.2,66.7,3,1,46.8,23,2,IoT,9,6,68.8,MEDIUM
PROJ-0771,89.3,22.4,55.4,58.3,10,3,34.7,41,2,Research,24,14,46.0,MEDIUM
PROJ-0772,81.4,16.5,68.0,90.0,1,1,81.7,45,6,IoT,10,9,46.8,LOW
PROJ-0773,63.9,11.3,65.1,29.6,19,3,58.5,13,2,Mobile,27,8,18.8,MEDIUM
PROJ-0774,90.7,23.7,53.0,71.4,8,1,74.5,68,2,Web,28,20,92.6,LOW
PROJ-0775,78.1,16.4,66.8,50.0,8,1,41.0,8,7,Mobile,16,8,17.3,HIGH
PROJ-0776,70.7,4.2,72.6,29.2,17,4,32.1,34,1,IoT,24,7,7.5,HIGH
PROJ-0777,82.3,24.7,38.9,82.1,5,1,84.3,45,7,IoT,28,23,66.9,LOW
PROJ-0778,100.0,19.2,50.1,81.8,2,0,57.5,27,5,IoT,11,9,74.9,LOW
PROJ-0779,91.8,27.1,68.5,78.3,5,1,54.9,21,5,Mobile,23,18,70.9,LOW
PROJ-0780,71.4,8.4,54.8,50.0,12,4,31.5,56,1,Mobile,24,12,7.4,HIGH
PROJ-0781,67.0,24.4,90.4,20.0,4,4,53.0,54,4,Mobile,5,1,54.4,MEDIUM
PROJ-0782,94.6,23.8,42.8,65.0,7,3,73.7,12,6,Web,20,13,66.2,MEDIUM
PROJ-0783,48.4,12.6,43.2,15.0,17,6,49.3,9,4,Research,20,3,37.1,HIGH
PROJ-0784,59.8,8.8,56.4,40.0,6,4,51.5,31,6,IoT,10,4,28.4,MEDIUM
PROJ-0785,53.2,7.2,61.0,37.5,5,4,67.6,38,1,IoT,8,3,26.2,HIGH
PROJ-0786,73.7,13.3,49.0,60.7,11,2,33.9,82,5,AI,28,17,27.2,MEDIUM
PROJ-0787,76.9,10.1,68.0,12.5,21,6,35.2,51,3,Mobile,24,3,46.9,HIGH
PROJ-0788,84.2,29.3,70.9,60.0,2,1,69.7,32,1,AI,5,3,87.2,LOW
PROJ-0789,75.2,8.3,64.4,20.0,8,2,,32,7,AI,10,2,52.2,MEDIUM
PROJ-0790,91.5,24.3,94.3,100.0,0,1,62.9,18,5,Research,26,26,72.0,LOW
PROJ-0791,81.6,8.0,71.9,56.0,11,3,68.5,51,6,IoT,25,14,45.5,MEDIUM
PROJ-0792,63.8,10.6,52.3,54.2,11,0,83.2,46,1,Web,24,13,54.2,MEDIUM
PROJ-0793,45.9,7.9,40.7,20.0,8,1,31.0,21,1,Mobile,10,2,51.7,HIGH
PROJ-0794,90.3,28.4,78.4,92.0,2,0,62.6,75,7,Mobile,25,23,55.1,LOW
PROJ-0795,68.0,10.0,32.3,24.0,19,1,29.9,1,4,Mobile,25,6,16.9,HIGH
PROJ-0796,56.2,6.1,49.8,41.7,14,4,48.3,39,3,Research,24,10,55.2,MEDIUM
PROJ-0797,74.8,21.4,61.3,75.0,2,3,69.0,33,4,Mobile,8,6,46.4,LOW
PROJ-0798,50.4,12.4,61.7,25.0,9,4,31.0,30,3,IoT,12,3,16.5,HIGH
PROJ-0799,57.7,3.5,51.8,43.8,9,7,31.3,11,6,Research,16,7,19.3,HIGH
PROJ-0800,77.1,18.3,81.2,62.5,9,3,61.8,64,7,Research,24,15,75.0,LOW
PROJ-0801,50.9,23.8,61.6,25.0,6,2,45.2,50,5,Web,8,2,24.8,MEDIUM
PROJ-0802,80.3,14.3,82.7,71.4,4,0,55.0,23,2,Mobile,14,10,73.3,LOW
PROJ-0803,64.6,18.5,76.1,26.3,14,1,58.4,50,1,Mobile,19,5,23.8,MEDIUM
PROJ-0804,79.5,25.7,69.4,50.0,11,0,79.6,24,5,AI,22,11,53.7,LOW
PROJ-0805,71.3,1.0,59.6,66.7,9,2,47.2,3,5,Web,27,18,26.8,MEDIUM
PROJ-0806,44.7,6.2,70.7,0.0,6,4,18.1,16,3,Research,6,0,51.9,HIGH
PROJ-0807,74.7,14.1,83.4,40.0,6,3,,10,6,Web,10,4,38.2,MEDIUM
PROJ-0808,62.3,9.5,63.8,50.0,9,2,23.2,39,7,AI,18,9,35.8,HIGH
PROJ-0809,69.6,25.2,89.8,80.0,3,1,70.8,18,6,IoT,15,12,82.5,LOW
PROJ-0810,55.8,13.0,84.4,44.8,16,5,49.7,18,4,Mobile,29,13,27.3,HIGH
PROJ-0811,70.8,18.7,67.9,71.4,4,2,51.8,58,4,Mobile,14,10,100.0,LOW
PROJ-0812,63.3,29.1,76.9,71.4,2,0,58.6,32,3,Research,7,5,79.6,LOW
PROJ-0813,87.9,23.2,92.4,55.6,12,1,71.9,61,6,IoT,27,15,42.3,LOW
PROJ-0814,86.4,27.7,73.6,64.7,6,0,56.2,30,1,Research,17,11,68.3,LOW
PROJ-0815,68.4,8.3,93.9,0.0,6,2,12.5,29,4,Web,6,0,17.9,HIGH
PROJ-0816,76.4,21.7,71.3,47.8,12,1,,33,4,IoT,23,11,27.6,MEDIUM
PROJ-0817,81.4,10.9,67.4,62.1,11,3,45.2,66,6,Mobile,29,18,65.3,MEDIUM
PROJ-0818,72.9,7.9,63.2,0.0,13,4,52.0,18,7,Mobile,13,0,36.6,HIGH
PROJ-0819,63.7,9.9,69.8,38.5,8,2,33.6,45,1,Mobile,13,5,41.6,HIGH
PROJ-0820,83.8,14.2,61.7,46.2,14,1,39.2,73,1,Mobile,26,12,55.9,MEDIUM
PROJ-0821,69.5,23.1,72.0,69.6,7,1,63.9,63,1,AI,23,16,57.3,LOW
PROJ-0822,47.0,11.8,68.1,10.0,18,6,30.2,26,3,Web,20,2,10.4,HIGH
PROJ-0823,48.0,13.4,55.2,40.0,6,2,56.8,42,2,Web,10,4,79.4,MEDIUM
PROJ-0824,62.9,1.0,61.2,33.3,10,5,47.1,11,6,Web,15,5,10.2,HIGH
PROJ-0825,67.1,9.8,56.4,20.0,12,2,44.2,33,5,Web,15,3,77.6,MEDIUM
PROJ-0826,94.6,31.0,82.6,41.7,7,0,67.1,7,3,Research,12,5,75.2,LOW
PROJ-0827,85.8,24.2,85.8,44.4,5,1,71.9,25,7,Research,9,4,94.4,LOW
PROJ-0828,99.5,27.5,64.9,69.0,9,1,66.9,29,3,AI,29,20,73.6,LOW
PROJ-0829,74.5,6.1,65.4,35.7,9,5,42.7,11,2,Web,14,5,8.8,HIGH
PROJ-0830,72.4,10.4,53.3,45.5,12,2,40.1,43,5,IoT,22,10,25.6,HIGH
PROJ-0831,51.0,9.0,52.1,45.5,12,4,49.9,24,6,Web,22,10,25.1,HIGH
PROJ-0832,61.0,22.6,64.4,62.5,3,1,20.8,37,3,Mobile,8,5,27.7,MEDIUM
PROJ-0833,96.8,14.8,78.9,53.3,7,0,65.7,48,1,Web,15,8,,LOW
PROJ-0834,62.4,12.4,16.1,21.4,11,2,14.6,56,1,IoT,14,3,,HIGH
PROJ-0835,45.8,1.0,30.4,0.0,7,7,31.0,22,2,Web,7,0,7.2,HIGH
PROJ-0836,81.4,,56.5,55.6,12,5,47.6,60,6,IoT,27,15,,MEDIUM
PROJ-0837,49.4,8.0,46.3,25.0,12,5,18.2,47,4,IoT,16,4,20.7,HIGH
PROJ-0838,78.4,22.3,69.5,62.5,6,1,63.3,33,5,IoT,16,10,77.2,LOW
PROJ-0839,71.2,18.1,47.4,52.2,11,4,51.5,17,6,Research,23,12,16.0,MEDIUM
PROJ-0840,67.8,14.9,84.4,54.5,5,5,35.0,29,2,Research,11,6,42.8,MEDIUM
PROJ-0841,56.1,8.5,53.8,14.3,12,5,29.7,3,5,Research,14,2,19.1,HIGH
PROJ-0842,87.5,24.0,80.1,66.7,5,0,81.0,62,2,IoT,15,10,68.0,LOW
PROJ-0843,78.8,13.9,76.2,44.4,5,1,74.2,66,5,Web,9,4,70.9,LOW
PROJ-0844,74.3,14.5,81.1,30.0,7,1,39.8,70,6,Web,10,3,66.2,LOW
PROJ-0845,84.2,5.4,63.3,81.2,3,1,97.3,38,1,Mobile,16,13,44.9,LOW
PROJ-0846,100.0,16.6,67.6,46.7,8,3,32.5,50,1,AI,15,7,36.6,HIGH
PROJ-0847,63.5,10.8,87.7,77.8,4,2,59.8,35,2,Web,18,14,10.8,MEDIUM
PROJ-0848,42.2,4.0,71.5,42.9,8,2,50.1,22,5,IoT,14,6,20.3,HIGH
PROJ-0849,68.9,7.3,59.0,36.8,12,2,26.1,7,7,IoT,19,7,43.5,HIGH
PROJ-0850,72.8,3.0,63.1,14.3,6,2,29.6,16,4,Mobile,7,1,27.5,HIGH
PROJ-0851,83.0,15.5,75.0,38.9,11,2,50.2,68,3,Mobile,18,7,32.8,MEDIUM
PROJ-0852,67.9,17.4,68.6,65.2,8,1,70.1,9,2,AI,23,15,50.8,LOW
PROJ-0853,81.3,17.5,75.3,78.6,3,1,57.6,43,2,Research,14,11,69.9,LOW
PROJ-0854,62.2,1.0,36.8,20.0,12,3,21.5,10,4,Research,15,3,21.9,HIGH
PROJ-0855,63.5,12.0,58.8,48.1,14,3,48.7,53,5,Mobile,27,13,33.6,MEDIUM
PROJ-0856,77.1,19.0,89.3,40.7,16,0,62.8,34,7,Research,27,11,78.3,LOW
PROJ-0857,64.4,25.4,94.3,56.2,7,2,51.2,43,1,Mobile,16,9,83.3,LOW
PROJ-0858,65.0,12.6,63.4,60.7,11,0,71.3,62,5,Web,28,17,64.6,LOW
PROJ-0859,76.2,14.6,65.8,33.3,4,6,40.6,14,4,AI,6,2,22.2,HIGH
PROJ-0860,65.9,13.2,69.2,38.1,13,2,53.2,37,3,Web,21,8,30.4,MEDIUM
PROJ-0861,68.5,2.8,42.9,61.5,5,0,0.0,22,2,AI,13,8,61.3,MEDIUM
PROJ-0862,,5.0,43.4,30.0,14,8,11.2,8,7,IoT,20,6,26.0,HIGH
PROJ-0863,61.7,8.4,66.8,42.3,15,3,,46,2,Research,26,11,75.9,MEDIUM
PROJ-0864,43.9,9.5,61.6,16.7,5,5,54.5,41,7,Mobile,6,1,36.9,HIGH
PROJ-0865,40.1,3.0,45.1,11.1,16,3,17.6,1,4,AI,18,2,1.2,HIGH
PROJ-0866,84.6,17.1,67.9,64.3,10,1,18.1,16,6,AI,28,18,60.0,MEDIUM
PROJ-0867,83.0,18.0,63.2,60.0,6,2,65.1,68,7,Research,15,9,77.1,LOW
PROJ-0868,98.3,5.6,87.1,50.0,6,5,43.7,47,6,IoT,12,6,51.2,MEDIUM
PROJ-0869,82.1,15.6,72.2,50.0,8,2,57.5,22,4,Web,16,8,30.7,MEDIUM
PROJ-0870,65.1,13.2,62.7,0.0,11,3,53.7,28,1,Research,11,0,40.0,HIGH
PROJ-0871,82.6,26.1,66.1,61.5,10,0,,33,3,AI,26,16,65.8,MEDIUM
PROJ-0872,88.3,27.2,100.0,75.0,5,0,70.4,80,6,IoT,20,15,57.6,LOW
PROJ-0873,92.5,22.2,75.0,42.9,4,2,77.9,34,7,IoT,7,3,60.8,LOW
PROJ-0874,47.5,8.7,51.6,11.1,8,6,19.1,4,5,Research,9,1,,HIGH
PROJ-0875,65.8,12.2,46.1,28.0,18,4,44.6,2,6,IoT,25,7,41.3,HIGH
PROJ-0876,56.5,1.5,62.8,51.7,14,2,9.8,28,3,Mobile,29,15,62.9,MEDIUM
PROJ-0877,85.7,20.7,57.1,14.3,12,4,52.3,34,1,AI,14,2,50.5,MEDIUM
PROJ-0878,78.8,16.4,70.8,72.7,6,2,85.3,17,4,Web,22,16,60.9,LOW
PROJ-0879,82.6,25.3,73.2,76.5,4,3,85.1,53,7,Research,17,13,92.3,LOW
PROJ-0880,86.0,23.4,77.7,58.8,7,2,42.9,57,2,Mobile,17,10,83.5,LOW
PROJ-0881,68.2,16.6,67.9,55.6,8,4,51.7,32,3,IoT,18,10,81.1,MEDIUM
PROJ-0882,80.5,27.6,68.1,45.0,11,3,71.7,44,6,Web,20,9,70.5,LOW
PROJ-0883,100.0,15.0,77.7,25.9,20,5,23.2,75,2,AI,27,7,43.0,MEDIUM
PROJ-0884,92.6,15.7,17.4,27.3,8,5,28.7,22,1,AI,11,3,39.6,HIGH
PROJ-0885,72.2,19.6,81.6,90.9,1,1,53.5,12,6,IoT,11,10,55.2,LOW
PROJ-0886,57.7,10.7,60.6,28.6,15,4,78.7,30,7,Mobile,21,6,47.1,MEDIUM
PROJ-0887,67.9,12.6,49.1,18.2,9,3,37.8,13,3,Mobile,11,2,21.1,HIGH
PROJ-0888,77.9,9.0,74.7,37.9,18,5,34.2,38,7,IoT,29,11,38.7,HIGH
PROJ-0889,55.5,13.3,60.7,89.5,2,3,84.7,50,5,AI,19,17,53.0,LOW
PROJ-0890,61.8,3.8,81.7,9.1,20,3,41.5,50,5,AI,22,2,55.4,HIGH
PROJ-0891,66.3,14.1,52.3,50.0,5,1,58.1,38,4,IoT,10,5,31.1,MEDIUM
PROJ-0892,64.8,4.9,54.8,33.3,14,0,11.6,16,3,Web,21,7,10.7,HIGH
PROJ-0893,86.4,17.7,32.1,16.7,5,2,75.2,15,1,Research,6,1,57.7,MEDIUM
PROJ-0894,57.1,10.5,46.1,50.0,5,2,58.2,55,4,AI,10,5,44.1,MEDIUM
PROJ-0895,41.8,10.6,69.8,31.8,15,3,43.1,18,6,Research,22,7,31.4,HIGH
PROJ-0896,,7.6,74.1,36.4,7,4,34.8,1,2,Research,11,4,57.1,MEDIUM
PROJ-0897,86.0,13.4,67.4,55.6,4,4,47.0,76,3,Mobile,9,5,37.0,MEDIUM
PROJ-0898,68.9,2.7,34.1,31.2,11,5,34.3,14,7,Mobile,16,5,22.0,HIGH
PROJ-0899,55.6,5.4,52.0,7.1,26,1,33.6,11,1,Web,28,2,64.1,HIGH
PROJ-0900,80.9,10.7,71.5,26.7,11,1,17.0,12,2,Mobile,15,4,0.2,HIGH
PROJ-0901,89.0,22.8,76.0,76.2,5,0,100.0,45,5,IoT,21,16,63.4,LOW
PROJ-0902,,7.9,,11.8,15,3,,22,7,Web,17,2,27.7,HIGH
PROJ-0903,67.5,,41.5,20.7,23,9,43.2,27,2,AI,29,6,54.9,HIGH
PROJ-0904,63.1,11.1,53.8,38.5,8,0,56.9,29,3,IoT,13,5,27.9,MEDIUM
PROJ-0905,64.6,5.1,40.9,30.0,7,6,42.5,1,4,IoT,10,3,39.0,HIGH
PROJ-0906,89.5,6.8,83.8,60.0,8,0,75.9,27,4,AI,20,12,78.9,LOW
PROJ-0907,55.6,10.1,66.3,42.9,8,2,39.5,23,2,Research,14,6,43.9,MEDIUM
PROJ-0908,78.8,9.2,83.3,91.7,1,1,82.5,58,2,Research,12,11,60.1,LOW
PROJ-0909,86.1,21.1,65.9,61.1,7,6,60.1,36,1,AI,18,11,82.7,MEDIUM
PROJ-0910,48.6,,50.4,33.3,10,6,48.4,10,1,AI,15,5,45.9,HIGH
PROJ-0911,88.2,,77.7,75.0,3,1,72.3,48,1,IoT,12,9,75.0,LOW
PROJ-0912,82.0,27.7,70.5,78.9,4,0,80.7,44,6,AI,19,15,44.1,LOW
PROJ-0913,76.8,3.0,72.7,28.6,20,2,47.7,45,1,AI,28,8,69.0,MEDIUM
PROJ-0914,77.3,20.0,71.6,70.8,7,4,57.0,33,4,AI,24,17,34.1,MEDIUM
PROJ-0915,61.3,16.2,55.1,58.3,5,6,0.0,35,7,IoT,12,7,47.6,HIGH
PROJ-0916,62.9,14.8,72.6,58.6,12,7,51.6,40,5,Mobile,29,17,27.1,MEDIUM
PROJ-0917,88.0,9.9,49.9,50.0,11,5,35.3,35,7,AI,22,11,22.1,HIGH
PROJ-0918,52.5,19.0,25.9,32.0,17,5,12.0,15,7,AI,25,8,28.7,HIGH
PROJ-0919,51.6,5.2,48.7,20.0,16,6,42.4,23,2,Web,20,4,5.6,HIGH
PROJ-0920,73.2,18.4,63.3,100.0,0,4,82.3,65,4,Research,17,17,80.0,LOW
PROJ-0921,58.4,6.9,47.3,37.5,5,5,22.0,43,4,Web,8,3,56.4,HIGH
PROJ-0922,77.4,26.4,66.3,68.4,6,2,92.2,27,5,IoT,19,13,76.4,LOW
PROJ-0923,97.3,5.1,60.7,67.9,9,2,71.9,57,5,Web,28,19,77.3,LOW
PROJ-0924,93.9,30.6,79.4,80.0,1,0,58.7,50,2,IoT,5,4,76.8,LOW
PROJ-0925,84.6,5.2,19.9,32.0,17,3,18.6,50,1,Mobile,25,8,20.8,HIGH
PROJ-0926,61.9,1.0,20.5,0.0,8,6,37.8,17,2,Mobile,8,0,24.7,HIGH
PROJ-0927,66.8,16.5,50.5,50.0,8,3,44.7,29,5,IoT,16,8,15.2,HIGH
PROJ-0928,53.4,,42.8,47.1,9,9,24.3,16,1,Web,17,8,10.9,HIGH
PROJ-0929,78.4,18.8,77.2,63.2,7,0,72.7,81,1,Research,19,12,67.0,LOW
PROJ-0930,67.2,,71.6,57.1,6,1,48.6,20,1,AI,14,8,83.2,LOW
PROJ-0931,85.6,20.7,69.5,78.3,5,3,61.9,52,2,IoT,23,18,37.8,LOW
PROJ-0932,66.1,1.0,46.6,16.7,20,1,46.1,15,1,Research,24,4,14.3,HIGH
PROJ-0933,72.3,13.7,44.7,36.4,14,4,53.5,1,7,AI,22,8,48.5,MEDIUM
PROJ-0934,63.3,17.0,99.2,66.7,2,5,97.9,90,3,Research,6,4,72.0,LOW
PROJ-0935,64.4,14.6,83.1,47.8,12,1,26.5,56,7,Mobile,23,11,80.5,MEDIUM
PROJ-0936,85.0,18.1,84.8,56.2,7,1,60.6,28,5,Web,16,9,62.3,LOW
PROJ-0937,33.7,10.7,54.2,17.4,19,3,43.3,45,6,Web,23,4,48.1,HIGH
PROJ-0938,43.3,9.4,54.8,57.1,6,2,40.2,24,7,Web,14,8,23.9,HIGH
PROJ-0939,69.7,18.8,73.1,95.8,1,2,88.8,58,6,Research,24,23,51.9,LOW
PROJ-0940,66.8,20.2,43.0,47.6,11,2,51.1,15,2,Research,21,10,31.0,HIGH
PROJ-0941,63.2,22.1,58.1,42.9,12,2,53.2,28,1,AI,21,9,40.3,MEDIUM
PROJ-0942,67.5,11.3,38.0,31.6,13,4,48.8,23,3,AI,19,6,60.0,HIGH
PROJ-0943,76.2,9.4,23.0,7.7,24,5,29.8,9,1,AI,26,2,3.8,HIGH
PROJ-0944,83.2,23.2,87.6,53.6,13,0,59.9,40,4,AI,28,15,16.7,LOW
PROJ-0945,90.5,25.0,75.2,41.7,7,0,51.2,27,4,IoT,12,5,58.8,LOW
PROJ-0946,53.3,25.6,58.2,60.0,4,2,49.9,66,7,AI,10,6,68.6,LOW
PROJ-0947,83.3,31.8,73.6,70.4,8,0,65.8,31,3,Research,27,19,83.6,LOW
PROJ-0948,64.9,14.6,70.8,76.9,3,4,75.4,13,5,IoT,13,10,65.8,MEDIUM
PROJ-0949,84.1,26.8,72.4,48.1,14,0,71.9,18,2,AI,27,13,100.0,LOW
PROJ-0950,80.6,3.3,72.8,23.5,13,0,40.7,49,4,Mobile,17,4,,MEDIUM
PROJ-0951,49.3,19.7,55.4,37.0,17,3,64.6,36,5,Research,27,10,47.0,MEDIUM
PROJ-0952,60.9,,59.8,42.9,16,2,38.5,6,5,AI,28,12,23.9,HIGH
PROJ-0953,92.4,15.0,50.2,57.9,8,0,72.3,74,2,Web,19,11,63.0,LOW
PROJ-0954,95.0,13.4,59.7,17.9,23,2,39.3,19,4,Mobile,28,5,33.6,HIGH
PROJ-0955,76.9,,71.2,85.0,3,1,74.3,68,6,AI,20,17,57.2,LOW
PROJ-0956,81.4,18.9,68.7,76.0,6,1,72.1,77,2,Mobile,25,19,70.2,LOW
PROJ-0957,87.9,22.6,82.2,28.6,15,2,70.8,23,1,AI,21,6,59.2,LOW
PROJ-0958,66.9,22.8,,44.4,10,4,51.6,47,4,Research,18,8,55.9,MEDIUM
PROJ-0959,83.8,15.1,65.6,22.2,7,5,50.7,3,6,Web,9,2,24.7,HIGH
PROJ-0960,66.8,2.3,48.9,59.1,9,3,84.6,5,5,Mobile,22,13,54.9,MEDIUM
PROJ-0961,76.7,23.9,92.4,60.0,2,1,60.4,30,2,Research,5,3,92.2,LOW
PROJ-0962,77.2,31.9,68.4,68.8,5,0,90.7,38,3,Research,16,11,62.2,LOW
PROJ-0963,54.6,11.5,64.9,34.5,19,3,46.5,5,7,IoT,29,10,10.1,HIGH
PROJ-0964,74.0,15.7,87.7,62.5,6,0,68.9,63,3,IoT,16,10,45.5,LOW
PROJ-0965,56.2,3.6,52.9,35.0,13,2,44.2,11,3,IoT,20,7,31.2,HIGH
PROJ-0966,73.2,20.6,29.2,4.8,20,8,14.5,4,5,Mobile,21,1,18.7,HIGH
PROJ-0967,84.5,16.1,68.6,76.2,5,0,69.8,52,7,Research,21,16,59.8,LOW
PROJ-0968,87.4,17.1,73.1,64.3,10,0,100.0,36,3,AI,28,18,100.0,LOW
PROJ-0969,87.2,16.7,45.2,40.9,13,5,50.9,19,4,Research,22,9,44.1,MEDIUM
PROJ-0970,76.7,20.0,56.0,30.8,9,3,25.2,1,7,Research,13,4,47.3,MEDIUM
PROJ-0971,48.9,22.6,46.8,36.8,12,3,33.0,41,3,IoT,19,7,60.2,MEDIUM
PROJ-0972,76.7,21.9,63.9,66.7,5,1,60.9,61,6,IoT,15,10,44.4,LOW
PROJ-0973,71.6,18.1,82.1,76.9,3,3,62.9,26,3,IoT,13,10,71.8,LOW
PROJ-0974,73.0,12.0,73.5,66.7,7,1,86.9,28,2,IoT,21,14,62.7,LOW
PROJ-0975,68.4,19.9,44.9,53.6,13,2,38.0,23,3,Mobile,28,15,46.5,MEDIUM
PROJ-0976,62.9,18.2,61.9,44.8,16,3,75.0,38,4,IoT,29,13,44.9,MEDIUM
PROJ-0977,69.8,18.8,65.4,23.8,16,3,58.0,1,2,Mobile,21,5,64.8,MEDIUM
PROJ-0978,69.7,17.9,75.4,53.8,12,1,35.7,21,3,Web,26,14,38.7,MEDIUM
PROJ-0979,74.7,8.7,47.8,5.0,19,3,24.7,32,5,Mobile,20,1,36.7,HIGH
PROJ-0980,39.5,15.1,50.4,36.8,12,3,40.1,36,7,Web,19,7,29.6,HIGH
PROJ-0981,72.8,14.4,91.3,46.2,14,1,72.9,8,1,IoT,26,12,50.3,LOW
PROJ-0982,90.5,20.6,80.5,70.0,3,0,73.6,47,1,IoT,10,7,52.8,LOW
PROJ-0983,59.9,1.0,70.0,16.7,5,5,54.8,12,5,Web,6,1,25.4,HIGH
PROJ-0984,70.4,7.7,29.2,50.0,3,4,75.2,22,1,IoT,6,3,65.0,MEDIUM
PROJ-0985,67.7,12.4,70.1,43.8,9,3,48.3,34,7,Mobile,16,7,47.9,MEDIUM
PROJ-0986,70.4,1.5,81.9,72.4,8,4,49.6,44,7,Mobile,29,21,62.8,MEDIUM
PROJ-0987,69.8,11.4,60.1,66.7,3,4,,1,5,Mobile,9,6,30.3,MEDIUM
PROJ-0988,,17.4,100.0,54.5,10,0,94.1,41,6,AI,22,12,58.5,LOW
PROJ-0989,53.5,7.5,47.4,35.7,9,1,,40,6,Web,14,5,27.8,HIGH
PROJ-0990,44.6,20.7,43.4,11.1,16,1,65.0,1,4,IoT,18,2,36.7,HIGH
PROJ-0991,100.0,13.5,67.2,68.4,6,0,86.6,84,3,Research,19,13,45.9,LOW
PROJ-0992,74.6,9.1,64.7,70.6,5,0,70.4,69,2,Web,17,12,68.4,LOW
PROJ-0993,68.8,15.1,64.9,23.8,16,5,61.5,39,2,IoT,21,5,23.4,HIGH
PROJ-0994,71.1,9.0,,46.7,8,1,51.0,33,6,AI,15,7,56.3,MEDIUM
PROJ-0995,75.7,19.6,54.2,36.4,14,5,55.1,3,3,IoT,22,8,37.8,HIGH
PROJ-0996,54.5,4.3,47.9,10.5,17,4,21.0,38,3,Mobile,19,2,34.1,HIGH
PROJ-0997,59.3,20.7,89.9,46.7,8,3,47.9,32,2,Research,15,7,50.1,MEDIUM
PROJ-0998,74.5,18.5,63.1,69.0,9,4,49.5,42,4,Research,29,20,37.2,MEDIUM
PROJ-0999,46.7,16.7,66.4,45.5,12,2,37.5,49,3,AI,22,10,54.9,MEDIUM
PROJ-1000,81.2,14.7,54.9,43.8,9,4,47.8,19,2,IoT,16,7,47.2,MEDIUM
PROJ-1001,49.4,3.2,64.8,63.2,7,6,24.5,7,3,Mobile,19,12,,HIGH
PROJ-1002,61.7,11.7,46.8,17.9,23,1,19.2,25,5,Research,28,5,6.0,HIGH
PROJ-1003,91.4,23.4,77.9,69.2,8,1,67.5,41,6,Research,26,18,42.4,LOW
PROJ-1004,68.1,5.9,41.9,3.6,27,7,,33,3,Web,28,1,34.4,HIGH
PROJ-1005,69.7,11.7,67.6,20.0,8,1,48.8,39,3,AI,10,2,38.7,HIGH
PROJ-1006,62.9,22.2,74.2,50.0,3,2,56.9,22,5,Mobile,6,3,22.9,MEDIUM
PROJ-1007,60.4,9.8,59.9,31.6,13,1,26.7,31,1,Research,19,6,59.2,HIGH
PROJ-1008,77.9,11.6,64.1,0.0,18,1,26.9,9,5,Web,18,0,7.7,HIGH
PROJ-1009,58.7,1.0,75.0,50.0,9,1,38.3,7,1,IoT,18,9,57.7,MEDIUM
PROJ-1010,79.1,12.0,83.7,20.0,4,3,36.9,45,1,Research,5,1,46.8,MEDIUM
PROJ-1011,,3.9,52.7,19.0,17,6,28.1,16,7,Mobile,21,4,32.9,HIGH
PROJ-1012,90.7,,35.5,35.3,11,3,49.9,19,7,Mobile,17,6,57.8,MEDIUM
PROJ-1013,74.5,10.2,29.7,15.0,17,7,57.1,19,5,IoT,20,3,7.0,HIGH
PROJ-1014,57.4,9.4,69.7,45.0,11,5,0.0,39,6,AI,20,9,31.7,HIGH
PROJ-1015,78.2,15.8,45.2,55.2,13,3,63.9,49,2,Research,29,16,37.3,MEDIUM
PROJ-1016,65.4,23.9,81.0,24.0,19,0,49.4,16,1,Web,25,6,32.1,MEDIUM
PROJ-1017,79.7,20.1,70.7,100.0,0,2,76.6,38,7,AI,10,10,78.4,LOW
PROJ-1018,39.6,1.0,63.7,21.4,22,4,51.8,12,6,IoT,28,6,46.7,HIGH
PROJ-1019,65.5,8.8,40.5,33.3,4,5,37.8,5,7,Research,6,2,25.0,HIGH
PROJ-1020,55.5,9.4,64.3,16.7,20,4,59.2,40,6,Web,24,4,47.5,HIGH
PROJ-1021,53.8,10.5,55.7,33.3,6,4,31.3,26,3,IoT,9,3,20.1,HIGH
PROJ-1022,74.1,8.1,53.6,30.0,14,8,40.6,26,3,IoT,20,6,29.2,HIGH
PROJ-1023,90.6,20.0,82.2,78.6,3,2,98.7,32,1,Research,14,11,74.9,LOW
PROJ-1024,54.1,5.8,65.9,40.0,9,3,32.4,29,5,Mobile,15,6,16.9,HIGH
PROJ-1025,92.0,18.1,59.3,60.0,4,1,35.4,55,2,Research,10,6,35.9,MEDIUM
PROJ-1026,85.2,13.6,93.4,62.5,3,1,52.4,58,3,AI,8,5,,LOW
PROJ-1027,,12.9,33.4,73.1,7,3,51.8,24,5,AI,26,19,52.3,MEDIUM
PROJ-1028,67.4,11.1,56.5,12.5,21,7,14.2,17,1,Web,24,3,,HIGH
PROJ-1029,77.5,15.6,67.4,0.0,6,5,4.0,25,3,IoT,6,0,30.8,HIGH
PROJ-1030,82.2,13.1,84.7,46.4,15,0,92.6,29,1,Mobile,28,13,67.2,LOW
PROJ-1031,69.6,5.4,62.6,63.0,10,2,67.8,18,7,IoT,27,17,45.5,MEDIUM
PROJ-1032,,14.4,49.7,15.4,11,7,63.2,8,4,Web,13,2,5.8,HIGH
PROJ-1033,75.4,8.5,66.0,31.2,11,2,80.7,52,2,Mobile,16,5,30.9,MEDIUM
PROJ-1034,87.1,6.2,46.0,5.6,17,4,28.5,12,2,Research,18,1,54.0,HIGH
PROJ-1035,60.7,6.6,37.8,11.8,15,7,37.8,28,7,IoT,17,2,28.3,HIGH
PROJ-1036,75.7,11.0,71.2,42.3,15,4,41.8,8,7,Web,26,11,,HIGH
PROJ-1037,90.2,26.2,77.7,93.1,2,0,88.8,43,4,Web,29,27,62.6,LOW
PROJ-1038,60.4,17.3,72.9,44.4,5,3,32.1,45,5,Research,9,4,47.6,MEDIUM
PROJ-1039,77.6,23.1,86.6,39.1,14,2,76.9,54,4,Research,23,9,36.7,LOW
PROJ-1040,99.3,31.8,64.2,42.9,16,0,68.5,53,7,AI,28,12,56.0,LOW
PROJ-1041,79.3,14.7,59.1,61.5,5,2,24.3,36,5,Web,13,8,54.9,MEDIUM
PROJ-1042,91.2,10.3,48.3,54.5,10,2,60.5,56,6,AI,22,12,54.7,MEDIUM
PROJ-1043,73.7,12.0,,78.9,4,2,46.9,54,7,Web,19,15,51.8,MEDIUM
PROJ-1044,46.1,13.7,56.3,76.9,3,2,27.4,45,2,Mobile,13,10,60.1,MEDIUM
PROJ-1045,70.1,15.7,69.6,70.0,3,0,73.3,51,2,Research,10,7,74.5,LOW
PROJ-1046,72.0,16.8,75.4,68.4,6,1,61.5,37,1,Mobile,19,13,73.3,LOW
PROJ-1047,100.0,25.3,49.2,20.0,12,3,36.5,13,6,Web,15,3,80.9,MEDIUM
PROJ-1048,75.2,12.8,79.2,75.9,7,0,69.4,35,5,Web,29,22,62.6,LOW
PROJ-1049,81.3,3.9,54.9,50.0,7,4,49.6,12,7,IoT,14,7,47.0,MEDIUM
PROJ-1050,49.6,16.9,32.0,7.1,13,5,22.3,10,4,Web,14,1,25.0,HIGH
PROJ-1051,63.3,9.4,51.1,20.0,4,3,54.9,41,3,Mobile,5,1,29.5,MEDIUM
PROJ-1052,86.4,17.5,68.7,74.1,7,1,84.5,40,5,IoT,27,20,31.5,LOW
PROJ-1053,90.3,5.6,66.7,41.4,17,3,61.1,35,2,Web,29,12,38.1,MEDIUM
PROJ-1054,67.6,16.6,49.0,69.2,8,0,56.5,50,3,Mobile,26,18,20.8,MEDIUM
PROJ-1055,76.5,23.9,46.3,70.0,3,3,13.2,57,1,Web,10,7,68.7,MEDIUM
PROJ-1056,96.9,1.0,71.2,60.7,11,3,59.3,42,6,IoT,28,17,56.1,MEDIUM
PROJ-1057,72.7,5.6,39.6,47.1,9,5,10.2,26,4,IoT,17,8,31.6,HIGH
PROJ-1058,88.5,11.3,65.7,48.3,15,1,47.7,8,6,AI,29,14,15.3,MEDIUM
PROJ-1059,82.7,14.7,63.7,60.0,4,2,44.3,44,2,Mobile,10,6,63.1,LOW
PROJ-1060,100.0,17.9,91.2,66.7,8,1,92.8,1,1,AI,24,16,48.0,LOW
PROJ-1061,89.1,25.6,81.0,50.0,3,0,76.8,63,2,Web,6,3,76.4,LOW
PROJ-1062,94.5,31.1,71.3,45.5,6,1,75.2,29,2,IoT,11,5,68.2,LOW
PROJ-1063,61.5,,33.1,50.0,4,4,51.3,17,5,Mobile,8,4,46.0,MEDIUM
PROJ-1064,85.3,17.8,68.4,52.4,10,3,37.7,48,7,Web,21,11,40.8,LOW
PROJ-1065,80.0,25.6,75.5,63.6,4,2,80.1,16,5,Research,11,7,77.9,LOW
PROJ-1066,75.1,9.7,71.0,42.9,12,3,55.7,15,6,IoT,21,9,5.7,HIGH
PROJ-1067,74.0,10.7,73.9,39.3,17,1,77.0,37,4,AI,28,11,43.5,MEDIUM
PROJ-1068,95.1,21.0,67.8,18.8,13,2,32.9,26,5,AI,16,3,6.3,MEDIUM
PROJ-1069,87.4,16.0,87.0,71.4,4,1,69.7,43,1,Research,14,10,72.5,LOW
PROJ-1070,72.6,22.7,65.5,100.0,0,0,59.5,43,2,IoT,23,23,71.3,LOW
PROJ-1071,79.9,16.9,35.7,20.0,4,1,18.7,22,2,IoT,5,1,32.6,MEDIUM
PROJ-1072,63.8,1.0,51.2,22.2,21,2,37.7,35,7,Research,27,6,8.5,HIGH
PROJ-1073,45.3,5.2,53.0,33.3,18,7,31.2,30,7,Web,27,9,23.1,HIGH
PROJ-1074,83.2,21.3,78.7,75.0,3,0,77.8,57,5,Research,12,9,62.6,LOW
PROJ-1075,65.1,,42.0,44.4,5,4,29.3,27,7,AI,9,4,44.0,HIGH
PROJ-1076,69.1,10.3,54.8,66.7,9,1,47.6,38,6,Mobile,27,18,58.5,MEDIUM
PROJ-1077,53.5,15.2,97.2,57.1,3,1,75.4,37,5,Research,7,4,87.0,LOW
PROJ-1078,85.8,18.1,83.4,76.2,5,2,80.8,12,3,Web,21,16,62.9,LOW
PROJ-1079,71.8,10.9,32.3,15.4,22,5,,27,4,IoT,26,4,43.4,HIGH
PROJ-1080,69.7,13.3,81.4,40.0,12,4,58.8,59,5,AI,20,8,49.7,MEDIUM
PROJ-1081,93.4,33.4,76.3,75.0,4,2,84.6,80,1,Mobile,16,12,77.1,LOW
PROJ-1082,69.5,13.6,58.0,37.5,15,3,17.4,25,4,AI,24,9,22.2,HIGH
PROJ-1083,94.7,21.6,71.3,69.2,4,2,90.4,67,7,Web,13,9,59.2,LOW
PROJ-1084,77.9,27.2,79.4,59.3,11,1,80.0,60,5,AI,27,16,73.6,LOW
PROJ-1085,75.4,1.0,56.8,66.7,6,3,51.0,25,3,IoT,18,12,82.1,MEDIUM
PROJ-1086,74.8,4.7,48.5,14.3,6,3,38.4,2,2,IoT,7,1,12.8,HIGH
PROJ-1087,89.2,14.2,82.6,71.4,2,0,88.6,47,7,AI,7,5,95.5,LOW
PROJ-1088,88.3,25.8,100.0,82.1,5,0,77.8,66,6,IoT,28,23,94.7,LOW
PROJ-1089,56.7,7.2,49.8,42.9,8,6,38.9,20,6,Research,14,6,26.2,HIGH
PROJ-1090,79.2,6.2,75.9,37.5,5,5,46.0,31,3,IoT,8,3,37.2,MEDIUM
PROJ-1091,58.7,15.4,79.0,70.0,6,3,25.5,18,1,AI,20,14,53.3,MEDIUM
PROJ-1092,62.5,19.2,58.3,41.7,7,5,27.3,30,3,Web,12,5,29.0,HIGH
PROJ-1093,,15.4,89.3,42.9,8,0,,72,7,AI,14,6,65.1,LOW
PROJ-1094,60.4,5.5,61.8,18.2,18,5,30.2,7,5,Research,22,4,30.5,HIGH
PROJ-1095,51.8,5.0,43.9,4.5,21,6,35.7,28,5,Web,22,1,31.7,HIGH
PROJ-1096,79.3,24.0,87.4,66.7,3,3,84.7,59,6,IoT,9,6,73.8,LOW
PROJ-1097,75.8,22.6,73.2,82.4,3,3,72.2,60,1,Web,17,14,66.0,LOW
PROJ-1098,83.2,28.0,64.9,52.6,9,0,51.7,52,2,AI,19,10,30.1,LOW
PROJ-1099,82.5,24.4,79.7,82.4,3,0,68.2,36,4,IoT,17,14,90.7,LOW
PROJ-1100,51.1,3.2,40.2,41.2,10,2,64.3,16,3,Web,17,7,36.1,HIGH
PROJ-1101,73.5,17.2,89.9,33.3,4,0,76.4,56,6,AI,6,2,60.2,LOW
PROJ-1102,76.4,12.7,96.6,54.5,5,2,60.5,29,2,IoT,11,6,55.7,MEDIUM
PROJ-1103,44.2,8.2,64.8,0.0,18,3,21.1,12,1,Web,18,0,38.3,HIGH
PROJ-1104,73.4,8.0,58.0,42.9,8,1,58.5,14,3,IoT,14,6,22.0,MEDIUM
PROJ-1105,96.4,23.6,87.4,70.6,5,1,100.0,48,6,Research,17,12,65.9,LOW
PROJ-1106,72.2,3.4,,57.1,6,3,47.4,19,7,Web,14,8,73.0,MEDIUM
PROJ-1107,83.9,15.0,63.3,6.7,14,6,0.0,33,4,AI,15,1,,HIGH
PROJ-1108,55.2,13.1,77.2,44.4,10,3,53.3,35,2,Mobile,18,8,48.9,MEDIUM
PROJ-1109,97.0,12.5,58.2,58.3,10,4,52.2,21,2,IoT,24,14,30.4,HIGH
PROJ-1110,81.7,20.9,64.5,69.6,7,1,51.9,57,3,AI,23,16,89.3,LOW
PROJ-1111,93.2,15.6,42.3,28.6,10,4,50.2,51,7,IoT,14,4,53.1,MEDIUM
PROJ-1112,100.0,8.1,58.5,53.3,7,0,62.9,75,2,Web,15,8,64.2,LOW
PROJ-1113,80.7,17.7,71.9,58.3,5,1,49.1,53,4,Mobile,12,7,72.9,LOW
PROJ-1114,95.9,7.3,63.2,72.7,3,2,88.3,36,5,IoT,11,8,64.6,LOW
PROJ-1115,68.1,8.5,76.6,12.5,7,2,41.2,1,1,IoT,8,1,1.9,HIGH
PROJ-1116,93.6,7.8,60.5,46.2,7,3,52.5,33,6,Mobile,13,6,53.5,MEDIUM
PROJ-1117,86.3,19.9,79.7,57.9,8,2,55.3,12,7,IoT,19,11,56.3,LOW
PROJ-1118,61.1,10.0,52.7,40.9,13,2,42.1,30,1,IoT,22,9,28.2,HIGH
PROJ-1119,82.4,21.5,65.5,72.7,3,0,85.4,4,5,IoT,11,8,68.2,LOW
PROJ-1120,52.0,6.5,45.4,33.3,6,3,74.4,9,5,Mobile,9,3,5.7,HIGH
PROJ-1121,80.4,29.1,65.0,66.7,5,1,61.6,58,2,Mobile,15,10,,LOW
PROJ-1122,60.9,12.7,69.8,50.0,6,2,36.5,45,4,Web,12,6,33.8,MEDIUM
PROJ-1123,86.0,22.6,89.0,80.0,4,0,70.9,66,4,Research,20,16,55.6,LOW
PROJ-1124,82.6,23.4,79.0,55.6,4,1,78.9,59,4,Research,9,5,50.7,LOW
PROJ-1125,74.6,8.8,71.8,51.7,14,0,62.1,31,5,Research,29,15,44.4,MEDIUM
PROJ-1126,82.1,14.8,60.4,38.5,8,0,100.0,57,3,Mobile,13,5,83.5,LOW
PROJ-1127,57.6,9.0,58.3,53.8,6,5,51.5,41,2,IoT,13,7,12.9,HIGH
PROJ-1128,,9.7,72.2,28.6,10,3,38.0,36,4,Research,14,4,23.3,HIGH
PROJ-1129,47.2,16.0,22.1,36.8,12,2,50.0,13,4,Research,19,7,28.6,HIGH
PROJ-1130,46.2,9.3,77.7,42.9,16,3,16.8,23,1,Mobile,28,12,28.7,MEDIUM
PROJ-1131,84.5,9.4,63.5,46.4,15,3,19.1,17,3,AI,28,13,49.3,MEDIUM
PROJ-1132,67.5,13.0,42.3,11.8,15,4,22.7,23,1,AI,17,2,17.6,HIGH
PROJ-1133,100.0,26.4,66.1,50.0,13,0,64.3,28,4,AI,26,13,64.3,LOW
PROJ-1134,61.2,24.9,72.6,60.0,6,1,87.2,39,2,Mobile,15,9,71.4,LOW
PROJ-1135,89.2,25.9,86.9,44.0,14,0,82.5,28,5,AI,25,11,52.7,LOW
PROJ-1136,82.0,11.5,41.6,20.0,4,7,25.8,35,1,IoT,5,1,31.8,HIGH
PROJ-1137,56.5,14.7,66.4,68.8,5,2,71.1,17,2,Web,16,11,53.3,MEDIUM
PROJ-1138,64.0,22.5,68.4,45.5,12,2,36.5,27,2,Mobile,22,10,23.7,MEDIUM
PROJ-1139,89.2,23.3,72.8,40.0,15,3,37.0,68,2,AI,25,10,34.7,MEDIUM
PROJ-1140,95.1,25.0,87.2,40.0,3,0,73.3,54,1,Research,5,2,100.0,LOW
PROJ-1141,59.0,12.7,34.2,23.5,13,2,61.8,26,3,IoT,17,4,45.3,HIGH
PROJ-1142,77.8,2.1,45.4,25.0,18,7,15.2,3,4,Research,24,6,16.5,HIGH
PROJ-1143,100.0,25.4,54.0,73.3,4,2,76.0,48,3,Web,15,11,71.3,LOW
PROJ-1144,,12.9,78.7,91.7,1,1,63.3,66,2,Mobile,12,11,39.9,LOW
PROJ-1145,84.5,10.0,52.2,61.9,8,5,59.5,30,5,IoT,21,13,69.1,MEDIUM
PROJ-1146,78.6,12.3,87.2,15.4,11,4,50.0,32,4,Web,13,2,40.5,HIGH
PROJ-1147,75.3,21.5,55.8,80.0,1,0,60.1,64,7,AI,5,4,53.0,LOW
PROJ-1148,57.4,5.3,59.0,38.5,8,2,81.5,76,2,Web,13,5,59.7,MEDIUM
PROJ-1149,54.2,7.6,51.6,33.3,4,3,,11,5,AI,6,2,36.0,HIGH
PROJ-1150,92.7,13.3,70.3,16.7,5,3,0.8,19,3,Mobile,6,1,54.3,MEDIUM
PROJ-1151,73.5,12.0,,40.0,3,2,76.3,35,7,Research,5,2,56.8,MEDIUM
PROJ-1152,80.0,3.7,67.8,15.4,11,3,44.0,31,3,Research,13,2,65.4,MEDIUM
PROJ-1153,33.0,13.4,61.1,37.5,15,5,29.2,29,4,AI,24,9,39.2,HIGH
PROJ-1154,65.6,1.0,47.3,0.0,29,5,14.9,17,4,Research,29,0,32.9,HIGH
PROJ-1155,,17.7,69.2,65.0,7,4,63.8,27,4,Mobile,20,13,,MEDIUM
PROJ-1156,64.4,,81.8,25.0,9,4,47.9,44,7,Mobile,12,3,66.4,MEDIUM
PROJ-1157,92.9,8.5,82.8,60.0,2,0,76.6,44,5,Mobile,5,3,60.6,LOW
PROJ-1158,43.8,13.9,79.1,42.9,8,5,38.8,25,6,IoT,14,6,36.2,HIGH
PROJ-1159,64.9,6.4,37.3,33.3,6,5,6.4,1,6,AI,9,3,4.2,HIGH
PROJ-1160,80.0,7.5,50.7,3.7,26,3,63.6,28,1,Research,27,1,37.1,HIGH
PROJ-1161,,7.3,42.2,30.4,16,3,18.6,24,6,Mobile,23,7,33.0,HIGH
PROJ-1162,84.6,23.1,73.8,37.5,15,1,40.1,36,5,IoT,24,9,63.1,MEDIUM
PROJ-1163,89.1,13.0,57.0,50.0,12,2,61.4,73,1,Mobile,24,12,23.4,MEDIUM
PROJ-1164,62.5,2.5,,50.0,7,1,28.3,18,1,Research,14,7,51.3,MEDIUM
PROJ-1165,73.1,12.3,43.7,26.3,14,3,48.0,36,1,IoT,19,5,22.4,HIGH
PROJ-1166,57.6,8.3,57.9,38.5,16,4,0.0,31,1,Research,26,10,15.3,HIGH
PROJ-1167,95.5,16.1,53.7,28.6,5,2,39.3,16,7,Web,7,2,60.9,MEDIUM
PROJ-1168,77.5,20.0,62.6,80.8,5,2,78.8,29,3,Mobile,26,21,84.3,LOW
PROJ-1169,65.4,8.5,74.2,88.2,2,0,56.2,81,5,IoT,17,15,69.9,LOW
PROJ-1170,89.4,9.9,47.0,14.3,24,2,47.3,33,3,IoT,28,4,47.8,HIGH
PROJ-1171,70.0,22.0,57.8,27.3,8,4,26.9,2,4,AI,11,3,51.7,MEDIUM
PROJ-1172,74.4,12.0,65.9,22.2,7,1,63.4,24,6,AI,9,2,11.8,MEDIUM
PROJ-1173,74.0,11.3,68.7,80.0,4,2,94.1,58,3,IoT,20,16,51.9,LOW
PROJ-1174,46.1,9.4,65.5,52.4,10,2,46.4,34,3,Research,21,11,52.5,MEDIUM
PROJ-1175,53.6,5.8,13.1,9.5,19,5,24.1,25,5,Mobile,21,2,22.4,HIGH
PROJ-1176,97.6,21.2,,65.0,7,0,87.6,61,4,AI,20,13,61.1,LOW
PROJ-1177,69.7,3.4,56.2,50.0,4,1,66.3,37,7,AI,8,4,34.5,MEDIUM
PROJ-1178,92.7,16.3,72.8,71.4,2,1,73.6,27,4,IoT,7,5,70.2,LOW
PROJ-1179,73.5,15.0,58.7,15.8,16,6,48.0,31,1,Mobile,19,3,38.3,HIGH
PROJ-1180,58.9,1.0,40.4,31.6,13,1,38.4,37,2,Web,19,6,30.6,HIGH
PROJ-1181,71.6,9.9,28.0,11.5,23,10,38.6,1,5,Web,26,3,12.0,HIGH
PROJ-1182,55.6,15.4,54.7,33.3,10,3,39.3,9,6,IoT,15,5,36.5,HIGH
PROJ-1183,59.4,4.9,63.8,0.0,28,4,40.6,11,1,Mobile,28,0,12.6,HIGH
PROJ-1184,70.0,18.1,57.0,50.0,5,1,43.6,50,2,Mobile,10,5,9.0,MEDIUM
PROJ-1185,70.3,6.8,63.7,46.2,7,1,64.2,50,3,Mobile,13,6,50.9,MEDIUM
PROJ-1186,65.7,25.6,59.4,57.9,8,2,53.4,60,2,Research,19,11,39.6,MEDIUM
PROJ-1187,97.2,21.1,70.3,80.0,2,0,88.7,27,1,Research,10,8,47.2,LOW
PROJ-1188,58.8,13.4,74.2,14.3,6,2,58.3,52,2,Web,7,1,37.5,MEDIUM
PROJ-1189,84.1,4.2,62.2,16.7,5,3,33.2,9,2,IoT,6,1,56.1,HIGH
PROJ-1190,63.3,1.0,49.5,35.7,18,2,47.8,19,3,Research,28,10,58.6,HIGH
PROJ-1191,92.2,22.5,84.5,63.6,4,0,77.7,64,7,Web,11,7,54.5,LOW
PROJ-1192,43.2,1.1,52.5,23.5,13,4,47.7,30,2,IoT,17,4,42.0,HIGH
PROJ-1193,86.3,19.8,45.1,50.0,5,4,21.1,29,3,Mobile,10,5,0.0,MEDIUM
PROJ-1194,53.0,11.3,52.4,18.2,9,4,20.0,42,2,Web,11,2,26.6,HIGH
PROJ-1195,92.0,8.2,81.9,19.2,21,1,60.0,45,4,Web,26,5,58.0,MEDIUM
PROJ-1196,65.1,16.1,81.4,5.9,16,3,32.5,14,1,Mobile,17,1,20.4,HIGH
PROJ-1197,86.8,16.7,68.8,100.0,0,0,100.0,46,2,AI,11,11,61.6,LOW
PROJ-1198,75.2,28.9,61.5,92.9,2,2,58.9,64,5,Research,28,26,83.4,LOW
PROJ-1199,67.4,,70.2,35.0,13,5,14.4,16,7,Web,20,7,54.6,HIGH
PROJ-1200,88.7,15.5,46.5,44.4,10,3,63.5,6,4,AI,18,8,72.8,MEDIUM
PROJ-1201,85.1,24.5,95.7,90.9,1,0,68.7,23,5,Web,11,10,95.3,LOW
PROJ-1202,63.6,12.0,94.3,60.0,2,2,62.7,27,6,AI,5,3,59.6,MEDIUM
PROJ-1203,65.6,13.4,,35.0,13,4,53.3,47,6,IoT,20,7,2.0,HIGH
PROJ-1204,100.0,18.6,86.2,66.7,9,1,51.9,33,4,IoT,27,18,76.8,LOW
PROJ-1205,63.7,10.2,49.2,35.7,9,4,21.8,1,6,Research,14,5,40.3,MEDIUM
PROJ-1206,92.8,20.3,81.6,51.7,14,0,100.0,58,7,IoT,29,15,67.3,LOW
PROJ-1207,87.8,18.0,83.0,46.7,8,0,74.2,84,2,AI,15,7,62.5,LOW
PROJ-1208,81.8,17.1,76.2,71.4,6,0,60.7,28,5,AI,21,15,63.7,LOW
PROJ-1209,68.1,13.4,64.2,60.9,9,0,83.6,35,6,Research,23,14,60.9,LOW
PROJ-1210,70.6,6.7,84.9,52.0,12,0,55.0,42,4,Mobile,25,13,46.1,MEDIUM
PROJ-1211,,14.6,56.2,42.9,4,2,50.2,35,5,Web,7,3,54.6,MEDIUM
PROJ-1212,86.9,22.8,91.2,60.0,2,0,53.0,33,5,IoT,5,3,72.1,LOW
PROJ-1213,62.4,13.6,30.7,16.7,5,9,24.2,34,4,Research,6,1,28.2,HIGH
PROJ-1214,53.2,9.5,65.2,42.9,4,4,28.3,32,2,Research,7,3,30.7,HIGH
PROJ-1215,59.0,5.2,20.6,0.0,8,4,25.8,1,2,AI,8,0,23.3,HIGH
PROJ-1216,57.2,4.5,58.4,25.9,20,3,28.4,9,7,Web,27,7,41.3,HIGH
PROJ-1217,85.7,29.1,82.5,42.1,11,1,48.3,80,3,Research,19,8,77.6,LOW
PROJ-1218,60.0,4.9,54.3,33.3,16,8,11.0,20,5,Research,24,8,22.6,HIGH
PROJ-1219,82.8,22.9,,78.6,6,0,56.4,33,1,Mobile,28,22,58.8,LOW
PROJ-1220,,1.0,61.2,34.6,17,2,38.4,19,6,AI,26,9,28.8,HIGH
PROJ-1221,81.3,7.0,53.6,50.0,6,5,46.9,17,1,IoT,12,6,36.6,HIGH
PROJ-1222,88.5,20.9,91.6,58.3,5,1,62.9,51,1,IoT,12,7,53.4,MEDIUM
PROJ-1223,52.0,8.0,65.2,33.3,18,6,56.3,38,6,IoT,27,9,60.4,HIGH
PROJ-1224,86.8,25.5,60.2,66.7,8,2,86.5,44,4,Research,24,16,72.3,LOW
PROJ-1225,100.0,22.9,70.0,71.4,4,0,90.0,73,4,Research,14,10,36.6,LOW
PROJ-1226,58.3,11.4,47.6,31.2,11,0,68.7,55,7,Web,16,5,63.5,MEDIUM
PROJ-1227,78.3,4.7,27.0,28.0,18,3,49.5,21,3,AI,25,7,15.9,HIGH
PROJ-1228,63.5,14.1,80.6,41.4,17,1,18.3,54,5,Research,29,12,48.4,MEDIUM
PROJ-1229,78.3,14.5,74.5,37.5,5,0,44.6,29,6,AI,8,3,31.4,MEDIUM
PROJ-1230,81.8,31.7,72.5,72.4,8,1,79.3,3,3,Research,29,21,70.7,LOW
PROJ-1231,88.7,28.9,84.9,75.9,7,4,49.2,34,2,Mobile,29,22,44.5,LOW
PROJ-1232,76.7,14.9,77.0,29.4,12,4,40.0,58,4,Mobile,17,5,43.3,MEDIUM
PROJ-1233,72.1,20.1,90.6,68.4,6,0,64.5,39,6,Mobile,19,13,82.1,LOW
PROJ-1234,80.0,21.8,90.0,71.4,6,4,50.5,27,7,Mobile,21,15,63.7,LOW
PROJ-1235,84.4,1.0,37.7,47.4,10,5,17.7,8,2,Research,19,9,46.6,HIGH
PROJ-1236,62.4,16.5,75.7,16.7,10,1,51.0,31,6,Mobile,12,2,56.8,MEDIUM
PROJ-1237,64.8,16.8,68.4,91.7,1,1,80.2,69,7,Web,12,11,56.7,LOW
PROJ-1238,90.1,11.8,62.8,33.3,4,5,0.0,8,5,Research,6,2,30.4,HIGH
PROJ-1239,71.3,15.3,75.3,68.8,5,4,100.0,48,1,Research,16,11,90.4,LOW
PROJ-1240,75.5,19.8,77.6,65.2,8,4,63.4,55,6,Research,23,15,82.8,LOW
PROJ-1241,65.7,7.4,69.9,25.0,15,2,33.3,39,6,Research,20,5,29.0,HIGH
PROJ-1242,87.2,25.1,78.9,66.7,5,0,83.6,39,7,Research,15,10,50.7,LOW
PROJ-1243,79.0,10.2,51.1,20.0,16,3,19.5,38,3,Mobile,20,4,25.7,HIGH
PROJ-1244,80.2,17.8,75.9,58.3,10,1,71.9,44,2,Web,24,14,67.4,LOW
PROJ-1245,67.5,21.6,77.5,51.9,13,3,27.0,33,5,Web,27,14,25.2,MEDIUM
PROJ-1246,67.0,15.8,41.3,24.1,22,5,42.7,43,4,Mobile,29,7,0.0,HIGH
PROJ-1247,84.4,8.3,44.9,57.7,11,3,57.1,26,3,Web,26,15,44.2,MEDIUM
PROJ-1248,85.2,12.8,69.5,50.0,3,5,73.2,32,7,Research,6,3,53.6,MEDIUM
PROJ-1249,72.2,6.9,47.3,38.1,13,5,53.2,1,7,IoT,21,8,17.6,HIGH
PROJ-1250,88.6,8.4,47.9,42.9,4,4,33.5,21,2,Web,7,3,6.4,HIGH
PROJ-1251,65.3,,47.8,43.8,9,7,4.8,19,4,IoT,16,7,31.4,HIGH
PROJ-1252,68.3,7.2,72.3,72.7,6,3,53.2,13,1,Mobile,22,16,60.3,MEDIUM
PROJ-1253,81.9,10.4,83.3,93.8,1,1,78.4,27,3,Research,16,15,62.7,LOW
PROJ-1254,97.5,14.4,84.1,88.9,1,0,88.7,58,6,Mobile,9,8,66.3,LOW
PROJ-1255,71.7,9.8,75.9,27.3,16,1,71.3,11,5,IoT,22,6,62.4,MEDIUM
PROJ-1256,77.1,5.1,39.3,38.5,8,5,50.4,8,3,AI,13,5,31.1,HIGH
PROJ-1257,79.6,11.9,58.0,36.4,7,4,38.4,40,4,Research,11,4,16.3,HIGH
PROJ-1258,67.6,11.5,61.8,60.0,2,4,50.7,21,5,Research,5,3,64.7,MEDIUM
PROJ-1259,69.0,10.4,61.1,26.9,19,2,29.2,20,7,AI,26,7,,HIGH
PROJ-1260,76.1,28.9,90.9,78.9,4,1,82.6,28,4,Web,19,15,71.6,LOW
PROJ-1261,93.8,8.6,32.8,50.0,7,1,30.2,51,5,AI,14,7,28.1,MEDIUM
PROJ-1262,78.3,18.3,,57.1,3,4,41.1,29,4,Research,7,4,52.1,MEDIUM
PROJ-1263,82.0,15.0,55.7,73.3,4,1,48.3,46,3,Web,15,11,,MEDIUM
PROJ-1264,88.3,18.8,64.4,63.2,7,0,80.4,48,4,IoT,19,12,64.2,LOW
PROJ-1265,87.0,18.1,63.8,40.9,13,1,68.5,61,4,Mobile,22,9,75.6,LOW
PROJ-1266,90.3,13.5,82.0,25.0,6,2,64.8,46,2,AI,8,2,22.4,MEDIUM
PROJ-1267,66.6,3.7,27.0,0.0,26,3,30.4,20,2,Research,26,0,25.3,HIGH
PROJ-1268,71.4,12.4,85.0,57.1,6,1,60.7,11,5,Mobile,14,8,47.3,MEDIUM
PROJ-1269,43.2,18.5,37.5,54.5,5,2,,39,3,IoT,11,6,7.1,HIGH
PROJ-1270,89.2,23.6,57.9,75.0,2,0,84.1,30,7,Research,8,6,37.7,LOW
PROJ-1271,90.2,7.0,36.6,53.3,7,1,39.2,51,1,Research,15,8,52.8,MEDIUM
PROJ-1272,62.0,16.0,100.0,73.7,5,2,52.1,62,1,Web,19,14,72.9,MEDIUM
PROJ-1273,60.6,18.7,73.8,45.5,6,4,79.0,21,6,Web,11,5,42.9,MEDIUM
PROJ-1274,64.3,15.2,41.4,50.0,6,2,56.2,19,2,Research,12,6,32.5,MEDIUM
PROJ-1275,64.3,10.9,,37.5,5,1,26.4,10,7,Web,8,3,43.7,MEDIUM
PROJ-1276,60.8,9.4,57.6,66.7,8,3,55.1,27,3,AI,24,16,35.0,MEDIUM
PROJ-1277,52.5,,43.8,50.0,8,2,53.6,25,3,Research,16,8,38.3,MEDIUM
PROJ-1278,53.0,10.0,55.7,16.7,10,1,26.5,38,6,Web,12,2,30.5,HIGH
PROJ-1279,70.8,12.0,62.7,55.0,9,1,55.2,20,2,AI,20,11,69.2,MEDIUM
PROJ-1280,100.0,22.1,56.0,82.4,3,0,87.9,90,6,Research,17,14,62.0,LOW
PROJ-1281,94.4,19.3,68.3,72.0,7,0,66.5,85,4,IoT,25,18,78.2,LOW
PROJ-1282,65.4,24.3,60.1,41.7,7,2,75.7,20,5,Web,12,5,48.4,MEDIUM
PROJ-1283,55.7,6.4,62.3,60.0,8,2,56.8,18,1,Mobile,20,12,19.7,HIGH
PROJ-1284,66.1,1.6,39.9,0.0,18,7,23.8,50,3,Web,18,0,33.8,HIGH
PROJ-1285,100.0,28.4,82.7,66.7,3,0,86.2,32,6,AI,9,6,25.1,LOW
PROJ-1286,98.2,16.4,56.7,41.2,10,1,45.8,15,1,Research,17,7,52.8,MEDIUM
PROJ-1287,69.0,15.1,45.8,51.9,13,2,54.8,25,4,AI,27,14,20.5,MEDIUM
PROJ-1288,83.3,22.5,68.1,75.0,2,1,,38,7,Web,8,6,63.1,LOW
PROJ-1289,67.0,16.8,78.6,85.0,3,1,84.4,57,6,Research,20,17,81.0,LOW
PROJ-1290,77.1,13.8,76.0,42.3,15,3,68.3,40,1,IoT,26,11,35.7,MEDIUM
PROJ-1291,60.3,16.0,81.5,56.5,10,3,43.0,23,6,Web,23,13,56.9,HIGH
PROJ-1292,77.3,16.9,76.3,57.1,3,0,74.0,24,3,Mobile,7,4,57.1,LOW
PROJ-1293,48.3,14.8,24.1,25.0,21,6,32.0,1,2,IoT,28,7,37.7,HIGH
PROJ-1294,52.3,2.8,39.5,35.3,11,4,41.9,41,2,IoT,17,6,23.6,HIGH
PROJ-1295,69.9,14.6,64.8,42.9,16,3,14.9,35,7,Mobile,28,12,18.9,HIGH
PROJ-1296,56.5,3.4,44.3,21.4,11,7,18.4,37,5,Research,14,3,13.9,HIGH
PROJ-1297,81.9,24.8,85.3,40.0,3,0,61.6,66,3,Research,5,2,72.3,LOW
PROJ-1298,87.1,10.5,73.2,25.0,6,4,15.8,16,1,Research,8,2,31.7,MEDIUM
PROJ-1299,66.8,11.3,37.9,50.0,6,3,59.7,29,2,IoT,12,6,65.3,MEDIUM
PROJ-1300,78.7,18.7,67.9,42.3,15,2,40.5,23,5,AI,26,11,23.9,MEDIUM
PROJ-1301,100.0,22.7,,71.4,6,2,52.2,46,5,Mobile,21,15,72.5,LOW
PROJ-1302,71.9,13.5,74.4,20.0,4,3,,86,6,Research,5,1,45.9,LOW
PROJ-1303,51.9,7.3,62.3,28.6,5,4,73.8,22,3,Web,7,2,65.0,MEDIUM
PROJ-1304,75.9,12.6,47.0,0.0,24,4,4.5,3,5,Research,24,0,33.7,HIGH
PROJ-1305,61.0,10.7,46.9,31.8,15,4,20.8,21,3,Mobile,22,7,0.0,HIGH
PROJ-1306,91.8,18.8,89.9,27.3,8,2,49.8,51,7,Mobile,11,3,32.1,MEDIUM
PROJ-1307,53.1,16.8,63.8,32.1,19,6,53.8,38,4,AI,28,9,18.1,HIGH
PROJ-1308,70.8,3.8,53.0,28.6,10,3,46.9,24,1,Web,14,4,38.6,HIGH
PROJ-1309,100.0,28.9,72.4,75.0,5,1,87.7,86,4,Web,20,15,57.0,LOW
PROJ-1310,83.0,32.6,86.4,71.4,4,3,76.8,29,3,IoT,14,10,50.2,LOW
PROJ-1311,40.7,8.7,78.5,0.0,6,1,4.0,19,2,AI,6,0,21.2,HIGH
PROJ-1312,81.9,19.9,81.3,60.0,8,0,93.3,25,3,Web,20,12,42.6,LOW
PROJ-1313,58.8,17.3,80.2,55.2,13,1,51.9,25,1,Mobile,29,16,37.3,MEDIUM
PROJ-1314,100.0,18.6,79.3,69.2,4,0,83.7,60,3,Research,13,9,89.9,LOW
PROJ-1315,87.2,17.0,56.8,76.2,5,0,100.0,78,2,Web,21,16,66.5,LOW
PROJ-1316,94.1,8.7,61.6,75.0,2,0,54.3,67,3,AI,8,6,,LOW
PROJ-1317,86.2,7.0,65.8,34.8,15,1,12.7,1,5,AI,23,8,0.0,HIGH
PROJ-1318,66.4,6.1,44.8,42.9,4,4,25.1,53,5,Web,7,3,,HIGH
PROJ-1319,68.3,11.3,79.4,50.0,4,2,27.5,47,4,AI,8,4,38.7,MEDIUM
PROJ-1320,88.1,15.4,68.0,62.5,6,2,64.8,24,6,AI,16,10,83.3,LOW
PROJ-1321,43.4,3.5,59.9,20.0,12,4,26.2,31,5,Web,15,3,20.6,HIGH
PROJ-1322,64.3,6.5,66.1,33.3,6,2,20.2,64,3,AI,9,3,46.4,MEDIUM
PROJ-1323,88.8,31.8,67.4,75.0,7,5,75.6,59,5,Mobile,28,21,92.3,LOW
PROJ-1324,86.7,20.0,92.1,68.4,6,0,88.9,43,2,IoT,19,13,68.5,LOW
PROJ-1325,59.0,13.8,56.6,54.2,11,3,46.4,14,2,AI,24,13,51.2,MEDIUM
PROJ-1326,65.3,5.7,6.6,50.0,5,1,41.7,11,7,Web,10,5,29.5,HIGH
PROJ-1327,83.2,18.0,82.9,65.0,7,0,70.3,48,2,Web,20,13,63.2,LOW
PROJ-1328,73.1,13.4,71.4,60.0,2,0,63.6,49,6,IoT,5,3,100.0,LOW
PROJ-1329,90.4,20.6,79.5,66.7,7,2,70.8,30,4,AI,21,14,56.8,LOW
PROJ-1330,75.8,11.5,78.7,28.6,20,3,48.5,25,5,Mobile,28,8,56.6,MEDIUM
PROJ-1331,89.5,17.1,35.1,35.3,11,0,53.7,72,1,IoT,17,6,36.8,MEDIUM
PROJ-1332,62.5,15.8,77.0,68.0,8,4,28.6,55,2,Research,25,17,69.1,MEDIUM
PROJ-1333,70.7,23.0,77.4,90.0,1,3,58.1,70,1,IoT,10,9,64.7,LOW
PROJ-1334,67.6,21.3,65.0,57.9,8,2,24.9,51,6,Research,19,11,56.4,MEDIUM
PROJ-1335,70.4,11.1,58.0,58.6,12,6,62.2,1,3,IoT,29,17,40.2,MEDIUM
PROJ-1336,68.7,16.0,69.9,20.8,19,3,27.5,18,6,AI,24,5,21.5,HIGH
PROJ-1337,100.0,22.9,95.6,72.7,3,0,57.6,63,3,Web,11,8,61.3,LOW
PROJ-1338,60.5,7.7,63.0,0.0,24,4,34.0,19,3,IoT,24,0,11.9,HIGH
PROJ-1339,83.2,11.4,67.3,47.6,11,3,31.3,50,5,IoT,21,10,48.5,MEDIUM
PROJ-1340,74.0,4.6,64.1,20.7,23,3,28.5,24,4,Mobile,29,6,0.1,HIGH
PROJ-1341,,12.9,,88.9,1,2,86.3,74,2,IoT,9,8,86.8,LOW
PROJ-1342,61.0,13.0,69.1,50.0,5,3,8.5,43,5,Research,10,5,54.3,MEDIUM
PROJ-1343,79.9,1.0,61.3,57.1,3,4,56.7,32,3,Mobile,7,4,45.6,MEDIUM
PROJ-1344,94.0,24.1,67.7,61.5,10,1,83.6,12,7,AI,26,16,82.8,LOW
PROJ-1345,56.0,6.2,29.9,4.8,20,4,,46,3,Web,21,1,9.3,HIGH
PROJ-1346,80.9,11.2,47.0,23.5,13,5,53.4,53,5,Web,17,4,18.2,HIGH
PROJ-1347,55.9,11.5,69.3,54.5,5,3,61.3,1,1,Web,11,6,39.5,MEDIUM
PROJ-1348,75.9,23.6,91.3,42.9,12,1,86.7,59,3,Research,21,9,84.4,LOW
PROJ-1349,63.1,14.3,51.7,45.5,6,2,32.6,37,3,Web,11,5,10.9,MEDIUM
PROJ-1350,72.7,13.8,36.1,53.6,13,2,43.8,60,2,Research,28,15,16.7,MEDIUM
PROJ-1351,62.0,7.9,35.0,45.0,11,5,33.3,23,2,IoT,20,9,29.7,HIGH
PROJ-1352,55.8,8.9,32.6,33.3,4,5,29.7,25,4,Mobile,6,2,28.7,HIGH
PROJ-1353,80.5,31.5,88.5,60.0,10,2,77.1,46,5,Research,25,15,70.0,LOW
PROJ-1354,57.7,11.2,51.8,27.6,21,4,47.8,52,6,AI,29,8,14.0,HIGH
PROJ-1355,62.6,14.3,73.2,61.9,8,4,31.1,1,4,Web,21,13,46.0,MEDIUM
PROJ-1356,45.9,1.7,49.9,30.0,14,3,0.0,34,6,Research,20,6,2.0,HIGH
PROJ-1357,83.0,7.5,84.7,70.0,3,2,67.4,76,2,Mobile,10,7,48.7,LOW
PROJ-1358,71.0,27.9,84.6,60.9,9,1,60.8,21,4,Mobile,23,14,72.1,LOW
PROJ-1359,69.9,21.1,82.0,87.5,1,0,64.5,21,3,Research,8,7,74.5,LOW
PROJ-1360,86.0,29.4,69.0,85.2,4,4,69.4,90,7,AI,27,23,67.1,LOW
PROJ-1361,75.5,8.1,51.0,41.7,7,3,55.6,55,4,Web,12,5,69.8,MEDIUM
PROJ-1362,58.1,1.0,53.3,22.2,7,4,22.5,19,3,Web,9,2,30.6,HIGH
PROJ-1363,54.1,11.5,49.5,0.0,24,10,47.9,22,5,Research,24,0,38.1,HIGH
PROJ-1364,60.4,6.9,65.1,50.0,3,2,62.0,52,7,AI,6,3,56.5,MEDIUM
PROJ-1365,69.2,11.7,73.8,50.0,5,0,47.0,43,7,Research,10,5,31.0,MEDIUM
PROJ-1366,81.8,7.5,71.7,82.1,5,2,100.0,44,7,Mobile,28,23,84.6,LOW
PROJ-1367,74.1,22.6,100.0,91.3,2,2,72.7,88,1,IoT,23,21,59.2,LOW
PROJ-1368,,15.6,47.2,57.7,11,2,65.0,59,7,AI,26,15,56.2,LOW
PROJ-1369,67.2,7.9,59.4,14.8,23,1,74.6,5,5,Mobile,27,4,77.8,MEDIUM
PROJ-1370,72.3,22.3,62.0,92.3,2,0,84.0,53,3,Mobile,26,24,87.8,LOW
PROJ-1371,88.2,21.3,60.6,66.7,8,0,74.5,38,2,Web,24,16,62.8,LOW
PROJ-1372,79.7,24.2,73.7,82.4,3,0,77.8,90,4,IoT,17,14,55.1,LOW
PROJ-1373,83.5,21.3,76.5,64.3,5,0,87.6,20,7,Web,14,9,50.2,LOW
PROJ-1374,62.4,3.7,41.5,0.0,5,4,35.2,25,6,Research,5,0,23.7,HIGH
PROJ-1375,70.6,11.6,99.9,89.7,3,3,,77,5,Web,29,26,83.4,LOW
PROJ-1376,66.9,19.6,,57.1,3,1,38.5,39,2,AI,7,4,45.8,MEDIUM
PROJ-1377,68.5,12.5,32.1,11.1,8,1,33.9,11,3,AI,9,1,21.0,HIGH
PROJ-1378,92.9,5.1,69.1,6.9,27,3,11.2,1,5,AI,29,2,18.8,HIGH
PROJ-1379,53.3,13.1,70.2,31.8,15,5,12.1,27,1,AI,22,7,32.0,HIGH
PROJ-1380,49.4,13.3,52.7,9.5,19,2,,27,5,Mobile,21,2,35.6,HIGH
PROJ-1381,91.0,22.0,81.8,80.0,1,0,82.9,65,7,AI,5,4,70.0,LOW
PROJ-1382,92.6,6.6,90.2,24.1,22,3,74.5,48,1,Web,29,7,32.1,MEDIUM
PROJ-1383,81.5,15.1,77.3,52.4,10,5,34.1,31,1,AI,21,11,36.9,MEDIUM
PROJ-1384,86.7,24.6,87.5,57.1,3,2,58.2,56,4,Web,7,4,40.0,LOW
PROJ-1385,37.9,,58.7,25.0,6,5,36.6,13,6,IoT,8,2,2.2,HIGH
PROJ-1386,100.0,28.9,86.4,77.8,2,1,70.2,71,6,Web,9,7,56.3,LOW
PROJ-1387,64.3,19.7,48.2,50.0,10,1,44.9,57,2,IoT,20,10,58.1,MEDIUM
PROJ-1388,65.1,,46.4,40.0,12,6,22.7,45,3,Research,20,8,22.2,HIGH
PROJ-1389,65.6,6.8,58.5,37.5,5,2,57.8,50,5,Research,8,3,55.4,MEDIUM
PROJ-1390,78.0,16.5,66.7,15.4,22,1,58.0,38,1,Research,26,4,34.7,MEDIUM
PROJ-1391,86.2,17.0,80.2,60.0,2,1,82.5,90,1,Mobile,5,3,89.6,LOW
PROJ-1392,,12.1,61.5,33.3,4,1,80.7,81,2,Web,6,2,100.0,LOW
PROJ-1393,63.7,13.9,62.8,50.0,3,4,42.0,53,6,IoT,6,3,75.7,MEDIUM
PROJ-1394,66.2,20.6,78.5,42.9,16,0,80.4,2,2,Research,28,12,86.9,LOW
PROJ-1395,41.0,7.1,18.4,33.3,4,1,19.0,15,7,AI,6,2,49.4,HIGH
PROJ-1396,88.8,12.7,21.4,41.4,17,1,50.8,1,3,Research,29,12,7.6,HIGH
PROJ-1397,70.2,26.6,86.5,78.6,3,1,74.3,51,6,Research,14,11,47.7,LOW
PROJ-1398,65.1,12.3,47.2,10.5,17,6,4.1,30,4,AI,19,2,21.9,HIGH
PROJ-1399,81.2,24.4,59.7,71.4,2,2,85.8,12,6,AI,7,5,58.5,LOW
PROJ-1400,85.7,11.7,54.5,57.9,8,4,54.9,47,6,AI,19,11,44.6,MEDIUM
PROJ-1401,61.0,2.9,55.6,58.3,5,0,46.1,51,2,Mobile,12,7,36.8,MEDIUM
PROJ-1402,63.1,3.4,54.7,14.3,6,4,47.8,4,5,Web,7,1,43.2,HIGH
PROJ-1403,66.8,,,35.7,9,1,29.5,28,1,Mobile,14,5,62.2,MEDIUM
PROJ-1404,84.8,27.9,59.8,81.0,4,1,58.1,61,6,Research,21,17,64.0,LOW
PROJ-1405,79.7,22.2,78.9,90.5,2,2,100.0,37,5,Web,21,19,74.0,LOW
PROJ-1406,63.0,7.7,58.9,9.5,19,2,2.1,11,4,Research,21,2,28.9,HIGH
PROJ-1407,99.3,13.4,64.8,86.4,3,0,100.0,31,6,Mobile,22,19,68.5,LOW
PROJ-1408,74.4,19.1,57.8,25.0,15,7,35.8,32,2,Mobile,20,5,13.6,HIGH
PROJ-1409,79.6,16.3,71.6,72.4,8,0,97.8,64,7,IoT,29,21,74.2,LOW
PROJ-1410,57.2,8.1,70.1,34.5,19,6,36.4,18,6,IoT,29,10,,HIGH
PROJ-1411,67.1,5.3,45.7,23.8,16,5,17.7,33,4,Web,21,5,23.1,HIGH
PROJ-1412,78.4,8.9,61.8,59.1,9,0,79.4,42,7,IoT,22,13,72.5,LOW
PROJ-1413,86.3,11.0,60.0,32.1,19,2,72.5,34,2,IoT,28,9,38.4,MEDIUM
PROJ-1414,88.2,14.8,65.4,65.0,7,0,,13,7,Web,20,13,70.4,MEDIUM
PROJ-1415,100.0,13.8,,46.2,7,4,46.4,1,5,IoT,13,6,59.5,MEDIUM
PROJ-1416,88.1,19.5,83.3,100.0,0,0,90.6,38,4,Research,23,23,86.3,LOW
PROJ-1417,73.3,19.0,68.8,35.3,11,4,53.6,38,4,Research,17,6,33.1,MEDIUM
PROJ-1418,73.4,13.5,58.0,58.3,5,3,84.1,11,6,Research,12,7,44.0,MEDIUM
PROJ-1419,68.9,17.8,72.7,39.1,14,7,59.3,29,5,IoT,23,9,45.9,MEDIUM
PROJ-1420,81.4,30.8,58.1,70.4,8,1,66.5,65,5,IoT,27,19,54.5,LOW
PROJ-1421,38.1,9.7,45.1,15.4,11,6,18.0,6,2,Mobile,13,2,44.4,HIGH
PROJ-1422,70.0,3.7,56.1,46.2,7,1,37.4,10,5,Web,13,6,71.0,HIGH
PROJ-1423,84.4,24.1,81.1,57.1,6,0,76.5,52,7,Mobile,14,8,69.7,LOW
PROJ-1424,76.4,17.6,56.7,62.5,3,2,38.7,47,7,Research,8,5,61.1,MEDIUM
PROJ-1425,45.1,1.0,37.5,66.7,6,2,21.9,49,3,Web,18,12,29.2,HIGH
PROJ-1426,83.8,6.6,77.5,83.3,4,1,52.2,35,5,Web,24,20,64.8,LOW
PROJ-1427,87.9,15.2,93.1,80.0,3,2,56.0,33,4,Research,15,12,57.8,LOW
PROJ-1428,72.3,18.8,70.0,47.4,10,1,40.3,8,1,Research,19,9,65.3,MEDIUM
PROJ-1429,79.5,9.9,60.3,69.0,9,3,70.8,34,6,Mobile,29,20,56.9,MEDIUM
PROJ-1430,66.4,20.1,63.8,75.0,6,3,59.2,22,2,Research,24,18,66.9,MEDIUM
PROJ-1431,90.9,6.7,69.2,66.7,2,0,86.5,62,1,Mobile,6,4,89.8,LOW
PROJ-1432,66.8,18.2,74.9,61.5,5,4,72.5,48,4,Mobile,13,8,31.3,MEDIUM
PROJ-1433,74.6,10.2,53.0,59.3,11,1,33.0,36,1,IoT,27,16,,MEDIUM
PROJ-1434,87.2,12.8,58.8,95.0,1,0,77.6,64,3,IoT,20,19,86.2,LOW
PROJ-1435,90.5,24.2,87.7,94.7,1,0,63.3,43,1,AI,19,18,58.1,LOW
PROJ-1436,92.5,8.4,64.2,81.2,3,1,40.9,41,2,IoT,16,13,69.9,LOW
PROJ-1437,63.7,15.7,64.9,54.2,11,2,62.4,26,6,AI,24,13,31.9,MEDIUM
PROJ-1438,79.5,,73.3,60.0,2,0,69.6,73,6,AI,5,3,77.2,LOW
PROJ-1439,83.7,27.3,83.6,85.7,2,0,69.6,57,4,Mobile,14,12,50.4,LOW
PROJ-1440,84.1,13.9,81.2,50.0,8,2,,19,5,Research,16,8,90.4,LOW
PROJ-1441,78.1,4.7,89.8,0.0,18,2,33.4,12,5,Research,18,0,43.6,HIGH
PROJ-1442,85.0,19.7,49.7,50.0,3,1,80.1,70,2,Research,6,3,79.3,LOW
PROJ-1443,80.4,18.2,69.6,85.7,1,1,80.3,57,7,AI,7,6,81.4,LOW
PROJ-1444,42.4,4.8,,30.8,9,4,12.6,1,6,Mobile,13,4,29.6,HIGH
PROJ-1445,65.2,22.5,66.7,63.6,4,1,24.0,42,7,Research,11,7,43.9,MEDIUM
PROJ-1446,68.9,10.6,74.3,20.0,4,2,39.2,35,5,Web,5,1,9.4,HIGH
PROJ-1447,65.1,14.7,43.2,41.7,7,5,42.2,47,5,Web,12,5,45.0,MEDIUM
PROJ-1448,45.6,1.0,67.9,40.0,6,5,69.1,58,5,Research,10,4,67.0,MEDIUM
PROJ-1449,91.6,29.5,88.2,73.3,4,3,,16,4,IoT,15,11,87.4,LOW
PROJ-1450,89.7,21.3,100.0,60.0,4,2,70.8,89,5,Mobile,10,6,48.1,LOW
PROJ-1451,100.0,24.3,90.5,75.0,2,0,55.5,35,7,Web,8,6,87.4,LOW
PROJ-1452,65.6,19.8,68.0,26.1,17,5,60.8,27,1,Web,23,6,42.0,MEDIUM
PROJ-1453,64.5,8.6,50.2,18.8,13,5,19.9,14,4,IoT,16,3,37.8,HIGH
PROJ-1454,63.9,17.7,50.9,38.5,8,2,43.9,39,3,Mobile,13,5,67.1,MEDIUM
PROJ-1455,61.1,1.5,39.7,48.0,13,5,70.8,16,1,Web,25,12,35.2,HIGH
PROJ-1456,75.2,16.1,73.5,72.7,3,1,89.9,46,3,Research,11,8,90.5,LOW
PROJ-1457,78.2,4.0,48.0,26.3,14,3,27.9,31,7,AI,19,5,32.4,HIGH
PROJ-1458,61.5,8.2,34.3,50.0,4,2,37.4,1,5,Research,8,4,,HIGH
PROJ-1459,64.9,5.0,81.0,40.0,6,0,17.0,10,2,IoT,10,4,32.2,HIGH
PROJ-1460,73.3,15.2,64.2,76.0,6,2,46.9,59,4,IoT,25,19,34.9,MEDIUM
PROJ-1461,74.6,17.4,47.0,22.7,17,1,74.5,7,3,AI,22,5,39.3,MEDIUM
PROJ-1462,83.4,14.8,88.5,55.6,12,3,51.6,56,5,AI,27,15,47.0,MEDIUM
PROJ-1463,88.5,14.7,68.3,66.7,4,1,58.4,34,3,Research,12,8,61.4,LOW
PROJ-1464,62.0,9.3,,60.0,10,3,38.1,37,7,AI,25,15,65.7,LOW
PROJ-1465,96.4,10.6,46.3,78.6,3,1,68.3,81,1,Web,14,11,47.5,LOW
PROJ-1466,88.5,21.4,64.5,72.7,3,1,35.6,70,3,IoT,11,8,89.9,LOW
PROJ-1467,94.2,17.7,63.7,69.2,4,3,70.6,13,1,Research,13,9,17.7,MEDIUM
PROJ-1468,71.1,5.1,46.0,0.0,17,7,16.6,10,1,Research,17,0,23.9,HIGH
PROJ-1469,76.0,18.7,80.6,81.8,4,0,74.5,39,4,AI,22,18,53.4,LOW
PROJ-1470,80.2,23.1,61.9,72.0,7,0,67.3,66,6,IoT,25,18,60.8,LOW
PROJ-1471,69.5,1.6,53.0,27.8,13,4,33.9,7,4,AI,18,5,12.4,HIGH
PROJ-1472,61.8,10.9,65.9,0.0,7,5,22.3,28,7,Research,7,0,40.2,HIGH
PROJ-1473,75.6,3.6,42.6,14.3,12,3,38.3,24,6,IoT,14,2,,HIGH
PROJ-1474,100.0,8.5,76.0,69.2,4,0,59.8,51,4,Research,13,9,72.6,LOW
PROJ-1475,60.3,14.7,52.0,45.0,11,3,34.2,66,4,AI,20,9,20.5,MEDIUM
PROJ-1476,98.3,20.6,89.9,82.4,3,0,63.7,31,5,AI,17,14,78.7,LOW
PROJ-1477,52.7,8.2,56.4,44.8,16,0,79.3,52,6,AI,29,13,58.4,MEDIUM
PROJ-1478,84.5,18.8,80.9,84.0,4,2,76.0,77,6,Research,25,21,67.1,LOW
PROJ-1479,68.6,,51.8,13.8,25,4,38.3,45,5,Mobile,29,4,26.8,HIGH
PROJ-1480,81.3,1.2,43.4,7.1,13,4,38.2,1,3,Mobile,14,1,19.0,HIGH
PROJ-1481,53.1,13.9,62.1,20.0,8,2,38.3,19,5,Web,10,2,40.3,HIGH
PROJ-1482,51.2,13.5,53.3,17.9,23,4,28.5,1,4,Mobile,28,5,23.1,HIGH
PROJ-1483,63.7,22.9,79.3,33.3,4,1,50.6,26,7,IoT,6,2,59.7,MEDIUM
PROJ-1484,79.5,5.2,73.7,0.0,27,3,21.0,60,7,Web,27,0,,HIGH
PROJ-1485,87.7,10.2,50.8,50.0,10,0,50.3,73,5,Research,20,10,38.0,LOW
PROJ-1486,94.8,12.9,83.4,53.3,7,0,85.5,32,7,IoT,15,8,94.1,LOW
PROJ-1487,50.7,11.9,57.1,40.0,6,5,17.0,10,3,AI,10,4,27.2,HIGH
PROJ-1488,64.0,8.3,82.8,47.6,11,3,76.7,20,2,AI,21,10,33.2,MEDIUM
PROJ-1489,55.9,17.7,62.1,50.0,5,4,49.3,55,6,Web,10,5,37.3,MEDIUM
PROJ-1490,73.4,22.1,58.1,87.5,1,1,65.6,41,1,AI,8,7,54.2,LOW
PROJ-1491,79.5,21.2,59.5,43.5,13,0,56.4,25,4,AI,23,10,45.9,MEDIUM
PROJ-1492,86.8,16.4,60.3,53.6,13,3,62.2,52,1,IoT,28,15,52.6,LOW
PROJ-1493,89.4,24.0,67.1,55.6,12,1,70.9,28,3,Web,27,15,76.6,LOW
PROJ-1494,65.2,15.8,64.4,46.2,7,1,47.0,70,4,AI,13,6,63.1,MEDIUM
PROJ-1495,88.0,21.7,95.4,62.5,9,1,62.9,90,4,IoT,24,15,81.7,LOW
PROJ-1496,62.4,8.2,44.1,66.7,7,3,32.0,40,7,Web,21,14,52.8,HIGH
PROJ-1497,70.3,21.1,86.8,85.7,1,1,51.6,77,1,AI,7,6,48.8,LOW
PROJ-1498,79.3,2.3,70.0,47.1,9,3,57.2,33,5,AI,17,8,51.9,MEDIUM
PROJ-1499,66.6,20.4,73.4,47.1,9,4,46.1,17,7,Web,17,8,35.0,MEDIUM
PROJ-1500,67.7,14.1,64.3,66.7,7,2,79.1,37,4,Research,21,14,53.8,MEDIUM
PROJ-1501,53.3,14.7,59.0,52.2,11,1,80.2,4,3,IoT,23,12,33.4,MEDIUM
PROJ-1502,79.1,6.6,69.1,40.0,12,1,35.6,81,4,Research,20,8,54.9,MEDIUM
PROJ-1503,58.9,8.5,61.6,20.0,16,3,33.1,54,3,Research,20,4,11.1,HIGH
PROJ-1504,71.0,16.5,73.8,100.0,0,0,66.9,45,6,IoT,12,12,70.5,LOW
PROJ-1505,70.7,12.4,61.6,42.9,12,4,52.8,57,5,AI,21,9,46.8,MEDIUM
PROJ-1506,67.2,,83.3,47.6,11,0,64.2,70,3,IoT,21,10,100.0,LOW
PROJ-1507,68.2,16.8,70.6,42.9,4,5,58.2,51,2,AI,7,3,38.1,MEDIUM
PROJ-1508,100.0,14.9,69.6,55.0,9,1,81.9,42,2,IoT,20,11,75.2,LOW
PROJ-1509,90.5,4.8,41.6,26.3,14,6,59.3,1,4,IoT,19,5,27.9,HIGH
PROJ-1510,75.9,21.4,,69.6,7,1,47.2,90,6,Web,23,16,69.1,LOW
PROJ-1511,73.2,3.5,76.1,20.8,19,10,31.0,1,2,Research,24,5,33.9,MEDIUM
PROJ-1512,55.0,11.4,65.5,63.2,7,2,46.4,29,6,IoT,19,12,18.3,MEDIUM
PROJ-1513,94.8,14.0,76.2,77.8,2,0,55.5,77,6,IoT,9,7,56.0,LOW
PROJ-1514,36.0,8.1,44.7,25.0,6,6,36.4,10,4,IoT,8,2,32.4,HIGH
PROJ-1515,97.0,,82.8,66.7,5,1,55.6,36,7,Web,15,10,72.2,LOW
PROJ-1516,71.9,22.7,73.3,69.2,4,0,38.1,32,1,Research,13,9,44.4,LOW
PROJ-1517,76.8,25.8,61.9,87.5,2,1,58.8,51,1,IoT,16,14,77.8,LOW
PROJ-1518,71.0,13.2,57.7,77.8,2,1,98.5,46,6,Web,9,7,59.7,LOW
PROJ-1519,66.5,15.1,67.2,48.1,14,3,49.2,32,6,Mobile,27,13,39.7,MEDIUM
PROJ-1520,73.7,16.6,68.2,55.6,8,1,21.0,35,6,Mobile,18,10,40.6,MEDIUM
PROJ-1521,93.4,13.0,65.1,58.8,7,4,38.3,48,3,Research,17,10,18.3,MEDIUM
PROJ-1522,90.0,16.3,77.0,36.4,7,4,38.8,48,4,Research,11,4,67.3,MEDIUM
PROJ-1523,94.7,7.2,75.1,83.3,3,3,64.9,59,3,Web,18,15,75.6,LOW
PROJ-1524,86.5,9.2,66.0,10.7,25,4,20.0,27,5,Mobile,28,3,34.9,HIGH
PROJ-1525,,,63.1,11.1,24,3,58.0,44,5,Mobile,27,3,44.3,MEDIUM
PROJ-1526,60.5,25.0,85.1,73.7,5,2,69.3,62,6,Mobile,19,14,79.1,LOW
PROJ-1527,57.4,13.0,36.0,20.0,4,8,37.0,10,7,AI,5,1,39.7,HIGH
PROJ-1528,81.5,14.8,100.0,84.6,2,0,77.0,38,4,Research,13,11,47.7,LOW
PROJ-1529,62.9,18.5,83.2,40.0,9,3,58.8,38,4,Mobile,15,6,40.1,MEDIUM
PROJ-1530,100.0,23.2,85.5,56.2,7,5,,70,5,Research,16,9,15.9,MEDIUM
PROJ-1531,69.3,18.9,47.5,65.2,8,2,53.0,47,2,Mobile,23,15,22.8,MEDIUM
PROJ-1532,53.8,8.5,39.3,29.6,19,6,0.0,38,3,Mobile,27,8,28.2,HIGH
PROJ-1533,68.9,26.2,,86.2,4,0,76.8,84,7,Research,29,25,65.4,LOW
PROJ-1534,78.0,16.0,77.0,50.0,13,3,7.3,27,4,IoT,26,13,41.5,MEDIUM
PROJ-1535,69.1,13.5,38.0,53.8,12,1,43.8,1,7,Mobile,26,14,42.9,MEDIUM
PROJ-1536,82.6,23.2,75.5,61.5,5,3,41.0,1,5,IoT,13,8,26.2,MEDIUM
PROJ-1537,60.3,11.0,58.9,60.9,9,4,56.5,64,7,Research,23,14,47.9,HIGH
PROJ-1538,70.3,11.8,88.2,57.1,3,2,86.6,46,5,Mobile,7,4,72.1,LOW
PROJ-1539,74.8,1.8,37.0,50.0,3,5,23.6,47,4,Web,6,3,61.3,MEDIUM
PROJ-1540,82.6,29.7,95.5,60.0,4,0,71.4,40,6,Mobile,10,6,53.6,LOW
PROJ-1541,82.2,1.7,64.7,20.0,4,2,76.8,10,5,Research,5,1,59.9,MEDIUM
PROJ-1542,71.8,23.9,78.7,63.6,8,2,82.1,54,4,Research,22,14,72.4,LOW
PROJ-1543,83.4,22.5,78.2,74.1,7,2,58.7,60,7,IoT,27,20,59.3,LOW
PROJ-1544,,11.6,69.8,16.7,5,8,58.3,88,3,Web,6,1,13.7,MEDIUM
PROJ-1545,72.2,16.8,87.3,82.4,3,0,47.3,43,4,Research,17,14,74.5,LOW
PROJ-1546,74.2,3.8,45.9,29.2,17,3,35.1,23,7,Mobile,24,7,68.6,MEDIUM
PROJ-1547,,19.2,88.1,40.0,3,0,60.4,52,7,Research,5,2,100.0,LOW
PROJ-1548,86.7,17.2,74.5,61.9,8,0,66.3,51,3,Mobile,21,13,82.7,LOW
PROJ-1549,78.9,11.3,62.6,85.7,1,2,78.4,40,7,Web,7,6,66.2,LOW
PROJ-1550,84.1,14.9,66.2,34.8,15,2,32.8,65,7,Mobile,23,8,87.7,MEDIUM
PROJ-1551,47.2,9.9,77.7,46.2,14,3,50.8,43,4,IoT,26,12,45.3,MEDIUM
PROJ-1552,77.5,20.7,60.4,50.0,8,1,8.7,50,4,Web,16,8,64.5,MEDIUM
PROJ-1553,53.0,5.6,54.5,25.0,6,5,18.2,21,6,Research,8,2,37.5,HIGH
PROJ-1554,80.7,12.6,73.7,50.0,3,2,78.9,14,3,Mobile,6,3,36.7,LOW
PROJ-1555,61.7,12.6,53.8,14.8,23,7,28.7,43,1,Research,27,4,8.9,HIGH
PROJ-1556,76.8,22.1,95.1,79.2,5,1,85.0,54,3,Web,24,19,64.3,LOW
PROJ-1557,52.4,13.0,39.2,28.6,15,8,43.6,18,6,IoT,21,6,19.5,HIGH
PROJ-1558,42.6,16.9,65.4,53.6,13,2,79.9,50,7,Web,28,15,47.7,MEDIUM
PROJ-1559,90.6,16.3,42.0,50.0,3,4,75.1,48,6,AI,6,3,27.0,MEDIUM
PROJ-1560,55.2,5.3,23.3,23.8,16,5,41.6,15,2,Research,21,5,26.6,HIGH
PROJ-1561,68.1,4.4,77.0,47.1,9,6,49.1,9,7,IoT,17,8,55.3,HIGH
PROJ-1562,80.5,24.4,100.0,53.6,13,0,49.1,19,6,Web,28,15,58.7,LOW
PROJ-1563,57.7,15.0,80.9,50.0,9,1,36.2,37,7,IoT,18,9,,MEDIUM
PROJ-1564,82.7,11.3,42.4,50.0,7,1,81.9,29,2,IoT,14,7,73.0,MEDIUM
PROJ-1565,59.9,4.2,,58.8,7,2,49.9,83,4,AI,17,10,48.6,MEDIUM
PROJ-1566,75.9,13.5,49.7,82.1,5,4,53.3,40,6,IoT,28,23,52.9,MEDIUM
PROJ-1567,63.4,22.5,68.3,25.0,6,0,43.1,39,6,Mobile,8,2,69.1,MEDIUM
PROJ-1568,64.9,6.3,47.4,31.0,20,3,43.9,9,7,IoT,29,9,8.8,HIGH
PROJ-1569,32.5,14.9,31.3,20.0,4,8,27.8,24,6,AI,5,1,74.9,HIGH
PROJ-1570,66.4,15.7,,0.0,5,5,36.9,46,5,AI,5,0,5.8,MEDIUM
PROJ-1571,84.6,19.2,74.3,60.0,8,3,51.1,40,2,AI,20,12,52.9,LOW
PROJ-1572,40.9,5.1,74.8,31.0,20,7,49.3,21,5,AI,29,9,2.2,HIGH
PROJ-1573,73.7,22.4,69.5,66.7,5,0,48.6,83,3,AI,15,10,75.4,LOW
PROJ-1574,,19.6,57.1,30.0,7,2,59.3,23,5,IoT,10,3,63.5,MEDIUM
PROJ-1575,67.8,18.3,54.7,50.0,3,2,56.8,1,3,Web,6,3,49.9,MEDIUM
PROJ-1576,,9.6,61.8,25.0,6,5,32.3,15,1,AI,8,2,3.5,HIGH
PROJ-1577,68.1,2.6,48.5,0.0,19,2,31.0,41,3,Web,19,0,0.0,HIGH
PROJ-1578,86.8,15.5,90.4,60.0,4,0,,60,2,IoT,10,6,71.7,LOW
PROJ-1579,60.9,14.7,56.9,42.9,4,5,51.3,56,1,AI,7,3,40.2,MEDIUM
PROJ-1580,78.1,28.7,82.3,54.2,11,0,86.3,36,3,IoT,24,13,82.3,LOW
PROJ-1581,72.0,7.3,49.2,26.9,19,4,28.8,29,2,IoT,26,7,35.8,HIGH
PROJ-1582,62.5,10.7,32.1,33.3,10,4,38.5,25,7,Mobile,15,5,28.0,HIGH
PROJ-1583,41.4,4.2,41.0,36.0,16,6,17.7,38,4,Web,25,9,16.4,HIGH
PROJ-1584,61.4,5.2,29.5,38.9,11,8,44.5,18,5,Research,18,7,19.0,HIGH
PROJ-1585,78.0,10.6,65.0,5.3,18,4,9.2,63,3,Web,19,1,18.9,HIGH
PROJ-1586,66.7,25.4,77.7,78.6,3,0,55.6,64,4,AI,14,11,85.5,LOW
PROJ-1587,73.2,16.2,80.2,50.0,7,0,98.8,88,1,Mobile,14,7,70.5,LOW
PROJ-1588,33.3,11.1,67.8,21.4,11,1,10.0,21,1,AI,14,3,0.0,HIGH
PROJ-1589,56.2,8.1,52.5,3.6,27,2,31.6,2,3,IoT,28,1,13.4,HIGH
PROJ-1590,59.0,3.4,73.2,44.4,5,1,69.2,16,6,Research,9,4,47.6,MEDIUM
PROJ-1591,63.9,15.2,64.9,60.7,11,1,17.4,1,7,Web,28,17,8.4,MEDIUM
PROJ-1592,87.5,9.3,,45.5,6,3,78.6,12,7,Web,11,5,49.4,MEDIUM
PROJ-1593,55.9,5.0,63.4,50.0,5,2,18.7,55,4,IoT,10,5,10.1,HIGH
PROJ-1594,76.1,19.1,80.2,47.8,12,0,10.7,63,6,IoT,23,11,23.9,MEDIUM
PROJ-1595,57.6,1.0,49.4,14.3,12,6,13.3,25,5,Research,14,2,29.0,HIGH
PROJ-1596,62.6,9.9,58.0,52.9,8,6,18.2,49,4,Web,17,9,61.0,HIGH
PROJ-1597,67.7,21.4,62.0,60.9,9,4,52.9,21,1,AI,23,14,26.5,MEDIUM
PROJ-1598,81.8,13.6,90.1,37.5,15,0,100.0,49,4,Web,24,9,80.6,LOW
PROJ-1599,68.7,18.1,61.7,26.7,11,3,40.9,11,2,Mobile,15,4,34.2,MEDIUM
PROJ-1600,76.6,11.9,55.1,31.6,13,4,59.8,52,1,Web,19,6,32.9,HIGH
PROJ-1601,81.3,5.2,44.0,12.5,7,2,38.7,38,6,Web,8,1,,HIGH
PROJ-1602,80.1,8.7,71.5,45.0,11,4,17.5,42,7,IoT,20,9,42.6,MEDIUM
PROJ-1603,43.3,18.1,25.5,16.7,10,4,18.8,22,3,Research,12,2,8.1,HIGH
PROJ-1604,83.1,29.2,67.4,25.0,6,0,88.3,36,3,AI,8,2,59.3,LOW
PROJ-1605,63.1,8.1,34.8,33.3,10,3,6.1,56,7,Web,15,5,34.6,HIGH
PROJ-1606,84.9,17.9,68.8,18.2,9,0,25.3,16,4,AI,11,2,55.6,MEDIUM
PROJ-1607,72.4,5.9,72.9,50.0,6,1,39.1,29,5,Research,12,6,48.4,MEDIUM
PROJ-1608,72.3,7.5,59.5,53.8,12,3,34.6,1,7,Web,26,14,,HIGH
PROJ-1609,73.7,9.4,74.0,76.0,6,1,34.1,45,2,Mobile,25,19,44.8,MEDIUM
PROJ-1610,77.2,25.3,51.6,57.1,3,0,61.7,16,4,Mobile,7,4,66.1,LOW
PROJ-1611,77.7,17.5,72.1,60.0,2,3,81.8,57,7,Web,5,3,39.5,LOW
PROJ-1612,71.4,18.2,58.2,61.9,8,1,34.9,19,5,Research,21,13,56.0,MEDIUM
PROJ-1613,75.4,13.2,80.9,48.1,14,1,45.5,70,6,Mobile,27,13,57.6,LOW
PROJ-1614,79.7,12.1,86.7,25.0,15,2,68.9,57,2,Research,20,5,38.8,MEDIUM
PROJ-1615,64.2,13.5,33.2,56.5,10,3,52.0,1,7,AI,23,13,38.1,MEDIUM
PROJ-1616,66.7,11.2,75.9,25.0,18,1,64.2,33,7,Research,24,6,31.9,MEDIUM
PROJ-1617,70.6,27.1,68.8,60.0,10,0,74.4,62,7,Mobile,25,15,40.6,LOW
PROJ-1618,71.4,,71.9,57.1,3,2,71.7,62,4,IoT,7,4,40.3,MEDIUM
PROJ-1619,78.7,17.8,61.6,57.9,8,1,57.0,55,2,Web,19,11,70.7,LOW
PROJ-1620,65.5,24.1,77.6,83.3,4,1,65.6,17,4,Web,24,20,,LOW
PROJ-1621,73.5,11.6,,4.8,20,5,42.0,15,4,IoT,21,1,20.8,HIGH
PROJ-1622,98.3,18.8,83.8,66.7,5,0,69.2,54,4,Mobile,15,10,61.8,LOW
PROJ-1623,84.8,10.9,97.9,37.5,5,5,26.1,33,1,IoT,8,3,21.1,MEDIUM
PROJ-1624,83.5,31.0,72.9,81.2,3,0,52.6,90,6,Web,16,13,66.4,LOW
PROJ-1625,70.0,10.4,87.3,62.5,3,1,48.8,22,4,Research,8,5,58.7,LOW
PROJ-1626,57.3,,62.8,38.5,16,5,14.9,21,1,Mobile,26,10,11.2,MEDIUM
PROJ-1627,76.5,10.6,57.3,51.9,13,2,64.3,32,3,AI,27,14,68.8,MEDIUM
PROJ-1628,78.5,27.0,70.9,44.8,16,4,51.5,29,5,IoT,29,13,40.1,MEDIUM
PROJ-1629,68.0,18.8,31.4,62.5,3,1,44.0,30,5,Mobile,8,5,63.6,MEDIUM
PROJ-1630,73.1,8.0,64.5,60.9,9,3,62.5,21,2,Web,23,14,68.9,MEDIUM
PROJ-1631,60.1,16.5,57.0,55.6,4,0,41.6,13,2,AI,9,5,26.5,MEDIUM
PROJ-1632,70.5,11.0,77.7,53.3,7,5,58.9,1,5,IoT,15,8,78.5,MEDIUM
PROJ-1633,50.7,21.4,67.7,33.3,12,3,20.9,2,1,Mobile,18,6,36.2,MEDIUM
PROJ-1634,71.8,11.0,65.3,14.3,24,6,29.1,2,7,Web,28,4,21.2,HIGH
PROJ-1635,67.8,12.2,65.6,58.8,7,2,52.2,60,1,Mobile,17,10,55.2,MEDIUM
PROJ-1636,76.5,18.6,60.4,84.2,3,2,96.0,90,5,IoT,19,16,41.5,LOW
PROJ-1637,74.0,10.9,75.6,50.0,3,4,69.1,27,7,Research,6,3,66.7,LOW
PROJ-1638,62.1,14.9,56.6,45.5,6,4,50.4,42,1,IoT,11,5,35.9,MEDIUM
PROJ-1639,93.6,23.9,61.3,84.6,2,0,74.6,10,1,Research,13,11,76.5,LOW
PROJ-1640,82.5,18.1,82.0,79.2,5,1,65.0,47,2,Mobile,24,19,49.2,LOW
PROJ-1641,56.4,11.8,66.9,50.0,4,1,55.7,53,3,Research,8,4,50.7,MEDIUM
PROJ-1642,64.9,12.1,58.1,27.3,8,5,16.0,10,1,Mobile,11,3,41.7,HIGH
PROJ-1643,74.1,21.3,76.2,75.0,7,1,26.9,44,5,IoT,28,21,66.4,MEDIUM
PROJ-1644,78.1,,80.9,46.2,7,0,89.6,35,6,IoT,13,6,97.4,LOW
PROJ-1645,46.9,25.8,65.9,59.3,11,2,44.9,31,3,Mobile,27,16,40.6,MEDIUM
PROJ-1646,,25.4,72.6,88.9,1,1,59.9,16,4,AI,9,8,64.8,LOW
PROJ-1647,81.2,16.3,59.0,25.0,6,1,49.0,53,6,Mobile,8,2,64.6,MEDIUM
PROJ-1648,78.0,3.9,78.2,14.3,24,4,11.4,6,2,Research,28,4,31.3,HIGH
PROJ-1649,94.8,16.5,69.7,60.0,2,0,63.3,30,5,Mobile,5,3,69.3,LOW
PROJ-1650,71.0,12.0,69.8,23.1,20,3,54.7,36,2,Research,26,6,63.8,MEDIUM
PROJ-1651,79.7,28.2,82.0,55.6,8,0,100.0,37,3,Research,18,10,,LOW
PROJ-1652,84.3,18.2,60.8,100.0,0,0,81.9,36,2,AI,18,18,52.4,LOW
PROJ-1653,85.2,21.6,78.3,72.7,3,1,69.8,50,4,IoT,11,8,61.6,LOW
PROJ-1654,90.1,19.8,74.4,60.0,2,0,92.2,65,5,Research,5,3,68.2,LOW
PROJ-1655,88.3,15.5,72.3,54.5,10,2,59.9,72,7,IoT,22,12,66.3,LOW
PROJ-1656,91.1,14.7,72.7,66.7,6,0,62.2,90,6,Web,18,12,66.7,LOW
PROJ-1657,75.5,26.1,79.2,75.0,4,0,53.1,16,1,Web,16,12,46.8,LOW
PROJ-1658,60.8,11.3,62.5,66.7,2,0,49.2,46,2,IoT,6,4,64.0,LOW
PROJ-1659,90.7,18.7,77.3,62.1,11,0,66.0,37,3,Research,29,18,57.1,LOW
PROJ-1660,64.4,8.5,57.9,34.5,19,2,0.0,1,1,Research,29,10,26.4,HIGH
PROJ-1661,42.8,16.8,44.2,50.0,8,9,52.1,11,4,AI,16,8,20.1,HIGH
PROJ-1662,83.2,24.5,80.8,64.7,6,0,77.5,15,5,Mobile,17,11,68.4,LOW
PROJ-1663,70.1,11.9,75.2,38.1,13,2,46.8,41,1,IoT,21,8,40.5,MEDIUM
PROJ-1664,60.7,20.4,,38.5,8,6,,27,5,AI,13,5,19.7,MEDIUM
PROJ-1665,62.5,14.1,66.5,54.5,5,1,63.6,43,3,Mobile,11,6,57.9,MEDIUM
PROJ-1666,51.0,16.9,56.4,63.6,4,5,44.9,12,1,Research,11,7,61.3,MEDIUM
PROJ-1667,86.0,7.7,53.7,55.6,4,3,29.4,54,6,Web,9,5,55.1,MEDIUM
PROJ-1668,94.1,27.2,63.2,62.5,3,2,65.1,22,6,Mobile,8,5,99.5,LOW
PROJ-1669,44.9,11.8,46.2,31.8,15,0,44.1,1,2,Mobile,22,7,55.0,HIGH
PROJ-1670,82.2,12.1,26.8,27.8,13,1,39.3,7,1,Web,18,5,34.6,HIGH
PROJ-1671,93.9,29.9,58.3,100.0,0,2,69.2,49,4,Research,12,12,87.5,LOW
PROJ-1672,51.7,4.3,59.3,60.0,2,5,25.6,31,1,IoT,5,3,53.6,HIGH
PROJ-1673,57.9,7.6,40.8,47.4,10,1,45.4,4,5,Research,19,9,20.7,HIGH
PROJ-1674,72.2,5.7,57.6,34.6,17,5,51.4,27,1,IoT,26,9,32.8,HIGH
PROJ-1675,70.6,8.3,43.6,62.5,3,2,72.6,23,6,Mobile,8,5,44.5,MEDIUM
PROJ-1676,74.8,30.0,84.9,80.0,1,0,97.3,39,3,Mobile,5,4,73.0,LOW
PROJ-1677,87.5,17.7,69.5,70.6,5,0,65.9,52,2,IoT,17,12,65.9,LOW
PROJ-1678,91.5,11.1,83.6,55.6,8,2,63.9,48,7,AI,18,10,49.6,MEDIUM
PROJ-1679,94.6,14.1,77.8,33.3,4,1,59.1,1,4,Web,6,2,43.4,MEDIUM
PROJ-1680,51.8,13.2,69.0,27.3,8,4,18.6,50,1,AI,11,3,28.3,HIGH
PROJ-1681,59.0,1.0,64.1,37.5,5,0,16.2,29,3,Web,8,3,35.3,HIGH
PROJ-1682,84.6,10.5,81.0,54.5,5,0,84.2,42,4,IoT,11,6,61.7,LOW
PROJ-1683,70.6,18.2,56.4,38.5,16,4,27.8,25,7,Web,26,10,31.0,HIGH
PROJ-1684,63.5,7.0,41.4,59.1,9,3,36.2,33,7,AI,22,13,28.4,MEDIUM
PROJ-1685,83.7,7.6,52.5,11.8,15,4,51.4,43,3,AI,17,2,25.9,HIGH
PROJ-1686,85.3,29.7,75.2,57.1,12,1,58.8,56,5,AI,28,16,88.2,LOW
PROJ-1687,82.9,16.3,86.7,66.7,2,2,49.6,77,5,Research,6,4,56.2,LOW
PROJ-1688,81.6,18.3,88.2,70.0,3,3,44.6,64,3,AI,10,7,65.1,LOW
PROJ-1689,83.0,28.5,83.0,57.1,6,2,69.1,37,5,AI,14,8,84.2,LOW
PROJ-1690,60.0,5.6,36.9,13.0,20,3,42.6,15,1,AI,23,3,38.3,HIGH
PROJ-1691,92.8,25.2,79.3,63.6,8,0,60.4,70,1,IoT,22,14,54.4,LOW
PROJ-1692,75.2,15.2,81.5,22.2,14,4,41.7,40,1,Mobile,18,4,25.4,MEDIUM
PROJ-1693,89.3,17.1,46.7,54.2,11,1,76.7,24,3,Web,24,13,40.7,MEDIUM
PROJ-1694,55.8,2.7,30.3,33.3,4,2,26.5,1,3,Mobile,6,2,9.1,HIGH
PROJ-1695,53.5,9.8,46.0,17.4,19,4,35.4,23,3,AI,23,4,39.5,HIGH
PROJ-1696,47.3,1.0,64.9,8.7,21,2,35.8,25,3,AI,23,2,,HIGH
PROJ-1697,76.1,24.6,52.9,41.2,10,2,40.6,10,2,Research,17,7,69.3,MEDIUM
PROJ-1698,68.3,23.3,73.1,79.3,6,3,44.2,39,1,Research,29,23,58.9,MEDIUM
PROJ-1699,72.9,20.5,45.1,69.0,9,0,49.6,72,7,IoT,29,20,65.5,LOW
PROJ-1700,59.2,21.3,83.3,62.5,3,2,46.5,38,7,AI,8,5,44.8,MEDIUM
PROJ-1701,92.5,9.2,74.5,52.6,9,1,66.2,29,2,Mobile,19,10,72.4,MEDIUM
PROJ-1702,49.6,8.8,73.2,35.0,13,7,15.4,1,3,IoT,20,7,47.1,HIGH
PROJ-1703,78.9,23.9,75.5,82.8,5,0,75.2,90,6,IoT,29,24,88.4,LOW
PROJ-1704,87.9,21.0,68.0,46.2,7,1,81.5,26,1,IoT,13,6,66.1,LOW
PROJ-1705,69.4,26.4,88.9,60.0,6,0,,14,2,Web,15,9,26.1,MEDIUM
PROJ-1706,83.8,18.0,72.3,58.3,10,1,70.6,71,3,Web,24,14,63.1,LOW
PROJ-1707,86.2,18.6,63.7,84.2,3,2,94.8,50,7,Web,19,16,67.1,LOW
PROJ-1708,56.4,4.9,58.7,40.0,12,3,68.2,13,1,IoT,20,8,41.3,HIGH
PROJ-1709,50.4,6.7,51.7,22.2,7,2,50.1,29,5,Web,9,2,17.1,HIGH
PROJ-1710,64.8,15.6,90.7,30.8,9,2,39.7,20,3,Research,13,4,26.9,HIGH
PROJ-1711,72.1,21.8,68.2,96.6,1,1,65.9,39,6,AI,29,28,80.3,LOW
PROJ-1712,59.3,5.2,24.5,36.4,7,5,27.9,26,5,Web,11,4,40.1,HIGH
PROJ-1713,47.6,17.9,42.2,50.0,9,2,35.5,29,5,Research,18,9,29.2,HIGH
PROJ-1714,58.8,8.3,36.3,22.2,21,1,6.1,48,6,IoT,27,6,27.4,HIGH
PROJ-1715,74.4,16.4,55.3,70.0,3,5,54.1,7,7,Mobile,10,7,34.9,MEDIUM
PROJ-1716,61.3,21.0,86.7,78.3,5,1,43.8,63,5,Web,23,18,58.9,LOW
PROJ-1717,76.4,23.5,57.5,44.0,14,3,44.8,43,4,Research,25,11,54.5,MEDIUM
PROJ-1718,50.1,12.8,59.1,32.1,19,6,58.4,13,6,IoT,28,9,24.0,HIGH
PROJ-1719,66.8,14.8,87.4,83.3,2,0,44.1,57,5,IoT,12,10,53.7,LOW
PROJ-1720,81.5,3.6,53.7,31.2,11,6,37.8,17,1,IoT,16,5,14.1,HIGH
PROJ-1721,81.6,3.9,50.2,48.0,13,2,50.6,1,1,Web,25,12,38.4,MEDIUM
PROJ-1722,58.6,10.9,38.7,25.0,9,7,31.4,5,2,Mobile,12,3,49.8,HIGH
PROJ-1723,87.6,18.3,52.0,78.6,3,1,74.0,56,1,Mobile,14,11,50.3,LOW
PROJ-1724,43.7,6.4,73.3,42.1,11,4,12.1,16,7,AI,19,8,51.5,HIGH
PROJ-1725,88.7,20.0,42.4,46.4,15,4,76.0,38,3,Mobile,28,13,38.1,MEDIUM
PROJ-1726,96.8,22.7,65.1,57.1,3,1,52.2,44,3,Research,7,4,61.3,LOW
PROJ-1727,80.5,21.3,66.2,60.0,2,1,67.0,45,4,Mobile,5,3,58.3,LOW
PROJ-1728,58.3,9.8,63.4,23.8,16,6,34.6,1,3,Research,21,5,36.3,HIGH
PROJ-1729,77.8,16.7,85.1,52.9,8,6,58.9,67,6,Research,17,9,56.8,MEDIUM
PROJ-1730,67.4,14.3,36.7,48.1,14,5,45.1,17,3,Research,27,13,59.0,HIGH
PROJ-1731,78.2,18.8,61.0,65.5,10,4,33.6,61,1,IoT,29,19,33.5,MEDIUM
PROJ-1732,48.9,8.5,66.6,33.3,8,6,35.8,26,5,AI,12,4,51.5,HIGH
PROJ-1733,71.9,1.9,67.5,78.6,6,2,65.5,55,1,AI,28,22,82.4,LOW
PROJ-1734,57.0,10.9,54.6,35.7,9,6,36.6,33,4,Research,14,5,10.8,HIGH
PROJ-1735,43.2,7.2,48.6,33.3,4,2,19.8,13,3,Mobile,6,2,36.2,HIGH
PROJ-1736,66.6,9.2,63.2,63.6,4,4,63.8,54,2,AI,11,7,,MEDIUM
PROJ-1737,57.0,15.5,47.5,26.1,17,4,68.8,37,7,Web,23,6,66.0,MEDIUM
PROJ-1738,80.7,,53.3,37.5,10,5,55.2,63,3,AI,16,6,69.8,MEDIUM
PROJ-1739,92.2,17.8,83.1,73.7,5,0,69.8,24,5,AI,19,14,59.8,LOW
PROJ-1740,73.8,21.3,62.7,57.1,6,0,76.2,35,5,Mobile,14,8,53.6,LOW
PROJ-1741,91.0,20.9,73.6,76.9,6,0,52.1,61,7,Research,26,20,33.8,LOW
PROJ-1742,73.7,11.6,50.0,33.3,4,3,48.4,19,3,Web,6,2,12.9,HIGH
PROJ-1743,55.1,16.6,62.1,57.1,6,3,58.4,35,2,AI,14,8,40.9,MEDIUM
PROJ-1744,89.1,8.7,32.8,27.8,13,6,29.2,1,7,Web,18,5,25.2,HIGH
PROJ-1745,85.9,20.9,74.6,100.0,0,0,91.2,72,1,Mobile,7,7,,LOW
PROJ-1746,80.7,21.5,90.1,75.0,2,2,78.3,52,1,Web,8,6,58.2,LOW
PROJ-1747,41.7,3.2,60.4,40.0,3,3,27.1,23,6,IoT,5,2,70.0,MEDIUM
PROJ-1748,,11.4,49.0,30.8,18,2,49.4,45,5,AI,26,8,28.9,MEDIUM
PROJ-1749,,8.5,53.2,56.5,10,3,41.6,3,6,Research,23,13,39.6,HIGH
PROJ-1750,75.3,18.9,88.8,87.5,1,1,94.1,38,3,IoT,8,7,75.4,LOW
PROJ-1751,63.9,10.0,70.0,0.0,22,6,25.1,16,5,Mobile,22,0,12.7,HIGH
PROJ-1752,82.5,22.1,79.7,28.6,10,3,42.6,32,5,AI,14,4,43.0,HIGH
PROJ-1753,100.0,34.5,70.2,66.7,4,0,100.0,12,5,Mobile,12,8,47.8,LOW
PROJ-1754,67.3,13.5,76.8,55.6,8,2,20.8,17,2,Mobile,18,10,16.7,HIGH
PROJ-1755,97.8,24.0,83.2,50.0,5,0,40.6,47,1,IoT,10,5,74.4,LOW
PROJ-1756,67.5,21.2,84.1,92.3,1,2,75.9,33,5,Research,13,12,50.4,LOW
PROJ-1757,77.3,15.2,66.5,75.0,2,1,74.6,70,1,AI,8,6,52.5,LOW
PROJ-1758,81.4,11.2,71.3,83.3,1,1,87.3,53,6,AI,6,5,,LOW
PROJ-1759,87.6,11.6,79.3,42.9,4,0,75.4,72,7,AI,7,3,67.2,LOW
PROJ-1760,91.4,17.5,70.3,73.3,4,1,74.7,21,6,AI,15,11,70.1,LOW
PROJ-1761,100.0,10.7,58.4,16.7,5,3,32.0,40,2,IoT,6,1,,MEDIUM
PROJ-1762,58.8,5.7,75.6,21.7,18,6,21.5,44,7,AI,23,5,41.6,HIGH
PROJ-1763,87.1,8.7,63.5,28.6,5,0,59.0,73,2,Mobile,7,2,20.3,MEDIUM
PROJ-1764,74.3,14.5,57.6,33.3,6,3,75.6,18,2,Mobile,9,3,44.5,MEDIUM
PROJ-1765,53.4,10.2,71.6,26.1,17,3,26.0,18,4,Research,23,6,39.8,HIGH
PROJ-1766,46.7,4.6,53.3,33.3,14,1,12.5,27,7,Research,21,7,30.5,HIGH
PROJ-1767,80.3,20.7,64.1,35.7,18,3,69.6,48,3,Mobile,28,10,29.2,MEDIUM
PROJ-1768,85.1,10.4,77.2,33.3,4,5,55.1,27,2,Web,6,2,54.2,MEDIUM
PROJ-1769,91.2,11.0,42.3,36.0,16,7,,7,5,Mobile,25,9,14.5,HIGH
PROJ-1770,82.1,1.1,50.6,25.0,15,4,53.4,50,7,IoT,20,5,47.2,MEDIUM
PROJ-1771,78.6,8.6,70.5,52.2,11,3,0.0,9,3,Research,23,12,20.0,HIGH
PROJ-1772,48.9,15.5,43.9,14.3,18,1,56.6,25,3,Research,21,3,0.0,HIGH
PROJ-1773,61.2,9.8,86.6,33.3,14,3,48.1,35,1,IoT,21,7,81.1,MEDIUM
PROJ-1774,83.7,19.5,90.1,83.3,3,2,88.9,53,2,Mobile,18,15,64.7,LOW
PROJ-1775,74.2,14.0,67.7,85.2,4,0,98.6,45,2,Mobile,27,23,79.6,LOW
PROJ-1776,46.1,9.6,45.1,14.3,6,3,63.5,55,1,Mobile,7,1,,HIGH
PROJ-1777,75.1,22.2,50.8,83.3,1,1,77.9,30,4,IoT,6,5,79.3,LOW
PROJ-1778,74.7,15.8,53.5,35.7,18,2,43.0,9,4,Research,28,10,49.8,MEDIUM
PROJ-1779,95.2,7.2,75.2,78.6,6,2,79.1,53,1,Mobile,28,22,83.4,LOW
PROJ-1780,54.8,11.3,74.3,33.3,4,1,40.5,60,5,IoT,6,2,75.1,MEDIUM
PROJ-1781,76.0,13.8,39.5,74.1,7,2,53.6,66,3,Research,27,20,23.3,MEDIUM
PROJ-1782,86.2,18.9,52.6,33.3,4,2,63.3,53,3,AI,6,2,47.7,MEDIUM
PROJ-1783,48.6,,33.1,0.0,16,7,45.4,22,3,Mobile,16,0,20.5,HIGH
PROJ-1784,77.2,18.0,47.5,36.4,7,2,43.3,35,7,Web,11,4,43.3,MEDIUM
PROJ-1785,49.8,11.7,59.9,42.9,4,2,31.7,37,5,Web,7,3,67.4,MEDIUM
PROJ-1786,85.2,9.8,77.0,90.0,1,0,78.7,39,5,IoT,10,9,52.7,LOW
PROJ-1787,69.8,22.7,65.1,65.4,9,1,84.7,74,5,Research,26,17,71.5,LOW
PROJ-1788,84.0,26.7,75.9,66.7,9,1,83.0,54,3,Research,27,18,80.0,LOW
PROJ-1789,55.6,22.1,61.6,50.0,6,1,38.2,7,7,Research,12,6,58.8,MEDIUM
PROJ-1790,56.4,1.0,68.0,53.8,12,3,52.6,24,6,Web,26,14,72.9,MEDIUM
PROJ-1791,62.7,18.7,36.9,26.3,14,2,53.5,37,3,IoT,19,5,19.1,HIGH
PROJ-1792,80.3,17.5,83.0,50.0,3,0,80.7,78,5,AI,6,3,48.5,LOW
PROJ-1793,100.0,19.7,53.3,35.7,9,2,47.1,25,4,Web,14,5,56.2,MEDIUM
PROJ-1794,88.9,13.6,,100.0,0,0,83.3,45,4,Web,29,29,91.3,LOW
PROJ-1795,81.9,13.2,73.4,80.0,3,2,32.1,16,6,AI,15,12,36.7,MEDIUM
PROJ-1796,73.3,,57.7,50.0,12,1,23.4,38,6,Web,24,12,45.8,MEDIUM
PROJ-1797,79.8,20.2,76.0,72.7,6,2,44.6,31,5,AI,22,16,100.0,LOW
PROJ-1798,98.8,16.4,81.3,50.0,14,1,99.8,44,5,Mobile,28,14,81.9,LOW
PROJ-1799,45.6,8.4,32.8,20.8,19,3,15.7,22,7,Mobile,24,5,25.4,HIGH
PROJ-1800,81.4,9.2,55.0,44.4,5,2,43.0,32,7,Mobile,9,4,63.2,MEDIUM
PROJ-1801,83.5,20.4,78.5,60.0,2,0,80.1,66,2,Mobile,5,3,62.7,LOW
PROJ-1802,50.2,10.9,53.9,54.5,5,5,37.2,85,2,Mobile,11,6,35.5,MEDIUM
PROJ-1803,93.8,4.6,70.2,81.0,4,0,82.2,58,4,Mobile,21,17,80.0,LOW
PROJ-1804,56.9,14.1,49.2,34.8,15,2,19.4,14,5,AI,23,8,13.4,HIGH
PROJ-1805,93.1,19.4,72.4,68.8,5,0,55.2,25,5,Research,16,11,49.3,LOW
PROJ-1806,74.9,38.8,50.0,75.0,2,1,53.1,13,2,AI,8,6,63.4,LOW
PROJ-1807,75.1,26.4,71.2,90.9,2,0,87.8,28,5,Mobile,22,20,62.4,LOW
PROJ-1808,65.6,22.1,63.8,16.7,5,2,42.4,1,3,AI,6,1,26.6,MEDIUM
PROJ-1809,85.4,17.0,78.8,69.2,4,2,87.6,52,1,IoT,13,9,57.1,LOW
PROJ-1810,65.9,9.8,,35.3,11,2,64.7,19,3,Web,17,6,21.4,MEDIUM
PROJ-1811,96.1,10.7,50.6,25.0,12,5,51.7,35,2,AI,16,4,35.8,HIGH
PROJ-1812,67.0,21.3,41.9,30.0,14,5,48.8,18,2,AI,20,6,42.7,MEDIUM
PROJ-1813,59.0,10.5,69.0,31.6,13,1,36.1,31,3,Research,19,6,28.6,MEDIUM
PROJ-1814,53.1,11.6,14.6,30.0,7,1,49.5,14,5,Web,10,3,39.1,HIGH
PROJ-1815,79.9,9.4,66.9,0.0,20,4,26.7,24,5,AI,20,0,48.0,HIGH
PROJ-1816,57.6,18.3,39.0,40.9,13,1,57.0,53,3,Mobile,22,9,43.8,MEDIUM
PROJ-1817,34.1,1.9,53.9,0.0,25,6,29.2,46,7,AI,25,0,3.1,HIGH
PROJ-1818,90.8,27.0,78.7,62.5,6,1,48.9,45,3,IoT,16,10,41.8,LOW
PROJ-1819,61.2,14.4,84.0,52.0,12,1,57.3,39,2,Research,25,13,48.7,MEDIUM
PROJ-1820,71.5,15.8,81.1,83.3,1,1,93.9,90,5,AI,6,5,73.1,LOW
PROJ-1821,76.6,13.3,93.7,68.4,6,1,70.0,26,6,Mobile,19,13,58.6,LOW
PROJ-1822,51.1,25.0,47.0,75.0,4,3,72.3,1,2,Mobile,16,12,62.6,MEDIUM
PROJ-1823,74.3,21.9,94.9,30.0,7,3,70.8,40,4,Mobile,10,3,58.0,MEDIUM
PROJ-1824,100.0,20.9,70.0,88.9,2,0,82.5,49,6,Web,18,16,81.4,LOW
PROJ-1825,55.6,6.1,55.3,10.0,18,6,51.3,7,6,Research,20,2,15.5,HIGH
PROJ-1826,60.5,34.5,69.2,100.0,0,0,78.5,52,6,Mobile,28,28,55.6,LOW
PROJ-1827,71.4,10.1,57.8,85.7,2,1,60.2,57,2,Web,14,12,80.6,LOW
PROJ-1828,58.2,6.0,74.9,0.0,21,5,6.1,44,5,AI,21,0,18.0,HIGH
PROJ-1829,70.0,18.4,54.1,66.7,9,2,48.4,51,4,Web,27,18,57.8,MEDIUM
PROJ-1830,52.5,11.1,48.3,30.8,9,1,42.2,51,1,IoT,13,4,38.9,MEDIUM
PROJ-1831,87.7,21.0,82.1,55.6,12,4,,35,1,IoT,27,15,52.5,LOW
PROJ-1832,62.3,7.9,72.8,33.3,4,2,63.9,41,2,IoT,6,2,31.3,MEDIUM
PROJ-1833,57.2,8.8,35.9,0.0,26,3,34.3,24,7,Web,26,0,22.9,HIGH
PROJ-1834,100.0,27.3,62.8,85.0,3,2,59.6,31,6,Mobile,20,17,77.4,LOW
PROJ-1835,72.7,21.7,51.6,83.3,1,3,62.5,40,4,AI,6,5,62.5,MEDIUM
PROJ-1836,73.1,11.4,69.4,62.5,9,4,21.6,11,3,IoT,24,15,23.9,HIGH
PROJ-1837,81.6,19.5,84.4,53.6,13,1,47.1,69,5,Mobile,28,15,53.9,MEDIUM
PROJ-1838,58.8,,64.2,57.1,3,2,32.0,1,7,Mobile,7,4,39.7,MEDIUM
PROJ-1839,77.1,25.8,35.5,37.5,5,3,46.7,13,4,AI,8,3,28.0,MEDIUM
PROJ-1840,75.7,18.1,60.3,40.7,16,3,44.8,76,2,IoT,27,11,55.3,MEDIUM
PROJ-1841,81.0,11.8,67.9,60.0,2,0,64.4,48,3,AI,5,3,61.5,MEDIUM
PROJ-1842,70.8,19.0,80.0,40.0,3,1,69.8,30,3,IoT,5,2,93.7,LOW
PROJ-1843,75.0,10.3,82.9,22.2,7,2,31.0,5,6,Web,9,2,47.7,MEDIUM
PROJ-1844,56.4,3.9,42.4,35.0,13,7,28.0,14,3,Mobile,20,7,20.1,HIGH
PROJ-1845,73.2,12.7,66.8,50.0,10,3,53.9,29,7,IoT,20,10,57.0,MEDIUM
PROJ-1846,72.3,14.4,66.3,65.4,9,1,69.3,31,2,Mobile,26,17,53.2,MEDIUM
PROJ-1847,44.9,8.9,,40.7,16,3,28.4,32,1,Research,27,11,53.9,HIGH
PROJ-1848,90.8,6.9,59.3,12.5,7,5,61.7,9,1,Research,8,1,21.2,HIGH
PROJ-1849,72.5,3.9,38.8,12.5,7,4,52.9,47,3,Mobile,8,1,25.6,HIGH
PROJ-1850,70.2,13.5,45.6,16.7,5,5,32.1,44,7,AI,6,1,16.1,HIGH
PROJ-1851,53.4,5.8,56.9,22.2,7,4,33.0,31,1,Research,9,2,53.5,HIGH
PROJ-1852,62.0,5.2,18.4,43.8,9,3,22.3,12,7,AI,16,7,15.6,HIGH
PROJ-1853,51.2,7.8,52.2,4.8,20,4,20.7,20,7,Research,21,1,42.9,HIGH
PROJ-1854,65.1,7.5,,41.7,7,5,58.3,14,3,IoT,12,5,38.4,HIGH
PROJ-1855,81.9,3.9,44.7,30.4,16,7,44.9,5,2,Web,23,7,31.2,HIGH
PROJ-1856,40.3,12.6,69.3,3.6,27,5,20.7,49,7,AI,28,1,7.4,HIGH
PROJ-1857,70.2,22.6,72.6,64.3,10,1,69.0,71,4,IoT,28,18,71.4,LOW
PROJ-1858,67.1,13.2,59.4,34.8,15,1,54.6,21,1,AI,23,8,31.7,HIGH
PROJ-1859,61.5,15.7,61.0,50.0,11,1,69.7,29,3,IoT,22,11,52.5,MEDIUM
PROJ-1860,81.7,30.5,60.8,92.3,2,1,100.0,47,5,Mobile,26,24,77.7,LOW
PROJ-1861,67.7,7.3,53.0,55.0,9,2,69.2,36,2,Mobile,20,11,63.1,MEDIUM
PROJ-1862,70.0,19.4,58.7,66.7,3,2,28.4,32,1,Research,9,6,54.6,MEDIUM
PROJ-1863,65.1,14.4,60.9,80.0,3,0,69.4,60,4,Mobile,15,12,43.6,LOW
PROJ-1864,59.0,1.0,58.4,17.2,24,3,48.6,25,2,Mobile,29,5,41.3,HIGH
PROJ-1865,80.8,11.2,58.9,75.0,4,1,100.0,47,7,IoT,16,12,58.4,LOW
PROJ-1866,63.8,7.1,78.2,58.3,10,10,21.5,1,3,AI,24,14,13.3,HIGH
PROJ-1867,78.7,18.6,65.1,47.6,11,3,51.3,73,1,Research,21,10,29.8,MEDIUM
PROJ-1868,78.6,15.7,75.5,55.6,4,0,87.7,47,1,Mobile,9,5,77.3,LOW
PROJ-1869,69.3,1.0,19.7,41.7,7,8,51.8,17,7,AI,12,5,41.7,HIGH
PROJ-1870,71.5,21.3,76.6,35.3,11,3,71.1,54,2,Mobile,17,6,49.8,MEDIUM
PROJ-1871,72.8,13.7,69.3,90.0,2,1,73.5,42,2,Research,20,18,66.6,LOW
PROJ-1872,55.9,8.9,67.3,35.0,13,2,40.8,24,7,Mobile,20,7,76.2,MEDIUM
PROJ-1873,52.0,21.3,63.7,43.8,9,2,33.3,76,2,IoT,16,7,28.5,MEDIUM
PROJ-1874,53.8,4.4,42.2,47.1,9,2,0.0,40,2,Research,17,8,29.9,HIGH
PROJ-1875,80.3,11.7,56.1,0.0,21,2,29.9,51,4,IoT,21,0,48.8,MEDIUM
PROJ-1876,32.3,18.0,21.6,26.3,14,2,22.3,16,2,AI,19,5,,HIGH
PROJ-1877,72.1,13.1,40.7,38.5,8,2,44.7,37,4,Web,13,5,79.7,MEDIUM
PROJ-1878,84.9,10.9,60.2,38.5,8,6,31.6,39,2,IoT,13,5,20.3,HIGH
PROJ-1879,55.8,,54.6,0.0,25,5,37.5,10,7,AI,25,0,26.7,HIGH
PROJ-1880,86.5,27.4,65.2,38.5,8,1,73.9,79,5,IoT,13,5,74.8,LOW
PROJ-1881,52.7,11.3,47.4,29.6,19,4,30.3,11,4,Research,27,8,20.2,HIGH
PROJ-1882,87.0,22.1,80.9,42.9,12,1,87.0,65,4,Mobile,21,9,60.1,LOW
PROJ-1883,84.0,14.8,60.6,82.1,5,0,81.4,55,4,Research,28,23,,LOW
PROJ-1884,61.6,11.5,,14.3,12,4,15.2,11,1,AI,14,2,27.4,HIGH
PROJ-1885,72.0,6.7,54.0,28.6,5,3,24.0,28,7,IoT,7,2,44.6,HIGH
PROJ-1886,76.5,16.7,57.0,63.6,4,1,82.3,50,5,AI,11,7,59.8,LOW
PROJ-1887,45.2,2.1,21.5,48.0,13,4,16.3,23,2,Mobile,25,12,25.6,HIGH
PROJ-1888,61.9,7.0,28.0,18.2,9,0,9.9,1,3,Mobile,11,2,11.3,HIGH
PROJ-1889,60.9,7.3,69.6,52.9,8,7,0.0,30,4,Mobile,17,9,48.4,HIGH
PROJ-1890,76.1,11.8,49.2,25.0,21,4,37.1,10,5,IoT,28,7,24.9,MEDIUM
PROJ-1891,67.4,15.5,73.1,50.0,3,4,31.2,42,4,Research,6,3,61.8,MEDIUM
PROJ-1892,64.9,24.0,73.0,88.5,3,2,64.1,45,7,Web,26,23,61.8,LOW
PROJ-1893,80.8,7.8,64.9,10.0,18,2,,22,1,Mobile,20,2,20.7,HIGH
PROJ-1894,78.4,21.5,68.0,80.0,5,3,86.6,1,3,Research,25,20,45.9,LOW
PROJ-1895,88.5,19.0,52.5,58.3,5,5,81.9,1,5,IoT,12,7,53.4,MEDIUM
PROJ-1896,86.2,16.5,55.8,18.2,9,4,66.4,5,5,AI,11,2,31.4,MEDIUM
PROJ-1897,82.8,18.6,78.9,62.1,11,2,90.7,64,1,IoT,29,18,40.2,LOW
PROJ-1898,71.6,12.1,66.7,62.5,6,3,52.5,2,7,Web,16,10,64.7,MEDIUM
PROJ-1899,66.5,12.7,42.8,51.7,14,2,73.9,43,2,IoT,29,15,65.6,MEDIUM
PROJ-1900,73.2,23.8,84.5,46.2,14,0,69.8,43,5,IoT,26,12,59.6,LOW
PROJ-1901,61.7,8.9,37.6,23.1,10,7,8.9,1,4,AI,13,3,36.5,HIGH
PROJ-1902,84.7,20.5,97.3,84.6,2,0,79.3,33,4,IoT,13,11,56.6,LOW
PROJ-1903,84.9,25.3,62.9,65.0,7,1,69.8,41,6,Mobile,20,13,74.0,LOW
PROJ-1904,38.5,7.2,41.0,6.2,15,1,25.0,3,7,Research,16,1,19.1,HIGH
PROJ-1905,78.6,12.2,68.9,42.9,8,2,32.3,23,3,Web,14,6,40.3,MEDIUM
PROJ-1906,65.2,12.4,33.0,25.0,9,4,33.3,9,2,Research,12,3,7.3,HIGH
PROJ-1907,76.0,23.6,71.1,84.6,4,2,76.9,71,6,Mobile,26,22,78.8,LOW
PROJ-1908,43.5,6.1,34.7,56.2,7,5,77.4,90,7,IoT,16,9,33.2,MEDIUM
PROJ-1909,68.9,3.0,65.7,40.0,3,5,44.3,1,2,Mobile,5,2,7.2,HIGH
PROJ-1910,57.4,,22.9,73.7,5,2,35.1,18,1,IoT,19,14,32.3,HIGH
PROJ-1911,52.4,7.1,51.3,24.1,22,6,14.2,25,1,Mobile,29,7,20.3,HIGH
PROJ-1912,64.2,11.6,77.2,40.0,6,0,64.2,2,6,IoT,10,4,27.8,MEDIUM
PROJ-1913,71.7,15.4,65.8,33.3,4,1,47.2,34,5,IoT,6,2,35.2,MEDIUM
PROJ-1914,76.0,10.0,73.1,73.7,5,3,78.0,1,5,IoT,19,14,36.0,MEDIUM
PROJ-1915,89.9,6.5,53.2,50.0,13,3,64.5,35,2,Mobile,26,13,30.3,MEDIUM
PROJ-1916,62.8,12.3,32.6,20.0,4,3,40.1,1,2,Web,5,1,59.8,MEDIUM
PROJ-1917,75.9,14.6,74.3,84.6,2,1,56.6,16,3,Research,13,11,75.8,LOW
PROJ-1918,71.6,7.7,34.9,20.0,4,4,57.3,2,5,Mobile,5,1,0.0,HIGH
PROJ-1919,73.7,12.2,79.0,42.9,8,1,50.0,37,5,AI,14,6,59.5,MEDIUM
PROJ-1920,85.4,12.5,68.0,92.3,1,1,73.1,46,3,AI,13,12,59.5,LOW
PROJ-1921,78.8,21.2,82.9,77.8,2,2,81.4,70,6,Research,9,7,51.5,LOW
PROJ-1922,90.9,24.5,68.9,72.2,5,0,77.4,56,3,IoT,18,13,87.7,LOW
PROJ-1923,73.3,7.1,44.4,23.1,20,3,37.2,15,5,AI,26,6,50.8,HIGH
PROJ-1924,60.5,15.1,67.9,14.3,6,3,25.7,32,6,Mobile,7,1,26.7,HIGH
PROJ-1925,85.4,21.1,,62.5,9,0,71.4,20,1,AI,24,15,71.6,LOW
PROJ-1926,49.8,15.4,68.9,64.3,10,3,58.3,39,4,Web,28,18,27.4,MEDIUM
PROJ-1927,76.8,15.7,57.0,62.5,3,1,74.6,46,5,AI,8,5,97.3,LOW
PROJ-1928,79.3,24.1,80.5,66.7,4,0,77.3,23,5,AI,12,8,100.0,LOW
PROJ-1929,69.8,1.6,49.6,61.5,5,3,50.2,49,6,Research,13,8,24.7,HIGH
PROJ-1930,79.7,12.8,62.0,29.2,17,5,52.6,26,1,IoT,24,7,41.8,HIGH
PROJ-1931,64.5,7.4,64.4,86.2,4,2,57.5,33,7,Web,29,25,25.2,MEDIUM
PROJ-1932,75.9,15.3,68.8,50.0,3,0,68.7,50,6,AI,6,3,87.1,LOW
PROJ-1933,64.4,10.2,100.0,66.7,7,4,85.1,44,7,Web,21,14,66.0,LOW
PROJ-1934,72.1,16.7,48.6,50.0,4,7,,25,7,Research,8,4,33.1,HIGH
PROJ-1935,72.8,9.7,63.5,57.9,8,2,63.8,58,4,Research,19,11,42.5,MEDIUM
PROJ-1936,73.5,5.7,56.6,0.0,15,4,57.1,24,7,Web,15,0,42.8,HIGH
PROJ-1937,84.9,14.0,78.5,63.6,4,1,99.9,49,2,Web,11,7,53.6,LOW
PROJ-1938,72.2,19.6,76.0,61.5,5,0,82.1,49,2,Research,13,8,62.3,LOW
PROJ-1939,71.4,14.2,84.9,71.4,2,1,69.5,43,6,Web,7,5,60.2,LOW
PROJ-1940,75.0,19.0,81.0,70.6,5,4,67.9,8,2,IoT,17,12,,LOW
PROJ-1941,53.1,5.5,60.1,30.4,16,4,35.6,24,6,Research,23,7,1.3,HIGH
PROJ-1942,60.1,17.7,43.9,44.4,5,2,71.8,30,7,Mobile,9,4,62.4,MEDIUM
PROJ-1943,78.8,7.4,45.1,40.7,16,5,85.3,3,2,Research,27,11,52.8,MEDIUM
PROJ-1944,70.2,9.0,50.6,53.6,13,3,48.3,53,5,Mobile,28,15,28.9,MEDIUM
PROJ-1945,76.5,17.5,65.1,52.6,9,2,,28,5,Research,19,10,45.0,LOW
PROJ-1946,74.4,14.6,65.2,54.5,10,1,56.7,24,7,IoT,22,12,65.4,MEDIUM
PROJ-1947,83.4,12.0,67.5,57.9,8,2,52.0,34,1,AI,19,11,43.7,MEDIUM
PROJ-1948,74.2,18.0,94.9,73.3,4,2,79.2,68,3,AI,15,11,64.8,LOW
PROJ-1949,74.6,5.5,56.4,44.4,5,1,61.7,42,3,Mobile,9,4,16.5,HIGH
PROJ-1950,71.5,1.0,69.0,30.8,9,7,,55,3,Mobile,13,4,73.4,MEDIUM
PROJ-1951,93.6,23.7,84.0,57.1,3,3,47.4,31,3,IoT,7,4,68.8,MEDIUM
PROJ-1952,,9.5,78.9,33.3,6,4,45.3,43,3,Research,9,3,84.6,MEDIUM
PROJ-1953,64.3,16.1,55.6,68.8,5,2,48.3,24,5,Web,16,11,70.3,MEDIUM
PROJ-1954,55.8,7.1,52.3,44.0,14,5,33.8,12,5,Web,25,11,39.3,HIGH
PROJ-1955,52.1,18.7,42.1,31.0,20,2,8.8,38,7,AI,29,9,38.6,HIGH
PROJ-1956,44.1,16.3,62.7,40.0,15,4,60.4,18,4,Mobile,25,10,41.1,HIGH
PROJ-1957,80.1,,60.8,58.8,7,0,81.9,60,2,Mobile,17,10,62.2,LOW
PROJ-1958,69.4,16.9,55.8,38.5,16,1,51.0,35,7,Mobile,26,10,,MEDIUM
PROJ-1959,75.3,8.9,49.5,35.3,11,6,31.4,1,7,AI,17,6,22.1,HIGH
PROJ-1960,86.4,16.2,63.6,20.0,4,7,34.9,17,7,Web,5,1,52.5,HIGH
PROJ-1961,77.0,8.1,32.2,33.3,8,4,53.5,30,7,Research,12,4,49.4,HIGH
PROJ-1962,67.5,20.0,48.9,80.0,4,2,79.7,62,6,Mobile,20,16,75.2,LOW
PROJ-1963,91.4,17.0,89.3,55.6,8,1,82.8,75,3,Research,18,10,67.4,LOW
PROJ-1964,80.8,1.0,66.6,44.4,10,3,41.6,13,1,Research,18,8,24.1,HIGH
PROJ-1965,80.8,30.7,77.5,55.6,4,1,89.1,60,3,Web,9,5,52.4,LOW
PROJ-1966,68.8,6.3,,0.0,14,4,38.0,32,5,Mobile,14,0,0.0,HIGH
PROJ-1967,67.2,24.0,81.8,68.8,5,1,64.3,35,7,IoT,16,11,52.3,LOW
PROJ-1968,84.8,8.8,64.2,58.8,7,0,32.4,43,4,AI,17,10,54.2,MEDIUM
PROJ-1969,90.2,12.1,59.6,81.2,3,0,67.3,55,3,Mobile,16,13,62.1,LOW
PROJ-1970,79.2,17.5,62.4,73.1,7,0,47.5,65,2,Web,26,19,70.5,LOW
PROJ-1971,72.3,7.4,47.7,9.5,19,8,16.5,3,4,IoT,21,2,30.5,HIGH
PROJ-1972,56.8,10.0,49.6,11.1,8,5,26.0,31,3,Web,9,1,0.0,HIGH
PROJ-1973,65.9,19.5,51.8,66.7,7,1,72.5,28,5,Mobile,21,14,34.6,MEDIUM
PROJ-1974,48.4,19.7,34.3,20.0,20,2,,24,1,IoT,25,5,29.9,HIGH
PROJ-1975,68.0,9.1,84.2,50.0,6,5,63.7,15,1,AI,12,6,62.4,MEDIUM
PROJ-1976,82.7,21.4,97.3,57.1,6,0,74.6,22,2,Mobile,14,8,59.9,LOW
PROJ-1977,79.4,9.9,65.2,72.2,5,1,82.9,66,7,AI,18,13,60.5,LOW
PROJ-1978,84.2,15.3,67.8,36.4,7,4,58.7,54,3,Mobile,11,4,20.6,MEDIUM
PROJ-1979,44.0,3.6,61.4,36.8,12,5,25.7,20,5,IoT,19,7,38.7,HIGH
PROJ-1980,53.1,9.3,21.7,16.7,20,5,41.1,52,3,AI,24,4,0.0,HIGH
PROJ-1981,79.3,25.9,74.4,52.4,10,4,44.1,15,7,AI,21,11,51.5,MEDIUM
PROJ-1982,62.5,17.6,44.4,35.7,9,2,64.2,2,4,AI,14,5,42.8,MEDIUM
PROJ-1983,78.8,7.7,50.5,40.0,6,5,51.2,55,7,Mobile,10,4,43.2,MEDIUM
PROJ-1984,75.1,10.6,39.9,15.4,22,7,23.3,5,6,Research,26,4,29.9,HIGH
PROJ-1985,64.8,14.2,84.1,54.5,5,3,40.2,8,7,IoT,11,6,51.8,MEDIUM
PROJ-1986,86.1,32.0,58.6,59.1,9,0,84.5,46,7,AI,22,13,60.7,LOW
PROJ-1987,75.5,11.0,61.7,50.0,12,1,52.1,34,5,Research,24,12,54.7,MEDIUM
PROJ-1988,83.1,26.5,87.8,100.0,0,1,86.4,53,4,Research,19,19,46.3,LOW
PROJ-1989,84.0,9.3,86.5,33.3,8,1,90.3,66,1,Web,12,4,87.1,LOW
PROJ-1990,67.8,10.5,28.6,44.4,15,4,44.7,7,5,Mobile,27,12,31.4,HIGH
PROJ-1991,69.5,6.7,51.2,45.8,13,2,57.9,36,6,AI,24,11,41.8,MEDIUM
PROJ-1992,74.5,6.8,78.9,25.0,9,5,22.0,44,2,IoT,12,3,27.8,HIGH
PROJ-1993,85.4,24.7,77.3,75.0,2,1,91.2,75,5,IoT,8,6,58.6,LOW
PROJ-1994,66.4,22.7,83.8,76.2,5,2,67.3,73,5,IoT,21,16,42.9,LOW
PROJ-1995,68.2,29.3,79.6,59.1,9,3,74.3,73,7,Web,22,13,85.7,LOW
PROJ-1996,73.0,14.2,65.1,40.0,3,1,77.6,90,4,Mobile,5,2,80.0,LOW
PROJ-1997,74.5,5.9,56.6,44.4,10,5,56.4,38,4,Mobile,18,8,45.4,MEDIUM
PROJ-1998,87.7,13.8,89.2,73.3,4,0,36.8,48,5,AI,15,11,84.1,LOW
PROJ-1999,84.4,16.9,78.9,76.5,4,3,67.8,39,2,AI,17,13,100.0,LOW
PROJ-2000,57.7,7.6,73.7,43.8,9,5,58.8,27,6,AI,16,7,87.1,MEDIUM
PROJ-2001,47.3,6.6,45.3,36.4,7,5,53.3,40,6,IoT,11,4,1.6,HIGH
PROJ-2002,79.4,17.3,85.6,46.2,7,0,66.8,54,4,Research,13,6,54.8,LOW
PROJ-2003,93.2,20.0,72.6,62.5,3,1,83.6,69,1,AI,8,5,27.9,LOW
PROJ-2004,85.5,19.6,96.6,87.5,3,1,40.3,29,3,IoT,24,21,59.2,LOW
PROJ-2005,59.9,4.8,70.4,57.1,3,1,17.5,41,1,Web,7,4,21.5,HIGH
PROJ-2006,77.5,22.1,46.5,50.0,3,0,83.7,28,1,AI,6,3,71.3,LOW
PROJ-2007,59.0,6.6,79.8,20.7,23,4,5.9,31,1,Mobile,29,6,44.1,HIGH
PROJ-2008,94.9,8.8,37.6,52.4,10,2,50.1,1,3,Research,21,11,43.7,MEDIUM
PROJ-2009,80.3,13.6,52.4,25.0,6,2,54.5,61,2,AI,8,2,50.0,MEDIUM
PROJ-2010,70.0,19.4,76.8,75.0,7,2,76.4,48,4,Research,28,21,83.9,LOW
PROJ-2011,,20.6,79.3,71.4,8,1,69.2,37,7,AI,28,20,67.5,LOW
PROJ-2012,69.5,26.9,,56.5,10,2,62.2,6,7,Mobile,23,13,47.1,MEDIUM
PROJ-2013,77.8,11.5,72.4,52.4,10,1,50.0,38,6,Mobile,21,11,47.2,MEDIUM
PROJ-2014,52.6,4.4,46.7,58.3,10,5,51.1,39,1,Mobile,24,14,2.7,HIGH
PROJ-2015,,18.5,45.6,11.1,8,2,20.7,15,4,IoT,9,1,38.8,HIGH
PROJ-2016,74.8,14.5,66.1,62.5,9,1,59.3,35,1,AI,24,15,35.3,MEDIUM
PROJ-2017,85.2,19.1,69.4,82.6,4,3,77.0,26,1,Research,23,19,78.6,LOW
PROJ-2018,65.0,25.9,63.2,38.5,16,8,38.2,26,5,AI,26,10,,MEDIUM
PROJ-2019,50.8,15.2,44.2,40.0,9,4,74.6,45,4,IoT,15,6,16.1,HIGH
PROJ-2020,76.3,13.8,84.0,61.5,5,0,73.0,34,1,Mobile,13,8,81.8,LOW
PROJ-2021,58.3,8.9,62.4,52.4,10,3,0.6,18,4,Research,21,11,10.0,HIGH
PROJ-2022,46.1,13.5,64.7,35.3,11,4,5.5,14,4,Research,17,6,29.3,HIGH
PROJ-2023,78.4,11.2,72.8,28.6,5,5,59.0,31,5,Web,7,2,60.0,MEDIUM
PROJ-2024,77.7,13.3,52.5,28.6,10,4,14.2,50,4,AI,14,4,15.3,HIGH
PROJ-2025,57.2,1.0,26.7,15.0,17,2,43.3,30,3,Research,20,3,,HIGH
PROJ-2026,67.3,11.0,70.1,25.0,6,5,74.3,60,1,IoT,8,2,34.5,MEDIUM
PROJ-2027,,11.3,60.8,32.1,19,5,30.1,53,6,IoT,28,9,24.8,HIGH
PROJ-2028,67.7,19.1,82.1,100.0,0,0,91.8,47,1,Research,8,8,71.1,LOW
PROJ-2029,81.9,11.5,51.5,75.9,7,2,36.5,14,6,Mobile,29,22,6.8,HIGH
PROJ-2030,67.3,1.0,26.6,13.3,13,5,5.3,27,3,Research,15,2,29.4,HIGH
PROJ-2031,47.5,9.9,69.8,25.9,20,8,32.7,23,4,Web,27,7,36.3,HIGH
PROJ-2032,53.3,14.5,44.5,0.0,7,5,31.5,23,1,IoT,7,0,26.0,HIGH
PROJ-2033,63.8,7.5,76.7,25.0,9,6,46.4,35,3,Mobile,12,3,19.9,HIGH
PROJ-2034,54.7,6.1,33.5,25.0,6,3,38.0,1,3,IoT,8,2,40.6,HIGH
PROJ-2035,51.7,11.8,56.4,25.0,18,3,18.5,14,6,Mobile,24,6,48.4,HIGH
PROJ-2036,83.9,23.3,85.3,61.5,5,0,79.9,65,2,IoT,13,8,72.4,LOW
PROJ-2037,72.3,8.6,54.1,38.1,13,5,33.8,26,4,AI,21,8,28.8,HIGH
PROJ-2038,77.7,11.4,63.8,22.2,14,2,12.6,40,2,Mobile,18,4,32.3,HIGH
PROJ-2039,60.2,18.0,73.9,46.2,7,0,35.7,16,4,AI,13,6,50.1,MEDIUM
PROJ-2040,67.6,14.6,66.2,100.0,0,0,100.0,34,7,Mobile,10,10,81.7,LOW
PROJ-2041,61.3,8.4,46.4,42.9,4,4,34.4,11,4,IoT,7,3,26.8,HIGH
PROJ-2042,70.7,10.8,42.1,40.7,16,3,60.4,43,4,Research,27,11,47.3,MEDIUM
PROJ-2043,74.2,9.1,50.8,34.6,17,1,17.5,23,1,IoT,26,9,41.6,MEDIUM
PROJ-2044,40.4,19.6,45.5,38.1,13,7,29.2,1,3,Mobile,21,8,14.3,HIGH
PROJ-2045,78.5,9.3,72.3,59.3,11,0,31.8,32,7,Mobile,27,16,57.9,MEDIUM
PROJ-2046,79.5,1.0,68.8,0.0,6,3,26.1,3,5,Research,6,0,32.7,HIGH
PROJ-2047,92.0,18.9,,63.0,10,2,65.6,42,3,Mobile,27,17,68.6,LOW
PROJ-2048,68.5,21.3,75.7,50.0,3,1,41.2,22,6,Web,6,3,33.3,MEDIUM
PROJ-2049,93.0,25.5,55.7,57.1,9,2,24.2,22,4,IoT,21,12,35.4,MEDIUM
PROJ-2050,52.3,9.4,54.9,30.8,18,6,35.0,40,2,IoT,26,8,25.6,HIGH
PROJ-2051,80.5,11.2,35.8,47.1,9,7,34.4,16,6,AI,17,8,37.5,HIGH
PROJ-2052,,21.1,46.3,55.6,4,0,56.6,23,7,Web,9,5,81.9,LOW
PROJ-2053,82.4,19.3,67.0,65.5,10,2,73.9,30,6,Web,29,19,80.4,LOW
PROJ-2054,78.7,2.2,59.0,47.8,12,0,81.3,45,6,IoT,23,11,58.4,MEDIUM
PROJ-2055,71.3,20.3,88.0,57.1,3,2,49.1,5,7,Research,7,4,52.1,MEDIUM
PROJ-2056,76.7,16.3,78.4,63.6,4,1,22.1,19,2,AI,11,7,20.4,MEDIUM
PROJ-2057,70.6,11.7,76.7,33.3,16,3,,22,5,AI,24,8,22.9,HIGH
PROJ-2058,81.7,13.0,34.4,16.7,15,3,41.6,26,2,IoT,18,3,34.3,HIGH
PROJ-2059,83.8,1.0,53.1,53.8,12,2,,31,3,Research,26,14,25.5,MEDIUM
PROJ-2060,83.3,13.0,67.8,44.4,5,1,91.3,40,3,AI,9,4,84.6,LOW
PROJ-2061,95.5,13.6,77.5,81.8,4,0,73.9,66,7,Web,22,18,50.4,LOW
PROJ-2062,75.3,21.0,63.8,53.3,7,0,69.6,12,3,Web,15,8,35.0,MEDIUM
PROJ-2063,75.3,17.4,,44.4,5,4,18.4,15,7,IoT,9,4,1.6,HIGH
PROJ-2064,92.8,19.6,60.9,55.6,12,0,53.6,27,3,Research,27,15,35.8,MEDIUM
PROJ-2065,94.0,19.2,50.4,80.0,3,1,63.6,54,5,IoT,15,12,19.4,LOW
PROJ-2066,93.4,14.1,69.9,82.4,3,1,92.0,56,5,IoT,17,14,65.4,LOW
PROJ-2067,89.6,18.4,65.7,47.1,9,1,70.2,45,5,Mobile,17,8,67.5,LOW
PROJ-2068,84.7,22.0,76.5,57.1,9,1,,40,4,AI,21,12,61.7,LOW
PROJ-2069,44.3,1.0,56.5,40.9,13,6,29.4,4,2,Research,22,9,5.2,HIGH
PROJ-2070,96.8,11.0,,78.9,4,1,56.1,62,2,Web,19,15,,LOW
PROJ-2071,70.0,15.4,30.7,26.3,14,4,36.6,18,4,Research,19,5,33.8,HIGH
PROJ-2072,74.7,12.3,63.6,53.8,12,5,42.7,60,3,Mobile,26,14,40.1,MEDIUM
PROJ-2073,46.6,1.2,28.3,25.0,18,0,41.6,18,3,AI,24,6,3.1,HIGH
PROJ-2074,60.7,6.4,58.2,11.1,8,4,26.3,36,5,AI,9,1,44.4,HIGH
PROJ-2075,48.2,2.8,69.6,27.6,21,4,41.1,13,1,AI,29,8,25.2,MEDIUM
PROJ-2076,91.7,18.4,77.2,84.2,3,2,93.9,56,2,Research,19,16,85.1,LOW
PROJ-2077,73.6,13.4,50.6,14.3,24,1,19.6,18,1,AI,28,4,18.0,HIGH
PROJ-2078,69.5,15.0,52.0,34.5,19,2,37.5,22,4,Research,29,10,58.1,MEDIUM
PROJ-2079,61.5,7.5,44.5,30.8,9,5,50.9,1,3,Research,13,4,26.7,HIGH
PROJ-2080,67.0,11.2,40.1,48.3,15,3,14.6,11,1,Web,29,14,37.6,HIGH
PROJ-2081,78.6,8.0,55.7,64.3,10,6,,38,3,Research,28,18,39.9,MEDIUM
PROJ-2082,79.2,31.6,72.2,91.3,2,2,55.8,41,6,IoT,23,21,55.7,LOW
PROJ-2083,74.6,11.6,34.8,55.6,4,2,18.8,51,2,Mobile,9,5,32.1,HIGH
PROJ-2084,79.9,20.3,74.1,92.3,1,2,66.9,36,3,Research,13,12,53.9,LOW
PROJ-2085,91.3,30.8,68.3,45.5,6,2,60.6,82,4,IoT,11,5,63.3,LOW
PROJ-2086,95.1,8.7,92.4,77.3,5,0,78.6,45,2,Research,22,17,45.5,LOW
PROJ-2087,92.4,23.3,89.4,45.0,11,3,88.9,49,6,Web,20,9,71.4,LOW
PROJ-2088,38.1,15.3,43.4,47.1,9,2,21.5,38,2,Web,17,8,26.1,HIGH
PROJ-2089,,4.3,88.2,19.0,17,4,22.6,59,1,Research,21,4,48.5,MEDIUM
PROJ-2090,88.0,33.3,72.4,90.9,1,1,43.1,27,4,Research,11,10,52.7,LOW
PROJ-2091,67.7,7.5,47.0,55.6,4,3,50.7,30,4,IoT,9,5,0.7,MEDIUM
PROJ-2092,71.1,23.7,61.8,29.6,19,4,51.8,45,5,AI,27,8,58.1,MEDIUM
PROJ-2093,69.4,7.2,51.1,45.0,11,3,25.5,21,5,Mobile,20,9,31.0,HIGH
PROJ-2094,82.9,19.2,81.2,85.7,3,3,72.9,19,6,Research,21,18,55.1,LOW
PROJ-2095,56.7,11.3,43.9,16.7,5,5,20.6,19,2,Web,6,1,20.8,HIGH
PROJ-2096,42.9,29.8,49.5,48.1,14,3,74.8,19,6,AI,27,13,68.4,MEDIUM
PROJ-2097,81.5,20.1,63.7,100.0,0,1,86.6,56,3,IoT,28,28,76.3,LOW
PROJ-2098,73.7,21.2,71.7,57.1,9,2,7.4,1,3,IoT,21,12,72.1,MEDIUM
PROJ-2099,81.3,8.2,85.7,76.2,5,2,73.4,26,2,Research,21,16,78.9,LOW
PROJ-2100,57.6,20.3,87.0,35.3,11,4,50.6,68,7,IoT,17,6,45.5,MEDIUM
PROJ-2101,88.1,,79.8,28.6,5,3,56.9,69,4,AI,7,2,43.8,MEDIUM
PROJ-2102,72.6,5.6,64.8,47.4,10,6,9.5,16,5,Mobile,19,9,27.7,HIGH
PROJ-2103,76.8,4.5,37.2,36.4,14,6,13.0,31,4,Mobile,22,8,35.7,HIGH
PROJ-2104,75.5,21.3,53.5,88.5,3,0,50.4,31,3,Web,26,23,70.6,LOW
PROJ-2105,69.0,16.0,66.7,70.6,5,1,88.7,50,1,Mobile,17,12,69.5,LOW
PROJ-2106,39.2,14.4,65.8,42.9,16,6,35.8,4,5,Mobile,28,12,35.0,HIGH
PROJ-2107,100.0,12.6,75.4,87.5,1,0,84.0,33,6,Web,8,7,68.4,LOW
PROJ-2108,64.6,6.4,56.1,0.0,7,5,31.7,7,1,Research,7,0,17.7,HIGH
PROJ-2109,92.0,11.6,57.2,57.9,8,2,48.2,7,5,AI,19,11,46.5,MEDIUM
PROJ-2110,85.2,26.2,62.2,62.5,9,1,65.0,45,5,IoT,24,15,80.4,LOW
PROJ-2111,48.8,6.6,52.8,46.7,8,7,12.3,23,2,Web,15,7,32.3,HIGH
PROJ-2112,82.6,22.1,72.7,60.0,2,3,43.3,53,2,IoT,5,3,26.7,MEDIUM
PROJ-2113,74.9,16.0,74.6,69.2,8,5,89.1,16,3,Web,26,18,64.1,LOW
PROJ-2114,71.5,28.7,63.9,46.2,7,3,31.7,45,3,Research,13,6,49.7,MEDIUM
PROJ-2115,63.2,19.8,41.3,17.2,24,5,39.1,1,2,IoT,29,5,21.1,HIGH
PROJ-2116,80.0,21.1,75.0,88.9,1,0,77.6,41,7,IoT,9,8,78.4,LOW
PROJ-2117,73.6,20.1,71.2,68.4,6,1,61.5,32,6,IoT,19,13,0.0,MEDIUM
PROJ-2118,82.2,8.1,64.9,0.0,8,4,3.3,16,4,Mobile,8,0,17.1,HIGH
PROJ-2119,84.8,16.2,90.3,78.9,4,0,51.2,39,4,Mobile,19,15,46.7,LOW
PROJ-2120,76.4,21.8,83.2,60.9,9,0,77.1,54,4,Research,23,14,73.7,LOW
PROJ-2121,65.5,10.8,40.3,40.9,13,1,64.3,58,3,AI,22,9,31.5,MEDIUM
PROJ-2122,70.0,7.6,37.6,20.0,8,2,24.7,44,2,Research,10,2,31.8,HIGH
PROJ-2123,61.6,15.6,49.5,32.1,19,4,0.0,51,3,Mobile,28,9,34.8,HIGH
PROJ-2124,70.1,19.1,62.8,28.6,5,2,31.3,3,2,AI,7,2,0.0,HIGH
PROJ-2125,77.2,17.8,64.1,20.0,4,2,62.8,42,5,AI,5,1,73.9,MEDIUM
PROJ-2126,88.5,,98.4,45.0,11,0,65.2,77,7,AI,20,9,72.6,LOW
PROJ-2127,68.0,13.1,26.3,16.7,5,1,16.9,49,1,IoT,6,1,20.1,HIGH
PROJ-2128,63.5,12.2,60.8,41.2,10,8,18.0,1,3,Mobile,17,7,33.3,HIGH
PROJ-2129,87.1,33.6,65.8,62.5,3,1,49.1,70,2,AI,8,5,78.0,LOW
PROJ-2130,65.1,10.7,40.8,25.0,6,2,24.4,58,5,Research,8,2,33.5,HIGH
PROJ-2131,78.0,19.3,45.3,33.3,16,1,48.2,22,7,Research,24,8,46.1,MEDIUM
PROJ-2132,57.0,8.3,54.2,32.0,17,4,21.6,1,1,Research,25,8,17.4,HIGH
PROJ-2133,68.3,10.2,39.1,40.0,3,3,31.8,2,6,Mobile,5,2,11.2,HIGH
PROJ-2134,70.4,21.9,70.1,84.6,2,0,94.0,65,7,AI,13,11,52.2,LOW
PROJ-2135,78.2,12.6,46.8,29.4,12,3,31.4,13,5,AI,17,5,26.1,MEDIUM
PROJ-2136,68.0,6.3,79.3,50.0,11,2,19.3,1,1,Research,22,11,39.5,MEDIUM
PROJ-2137,43.3,17.8,31.9,24.1,22,4,40.7,22,7,Mobile,29,7,34.5,HIGH
PROJ-2138,52.4,10.9,31.4,37.0,17,7,36.1,17,3,Mobile,27,10,28.1,HIGH
PROJ-2139,86.3,18.2,77.1,73.3,4,1,65.7,45,6,Mobile,15,11,58.3,LOW
PROJ-2140,76.4,6.4,63.8,40.0,9,1,66.2,52,2,IoT,15,6,5.5,MEDIUM
PROJ-2141,60.4,7.4,43.2,25.0,18,4,22.0,10,7,IoT,24,6,27.8,HIGH
PROJ-2142,64.4,9.3,57.6,25.0,6,1,11.3,10,5,Mobile,8,2,24.8,HIGH
PROJ-2143,70.2,4.3,40.5,43.8,9,3,40.0,19,3,Mobile,16,7,59.4,MEDIUM
PROJ-2144,71.9,,43.1,45.8,13,4,21.0,7,3,AI,24,11,34.0,HIGH
PROJ-2145,64.0,8.5,55.3,16.7,10,1,32.1,1,5,IoT,12,2,19.5,HIGH
PROJ-2146,85.8,20.7,86.4,50.0,11,1,81.3,55,6,IoT,22,11,58.4,LOW
PROJ-2147,83.8,27.7,59.8,40.0,3,1,73.7,67,7,AI,5,2,61.8,LOW
PROJ-2148,79.5,23.3,,63.6,4,0,81.8,54,1,AI,11,7,58.2,LOW
PROJ-2149,57.6,17.1,42.7,53.3,7,3,34.0,17,6,AI,15,8,36.4,HIGH
PROJ-2150,81.3,17.1,70.2,42.9,4,1,89.4,49,5,Research,7,3,45.8,LOW
PROJ-2151,66.7,19.6,41.2,23.5,13,5,32.0,28,5,Mobile,17,4,11.7,HIGH
PROJ-2152,67.5,4.2,73.5,45.0,11,6,78.3,53,7,Research,20,9,50.8,MEDIUM
PROJ-2153,,22.3,78.1,66.7,4,2,,48,2,AI,12,8,,LOW
PROJ-2154,57.6,7.4,47.4,19.2,21,5,37.1,14,7,AI,26,5,17.6,HIGH
PROJ-2155,83.5,19.3,47.4,57.1,6,0,67.4,54,1,Research,14,8,47.5,MEDIUM
PROJ-2156,63.7,13.7,28.7,28.6,5,3,21.3,20,2,Mobile,7,2,28.2,HIGH
PROJ-2157,55.8,3.6,42.7,50.0,5,0,41.4,29,5,Research,10,5,53.5,MEDIUM
PROJ-2158,75.0,28.5,62.1,76.2,5,1,69.1,70,2,Web,21,16,73.5,LOW
PROJ-2159,85.8,26.4,66.1,50.0,7,4,66.9,37,6,Web,14,7,49.5,MEDIUM
PROJ-2160,77.6,18.8,73.3,58.3,10,2,80.4,66,1,IoT,24,14,57.1,LOW
PROJ-2161,,27.4,87.6,60.0,6,0,83.9,47,5,Mobile,15,9,62.3,LOW
PROJ-2162,74.0,7.8,29.8,0.0,6,8,18.9,19,1,Mobile,6,0,30.1,HIGH
PROJ-2163,51.7,4.8,43.2,54.5,5,6,,24,5,Web,11,6,53.9,MEDIUM
PROJ-2164,81.1,,51.5,35.7,9,3,28.4,18,7,IoT,14,5,71.0,MEDIUM
PROJ-2165,75.6,13.4,85.5,72.7,3,0,88.3,72,2,IoT,11,8,73.0,LOW
PROJ-2166,80.4,14.9,22.6,23.5,13,3,0.0,1,6,IoT,17,4,55.2,HIGH
PROJ-2167,54.3,2.1,42.9,34.6,17,3,24.6,1,3,AI,26,9,10.9,HIGH
PROJ-2168,49.4,12.6,47.7,11.8,15,4,38.4,9,1,IoT,17,2,0.0,HIGH
PROJ-2169,49.3,9.3,37.3,50.0,5,9,11.2,19,7,Mobile,10,5,17.5,HIGH
PROJ-2170,80.2,10.1,84.7,81.2,3,1,56.4,34,5,Research,16,13,60.1,MEDIUM
PROJ-2171,68.5,17.6,,8.7,21,7,46.2,35,4,Mobile,23,2,21.4,HIGH
PROJ-2172,67.1,15.8,87.9,57.1,3,1,64.1,34,5,AI,7,4,74.6,MEDIUM
PROJ-2173,84.8,21.4,63.2,62.5,3,1,72.7,36,4,Web,8,5,63.0,LOW
PROJ-2174,50.4,12.5,39.9,26.7,11,3,74.4,30,5,AI,15,4,43.7,MEDIUM
PROJ-2175,76.6,2.7,54.3,21.1,15,2,18.5,28,2,Research,19,4,16.7,HIGH
PROJ-2176,69.3,14.8,51.4,46.2,7,5,69.7,33,3,AI,13,6,61.6,MEDIUM
PROJ-2177,100.0,19.2,72.8,55.0,9,1,81.0,65,1,Research,20,11,85.7,LOW
PROJ-2178,63.8,12.1,77.5,68.0,8,2,45.8,9,5,AI,25,17,38.5,MEDIUM
PROJ-2179,86.4,26.3,76.9,68.8,5,1,43.7,38,3,Mobile,16,11,83.4,LOW
PROJ-2180,100.0,16.6,100.0,69.0,9,1,55.2,56,5,Mobile,29,20,67.3,LOW
PROJ-2181,57.9,16.0,52.4,30.8,9,2,34.1,16,4,Web,13,4,17.1,HIGH
PROJ-2182,100.0,25.7,85.1,78.6,3,3,83.5,8,4,AI,14,11,63.4,LOW
PROJ-2183,74.5,19.6,84.2,79.3,6,1,74.0,40,3,IoT,29,23,74.3,LOW
PROJ-2184,72.7,12.8,78.7,58.3,10,3,44.8,45,7,AI,24,14,22.3,MEDIUM
PROJ-2185,85.9,4.4,88.4,50.0,4,2,57.3,38,4,Research,8,4,71.8,LOW
PROJ-2186,58.7,6.8,41.1,36.4,7,2,40.7,23,6,Web,11,4,22.8,HIGH
PROJ-2187,74.4,6.7,74.2,75.0,2,0,68.4,26,6,Research,8,6,47.7,LOW
PROJ-2188,,27.2,87.1,55.6,4,3,77.2,71,6,Mobile,9,5,83.5,LOW
PROJ-2189,57.6,6.1,35.2,23.1,20,2,48.6,26,2,Web,26,6,26.3,HIGH
PROJ-2190,89.7,31.4,76.5,84.6,2,2,66.6,49,5,Web,13,11,45.6,LOW
PROJ-2191,98.0,11.3,82.0,50.0,4,2,53.4,42,6,Research,8,4,48.8,MEDIUM
PROJ-2192,68.7,14.3,58.3,66.7,2,0,33.7,65,2,Research,6,4,16.4,MEDIUM
PROJ-2193,85.1,25.1,43.5,45.0,11,1,75.8,37,2,Web,20,9,48.8,LOW
PROJ-2194,42.1,3.0,57.6,22.7,17,7,3.7,24,3,IoT,22,5,40.5,HIGH
PROJ-2195,78.7,20.6,34.5,45.0,11,2,53.4,27,3,IoT,20,9,14.3,MEDIUM
PROJ-2196,91.7,,63.4,60.0,8,2,51.3,50,3,Mobile,20,12,45.9,LOW
PROJ-2197,84.0,29.2,74.3,78.6,3,1,97.3,56,3,AI,14,11,41.9,LOW
PROJ-2198,94.2,10.6,51.6,27.8,13,3,58.0,18,7,Research,18,5,60.0,MEDIUM
PROJ-2199,61.8,17.6,59.8,35.3,11,3,62.1,46,3,AI,17,6,48.0,MEDIUM
PROJ-2200,53.1,11.4,46.7,28.6,20,5,52.0,21,6,Web,28,8,72.8,MEDIUM
PROJ-2201,85.9,14.9,88.3,55.6,4,2,69.9,12,2,Web,9,5,37.5,LOW
PROJ-2202,77.3,16.1,51.6,33.3,18,0,70.7,70,1,Research,27,9,69.3,MEDIUM
PROJ-2203,55.1,5.5,69.2,23.5,13,2,51.3,19,1,AI,17,4,21.2,MEDIUM
PROJ-2204,85.7,10.4,88.1,36.4,7,1,88.9,76,3,Research,11,4,,LOW
PROJ-2205,100.0,22.2,100.0,72.7,6,3,57.5,39,4,Web,22,16,71.0,LOW
PROJ-2206,64.8,8.8,46.8,0.0,13,5,,13,4,Research,13,0,7.4,HIGH
PROJ-2207,68.6,30.3,68.9,84.6,4,1,58.1,74,1,Mobile,26,22,95.0,LOW
PROJ-2208,69.5,22.1,64.3,58.6,12,2,56.1,30,5,Research,29,17,39.6,MEDIUM
PROJ-2209,100.0,5.5,63.7,24.0,19,8,31.6,40,5,AI,25,6,33.8,HIGH
PROJ-2210,66.4,5.1,46.3,26.1,17,1,18.4,47,5,AI,23,6,9.0,HIGH
PROJ-2211,92.4,27.3,86.7,76.5,4,2,79.2,27,3,Mobile,17,13,82.3,LOW
PROJ-2212,73.1,,48.7,25.0,15,4,46.6,21,3,IoT,20,5,57.7,MEDIUM
PROJ-2213,81.6,16.7,63.5,50.0,3,2,63.0,62,2,Mobile,6,3,72.8,LOW
PROJ-2214,76.3,6.4,34.8,34.6,17,4,15.8,22,3,Mobile,26,9,28.1,HIGH
PROJ-2215,65.4,24.7,93.3,53.3,7,2,76.8,65,7,IoT,15,8,74.3,LOW
PROJ-2216,57.9,13.6,38.0,34.6,17,4,13.3,32,1,Mobile,26,9,22.2,HIGH
PROJ-2217,67.3,10.6,55.6,42.9,12,2,18.5,34,7,IoT,21,9,31.9,HIGH
PROJ-2218,69.4,1.0,37.2,54.5,5,5,34.1,40,4,AI,11,6,0.0,HIGH
PROJ-2219,58.5,10.2,65.6,47.8,12,2,65.3,66,2,IoT,23,11,27.5,MEDIUM
PROJ-2220,88.5,18.1,75.3,78.6,3,2,55.6,26,3,Mobile,14,11,63.8,LOW
PROJ-2221,82.2,22.1,70.2,35.7,9,1,65.4,48,6,Mobile,14,5,51.9,LOW
PROJ-2222,88.6,3.8,49.9,68.8,5,3,91.1,48,5,IoT,16,11,42.9,MEDIUM
PROJ-2223,66.2,12.3,51.3,20.0,4,3,17.0,15,6,Web,5,1,52.7,HIGH
PROJ-2224,76.9,20.9,77.0,57.1,12,0,83.1,52,2,AI,28,16,86.5,LOW
PROJ-2225,63.9,18.1,51.2,43.8,9,1,58.8,28,2,Mobile,16,7,77.7,MEDIUM
PROJ-2226,67.0,11.9,73.0,50.0,11,2,51.3,65,5,IoT,22,11,78.5,MEDIUM
PROJ-2227,97.0,17.9,63.4,58.8,7,2,57.6,63,4,Research,17,10,66.2,LOW
PROJ-2228,87.1,15.0,57.3,57.9,8,1,89.5,72,7,IoT,19,11,26.6,MEDIUM
PROJ-2229,46.6,12.1,,0.0,5,7,24.0,49,7,Mobile,5,0,28.9,HIGH
PROJ-2230,,11.8,67.5,32.0,17,1,24.3,26,3,AI,25,8,19.5,HIGH
PROJ-2231,,4.0,50.9,60.9,9,1,27.7,76,7,IoT,23,14,35.3,MEDIUM
PROJ-2232,76.7,12.5,89.8,69.2,4,1,100.0,59,1,AI,13,9,65.3,LOW
PROJ-2233,71.8,17.6,46.2,42.9,4,3,75.9,45,7,AI,7,3,49.5,MEDIUM
PROJ-2234,53.7,12.4,51.3,34.5,19,1,83.3,54,6,Web,29,10,70.2,MEDIUM
PROJ-2235,88.3,16.9,70.5,58.6,12,0,76.4,31,4,AI,29,17,70.6,LOW
PROJ-2236,96.4,11.8,100.0,71.4,4,2,81.7,30,2,AI,14,10,77.5,LOW
PROJ-2237,46.0,16.5,41.4,45.0,11,2,54.5,1,1,IoT,20,9,58.7,HIGH
PROJ-2238,84.6,8.8,60.8,40.7,16,1,85.3,69,5,Web,27,11,56.4,LOW
PROJ-2239,82.1,16.6,65.0,61.1,7,1,93.4,20,3,AI,18,11,52.3,LOW
PROJ-2240,48.2,11.5,55.0,0.0,21,3,20.3,34,4,AI,21,0,40.7,HIGH
PROJ-2241,81.1,12.0,52.4,47.8,12,3,61.1,12,5,Web,23,11,31.1,MEDIUM
PROJ-2242,60.3,5.6,62.7,33.3,4,3,19.8,31,4,Web,6,2,26.6,HIGH
PROJ-2243,85.3,15.9,79.2,60.0,4,1,73.2,53,1,Mobile,10,6,56.7,LOW
PROJ-2244,93.7,8.4,47.9,38.5,8,1,74.5,24,6,Mobile,13,5,79.2,MEDIUM
PROJ-2245,80.5,6.4,64.9,8.7,21,3,32.3,38,1,IoT,23,2,40.9,HIGH
PROJ-2246,72.2,22.4,72.8,33.3,10,2,62.2,27,2,Web,15,5,43.7,MEDIUM
PROJ-2247,53.9,15.6,68.4,33.3,4,8,21.7,4,7,Research,6,2,29.3,HIGH
PROJ-2248,45.0,11.4,52.7,47.1,9,2,21.5,15,1,Research,17,8,20.8,HIGH
PROJ-2249,62.4,13.2,62.9,63.0,10,5,34.6,17,4,AI,27,17,53.5,MEDIUM
PROJ-2250,68.4,5.9,82.5,7.1,13,2,31.4,14,3,AI,14,1,34.8,HIGH
PROJ-2251,88.4,19.0,65.9,63.2,7,4,55.9,17,3,Research,19,12,43.2,MEDIUM
PROJ-2252,76.7,6.2,60.9,88.9,2,2,79.2,46,7,Mobile,18,16,59.4,LOW
PROJ-2253,75.6,31.2,77.5,69.6,7,1,55.1,47,5,IoT,23,16,65.1,LOW
PROJ-2254,83.8,13.4,63.5,50.0,4,3,35.1,56,1,AI,8,4,18.0,MEDIUM
PROJ-2255,82.2,25.8,87.0,82.6,4,0,54.6,75,1,Research,23,19,56.8,LOW
PROJ-2256,63.2,17.6,81.5,33.3,12,2,58.2,5,1,AI,18,6,54.2,MEDIUM
PROJ-2257,51.9,10.4,69.0,21.7,18,2,30.7,2,2,AI,23,5,,HIGH
PROJ-2258,71.6,9.3,79.6,100.0,0,0,69.2,55,5,Research,23,23,50.0,LOW
PROJ-2259,68.0,17.3,32.9,10.0,9,1,19.0,19,4,Research,10,1,42.4,HIGH
PROJ-2260,72.8,8.0,70.1,32.1,19,7,50.5,30,4,AI,28,9,26.8,HIGH
PROJ-2261,75.9,17.9,65.5,71.4,8,3,70.6,87,3,Research,28,20,58.2,LOW
PROJ-2262,86.4,28.5,56.4,44.8,16,2,27.6,27,6,Web,29,13,42.0,MEDIUM
PROJ-2263,57.0,10.7,48.7,20.7,23,3,55.7,7,7,AI,29,6,53.9,HIGH
PROJ-2264,100.0,22.9,52.2,45.5,6,4,7.2,1,1,Web,11,5,67.9,MEDIUM
PROJ-2265,57.9,5.5,40.8,50.0,6,3,30.0,44,6,Research,12,6,33.5,HIGH
PROJ-2266,64.5,10.1,68.0,44.8,16,2,20.2,20,6,Research,29,13,34.3,HIGH
PROJ-2267,58.1,4.2,51.2,40.0,6,4,2.6,44,7,IoT,10,4,20.9,HIGH
PROJ-2268,84.8,22.8,71.4,75.0,3,1,80.3,37,5,Mobile,12,9,65.3,LOW
PROJ-2269,61.2,7.7,62.6,21.1,15,4,32.9,3,2,IoT,19,4,18.4,HIGH
PROJ-2270,59.5,7.6,66.0,28.6,15,2,41.7,1,5,Mobile,21,6,77.7,MEDIUM
PROJ-2271,78.4,22.9,64.9,70.8,7,0,95.5,52,6,Research,24,17,68.5,LOW
PROJ-2272,77.3,13.1,82.8,66.7,3,6,47.3,1,2,IoT,9,6,46.4,MEDIUM
PROJ-2273,79.0,14.6,83.8,50.0,10,1,43.3,42,4,AI,20,10,54.8,MEDIUM
PROJ-2274,51.5,5.2,39.4,17.2,24,5,11.6,51,3,AI,29,5,7.0,HIGH
PROJ-2275,76.2,13.1,74.1,66.7,5,2,76.4,76,1,Mobile,15,10,48.7,LOW
PROJ-2276,81.7,35.7,50.7,87.0,3,2,70.6,26,6,AI,23,20,65.3,LOW
PROJ-2277,,10.7,63.0,30.8,9,4,65.7,44,4,Mobile,13,4,42.7,MEDIUM
PROJ-2278,55.6,6.0,45.6,0.0,17,7,14.0,14,3,Mobile,17,0,11.1,HIGH
PROJ-2279,90.3,24.7,82.5,65.4,9,2,91.6,90,5,Web,26,17,77.8,LOW
PROJ-2280,77.1,19.9,68.7,35.3,11,3,13.7,33,2,Mobile,17,6,45.0,MEDIUM
PROJ-2281,81.5,15.7,52.9,86.4,3,2,75.7,69,3,Research,22,19,70.4,LOW
PROJ-2282,49.9,13.9,38.5,29.2,17,2,0.0,9,6,Research,24,7,4.8,HIGH
PROJ-2283,77.8,15.9,94.7,66.7,4,2,40.7,39,3,Research,12,8,,LOW
PROJ-2284,68.2,19.4,84.4,63.2,7,1,71.8,19,1,Web,19,12,92.6,LOW
PROJ-2285,96.1,18.5,54.7,80.0,1,1,55.8,30,6,AI,5,4,85.7,LOW
PROJ-2286,72.5,11.5,79.7,37.0,17,1,22.8,90,6,IoT,27,10,56.6,MEDIUM
PROJ-2287,82.5,18.9,55.8,63.6,8,1,100.0,53,3,Mobile,22,14,78.9,LOW
PROJ-2288,97.3,19.6,58.0,100.0,0,0,92.6,84,1,IoT,26,26,62.3,LOW
PROJ-2289,51.3,1.0,49.7,23.1,20,7,32.2,23,3,Web,26,6,49.5,HIGH
PROJ-2290,91.8,18.4,62.7,60.0,4,6,52.2,9,7,Research,10,6,36.9,MEDIUM
PROJ-2291,93.6,24.8,48.7,88.2,2,0,83.1,25,5,Web,17,15,92.0,LOW
PROJ-2292,76.2,4.5,72.7,60.0,2,3,64.7,6,5,IoT,5,3,50.4,MEDIUM
PROJ-2293,35.5,4.7,37.1,22.2,14,4,24.3,39,6,Mobile,18,4,11.3,HIGH
PROJ-2294,63.6,,40.8,13.3,13,5,16.0,32,1,IoT,15,2,52.2,HIGH
PROJ-2295,89.3,16.3,83.4,65.0,7,1,31.2,40,3,IoT,20,13,71.9,LOW
PROJ-2296,53.4,10.7,70.5,33.3,4,5,12.0,2,5,Web,6,2,28.5,HIGH
PROJ-2297,90.2,19.8,60.8,84.6,4,3,74.5,59,5,Web,26,22,36.5,LOW
PROJ-2298,80.0,12.0,80.1,59.1,9,0,69.3,41,7,AI,22,13,85.9,LOW
PROJ-2299,64.9,20.6,69.2,44.0,14,2,42.1,76,1,AI,25,11,43.8,MEDIUM
PROJ-2300,67.3,16.5,65.7,30.0,7,8,52.0,6,2,Mobile,10,3,33.9,HIGH
PROJ-2301,94.6,12.4,59.7,11.8,15,2,33.9,38,3,Mobile,17,2,37.7,HIGH
PROJ-2302,83.5,11.6,40.9,52.6,9,4,39.7,50,5,Research,19,10,56.0,MEDIUM
PROJ-2303,50.5,6.7,39.1,40.0,3,1,28.9,28,6,Research,5,2,31.4,HIGH
PROJ-2304,67.1,4.8,58.7,0.0,10,4,,1,1,Web,10,0,30.0,HIGH
PROJ-2305,73.8,4.7,29.0,57.1,6,7,46.1,4,5,Mobile,14,8,28.2,HIGH
PROJ-2306,51.5,17.7,39.0,60.0,6,2,38.1,54,5,Web,15,9,48.0,MEDIUM
PROJ-2307,78.6,24.2,77.5,72.4,8,1,66.6,52,4,IoT,29,21,74.5,LOW
PROJ-2308,66.9,8.9,63.7,16.7,5,6,25.8,25,7,Research,6,1,14.2,HIGH
PROJ-2309,82.7,20.3,72.3,51.9,13,0,81.0,44,3,Research,27,14,72.5,LOW
PROJ-2310,76.7,14.3,67.3,0.0,5,4,25.6,43,1,Web,5,0,54.3,HIGH
PROJ-2311,69.6,3.9,50.4,18.2,18,5,27.4,9,6,IoT,22,4,26.5,HIGH
PROJ-2312,85.8,13.1,64.3,56.2,7,3,57.1,20,6,Research,16,9,88.0,MEDIUM
PROJ-2313,79.4,13.6,81.5,60.0,2,1,28.4,48,5,IoT,5,3,55.7,MEDIUM
PROJ-2314,85.2,9.5,50.7,37.0,17,5,34.5,18,3,AI,27,10,7.5,HIGH
PROJ-2315,76.3,10.1,65.8,39.1,14,0,31.9,26,5,Research,23,9,,MEDIUM
PROJ-2316,78.1,11.9,67.0,37.0,17,5,18.7,20,2,AI,27,10,20.6,HIGH
PROJ-2317,60.1,15.8,81.1,40.0,12,0,45.6,41,7,Web,20,8,54.0,MEDIUM
PROJ-2318,71.7,24.7,73.7,94.4,1,0,76.9,33,5,Web,18,17,65.0,LOW
PROJ-2319,87.8,,81.5,64.7,6,0,,78,6,Mobile,17,11,48.9,LOW
PROJ-2320,59.7,14.5,47.7,51.7,14,3,,7,2,AI,29,15,34.8,HIGH
PROJ-2321,58.6,14.6,63.5,33.3,18,1,52.4,37,1,Mobile,27,9,42.9,MEDIUM
PROJ-2322,61.5,21.9,51.3,53.8,12,2,69.8,39,1,IoT,26,14,30.7,MEDIUM
PROJ-2323,68.7,,45.3,50.0,5,3,52.1,21,5,Research,10,5,40.9,MEDIUM
PROJ-2324,80.5,10.7,69.8,53.8,6,4,,18,1,AI,13,7,31.0,MEDIUM
PROJ-2325,81.2,13.8,73.0,42.9,8,0,56.6,61,3,Research,14,6,84.1,LOW
PROJ-2326,76.7,9.0,52.4,25.0,15,4,41.5,36,5,IoT,20,5,34.4,HIGH
PROJ-2327,59.2,11.9,39.5,33.3,14,3,15.1,21,1,Mobile,21,7,19.1,HIGH
PROJ-2328,100.0,24.1,77.8,52.4,10,1,68.6,34,1,Web,21,11,19.6,MEDIUM
PROJ-2329,63.9,8.4,60.9,44.4,5,4,16.8,36,3,Research,9,4,29.6,HIGH
PROJ-2330,80.4,13.3,55.1,42.9,12,4,20.5,6,6,IoT,21,9,47.1,HIGH
PROJ-2331,59.9,3.5,47.4,37.0,17,4,15.9,42,1,AI,27,10,10.0,HIGH
PROJ-2332,62.6,11.0,54.9,4.3,22,6,51.5,42,2,AI,23,1,34.9,HIGH
PROJ-2333,97.5,25.9,92.2,75.0,2,1,,36,7,Research,8,6,62.5,LOW
PROJ-2334,72.8,14.0,74.6,68.0,8,2,71.2,44,5,Web,25,17,61.2,LOW
PROJ-2335,56.9,14.3,51.9,28.6,5,1,67.7,26,1,IoT,7,2,44.9,MEDIUM
PROJ-2336,36.0,5.5,30.1,38.5,16,1,20.6,16,4,Mobile,26,10,35.8,HIGH
PROJ-2337,81.1,18.4,59.6,16.7,5,3,64.5,41,4,AI,6,1,58.5,MEDIUM
PROJ-2338,54.3,6.0,51.0,14.3,12,3,17.6,29,3,Web,14,2,32.8,HIGH
PROJ-2339,71.8,7.1,78.4,53.8,6,1,87.0,36,3,AI,13,7,55.1,LOW
PROJ-2340,47.1,,64.2,36.4,7,3,43.5,19,1,AI,11,4,41.0,HIGH
PROJ-2341,100.0,22.9,54.1,64.0,9,2,64.5,66,2,Research,25,16,,MEDIUM
PROJ-2342,47.4,20.8,45.7,50.0,10,2,67.9,24,7,Web,20,10,45.9,MEDIUM
PROJ-2343,81.5,18.8,78.9,78.6,6,1,63.5,83,3,Mobile,28,22,51.5,LOW
PROJ-2344,62.5,15.1,67.7,31.6,13,0,28.6,10,2,IoT,19,6,75.7,MEDIUM
PROJ-2345,53.0,7.0,35.0,22.2,7,6,19.6,34,1,AI,9,2,6.7,HIGH
PROJ-2346,91.6,21.7,66.6,95.2,1,0,73.1,34,6,Web,21,20,56.0,LOW
PROJ-2347,,12.5,76.8,38.5,8,4,61.0,20,1,Research,13,5,25.6,MEDIUM
PROJ-2348,53.9,1.0,91.7,33.3,8,5,36.3,16,1,Web,12,4,31.4,HIGH
PROJ-2349,80.1,19.2,47.3,25.0,15,4,71.4,2,6,IoT,20,5,30.4,MEDIUM
PROJ-2350,59.0,14.5,38.2,28.6,20,3,25.9,28,1,AI,28,8,44.8,HIGH
PROJ-2351,86.2,20.7,48.4,80.0,3,3,100.0,39,1,Research,15,12,53.4,LOW
PROJ-2352,57.6,16.5,50.1,0.0,9,8,1.2,27,7,Web,9,0,61.0,HIGH
PROJ-2353,72.6,21.1,77.5,80.0,3,1,84.0,48,5,IoT,15,12,62.2,LOW
PROJ-2354,79.5,32.5,89.3,88.9,1,0,58.3,6,1,Web,9,8,82.2,LOW
PROJ-2355,53.6,8.5,65.1,22.2,7,3,32.6,20,5,AI,9,2,30.3,HIGH
PROJ-2356,85.3,18.0,79.2,54.5,10,1,62.8,50,7,Web,22,12,29.8,LOW
PROJ-2357,54.3,9.1,68.5,25.0,18,1,40.2,35,3,Research,24,6,9.0,HIGH
PROJ-2358,40.3,2.5,36.6,21.1,15,4,,1,5,AI,19,4,31.1,HIGH
PROJ-2359,65.8,11.6,,50.0,4,2,50.0,31,3,Mobile,8,4,44.9,MEDIUM
PROJ-2360,50.3,9.0,62.0,36.4,14,2,54.3,42,5,IoT,22,8,81.3,MEDIUM
PROJ-2361,64.6,,62.5,55.6,8,5,67.9,22,7,Research,18,10,54.3,MEDIUM
PROJ-2362,65.9,29.8,75.2,70.0,3,2,57.7,26,1,Mobile,10,7,75.3,LOW
PROJ-2363,92.1,10.4,75.1,52.9,8,2,66.6,27,2,Research,17,9,40.7,LOW
PROJ-2364,61.4,13.2,30.5,33.3,14,5,43.2,25,5,AI,21,7,27.0,HIGH
PROJ-2365,79.5,13.4,46.8,56.5,10,2,56.3,36,7,Research,23,13,,MEDIUM
PROJ-2366,85.3,23.9,51.1,66.7,2,0,94.4,45,5,Research,6,4,63.0,LOW
PROJ-2367,79.0,21.8,62.5,85.2,4,0,78.5,33,1,Research,27,23,65.2,LOW
PROJ-2368,88.4,12.1,63.4,57.1,9,0,83.1,57,1,AI,21,12,92.9,LOW
PROJ-2369,79.0,21.0,75.4,69.2,4,3,49.8,49,6,IoT,13,9,74.7,LOW
PROJ-2370,70.7,23.5,89.8,63.2,7,2,85.3,34,5,IoT,19,12,78.1,LOW
PROJ-2371,85.5,21.8,60.7,90.0,1,1,31.5,42,6,AI,10,9,66.4,LOW
PROJ-2372,98.1,29.4,81.0,57.1,3,2,47.0,56,6,Web,7,4,37.4,LOW
PROJ-2373,70.4,7.4,69.5,66.7,8,4,30.9,48,6,Research,24,16,40.2,HIGH
PROJ-2374,73.8,12.4,67.5,41.2,10,2,69.3,2,5,Mobile,17,7,64.3,MEDIUM
PROJ-2375,68.4,15.0,57.0,53.8,12,4,34.6,28,6,Research,26,14,40.6,MEDIUM
PROJ-2376,64.3,4.3,77.7,27.6,21,7,16.0,39,2,Mobile,29,8,40.2,HIGH
PROJ-2377,91.8,27.9,60.9,66.7,5,2,74.7,30,6,AI,15,10,78.9,LOW
PROJ-2378,70.7,3.2,89.1,57.1,6,4,49.9,61,5,Research,14,8,37.9,MEDIUM
PROJ-2379,58.8,2.0,41.9,33.3,10,2,58.3,68,7,IoT,15,5,31.1,MEDIUM
PROJ-2380,69.2,10.6,46.2,25.0,18,2,29.4,48,1,IoT,24,6,56.6,MEDIUM
PROJ-2381,20.7,9.6,47.0,0.0,10,7,35.4,6,6,AI,10,0,26.8,HIGH
PROJ-2382,97.0,19.6,58.3,60.0,10,1,89.3,26,5,Web,25,15,82.3,LOW
PROJ-2383,62.3,7.9,34.9,59.3,11,3,30.2,30,7,Mobile,27,16,59.0,MEDIUM
PROJ-2384,76.8,14.1,43.0,37.5,15,3,68.8,35,7,Mobile,24,9,36.7,MEDIUM
PROJ-2385,55.2,8.3,48.0,47.1,9,4,62.0,49,6,IoT,17,8,68.3,MEDIUM
PROJ-2386,69.2,30.9,86.3,40.0,3,1,87.7,69,4,Mobile,5,2,61.9,LOW
PROJ-2387,78.5,25.2,60.7,83.3,1,2,74.2,66,7,IoT,6,5,100.0,LOW
PROJ-2388,81.3,22.5,64.0,60.0,2,0,63.5,17,4,Research,5,3,68.6,LOW
PROJ-2389,97.6,7.6,73.2,44.0,14,3,72.1,66,3,Mobile,25,11,50.4,MEDIUM
PROJ-2390,82.8,17.7,53.3,47.6,11,3,45.8,52,4,Research,21,10,68.6,MEDIUM
PROJ-2391,64.2,15.5,38.7,50.0,8,1,27.5,12,6,AI,16,8,63.7,MEDIUM
PROJ-2392,64.8,1.0,59.6,22.7,17,4,21.3,42,6,AI,22,5,31.8,HIGH
PROJ-2393,80.2,,49.2,63.0,10,1,54.1,57,1,Web,27,17,39.0,MEDIUM
PROJ-2394,47.5,10.9,49.6,23.5,13,7,18.5,48,6,Mobile,17,4,27.9,HIGH
PROJ-2395,55.5,15.1,63.2,33.3,18,4,17.3,18,6,AI,27,9,0.0,HIGH
PROJ-2396,44.7,8.5,73.7,20.0,4,3,39.3,27,1,Research,5,1,25.9,HIGH
PROJ-2397,82.6,4.8,65.0,46.7,8,1,98.9,68,6,Web,15,7,56.3,LOW
PROJ-2398,49.1,10.2,50.4,37.0,17,4,31.0,36,6,IoT,27,10,35.4,HIGH
PROJ-2399,75.0,22.4,83.3,50.0,3,6,26.7,67,4,Mobile,6,3,46.9,MEDIUM
PROJ-2400,86.1,17.1,51.8,50.0,12,2,70.1,19,6,Web,24,12,48.8,MEDIUM
PROJ-2401,63.5,9.7,32.3,41.2,10,3,23.1,17,2,AI,17,7,33.2,HIGH
PROJ-2402,92.0,15.6,71.8,80.0,5,1,69.0,74,4,Web,25,20,59.1,LOW
PROJ-2403,61.6,2.9,84.2,40.0,3,2,63.4,28,5,AI,5,2,56.8,MEDIUM
PROJ-2404,69.5,14.0,67.9,93.8,1,4,75.3,56,1,Mobile,16,15,58.0,LOW
PROJ-2405,98.3,19.7,89.2,42.9,4,0,47.3,47,5,Web,7,3,61.9,LOW
PROJ-2406,77.2,3.1,29.6,18.8,13,5,65.8,51,5,Mobile,16,3,13.3,HIGH
PROJ-2407,74.0,5.8,34.5,37.5,5,4,39.5,13,5,AI,8,3,34.6,HIGH
PROJ-2408,86.2,1.0,54.4,64.3,5,2,62.6,1,6,IoT,14,9,44.3,MEDIUM
PROJ-2409,71.4,3.2,67.8,25.0,15,2,53.8,21,6,AI,20,5,57.4,MEDIUM
PROJ-2410,67.4,22.1,71.7,60.9,9,2,79.2,31,6,Mobile,23,14,78.0,LOW
PROJ-2411,67.9,7.4,44.4,34.6,17,5,45.3,12,2,AI,26,9,40.5,HIGH
PROJ-2412,100.0,28.6,,26.7,11,0,35.5,41,6,Research,15,4,35.4,MEDIUM
PROJ-2413,90.1,14.4,49.4,60.0,6,0,47.4,69,4,Mobile,15,9,36.9,LOW
PROJ-2414,89.7,24.7,57.6,66.7,8,4,45.9,38,6,Research,24,16,65.7,MEDIUM
PROJ-2415,82.6,18.8,90.8,70.6,5,1,61.4,42,5,AI,17,12,100.0,LOW
PROJ-2416,69.7,18.0,89.1,57.1,12,0,67.3,38,7,Mobile,28,16,,LOW
PROJ-2417,57.9,6.0,81.8,45.0,11,7,42.1,74,4,Research,20,9,33.9,MEDIUM
PROJ-2418,46.4,5.9,54.9,17.4,19,3,35.7,22,2,IoT,23,4,24.0,HIGH
PROJ-2419,70.5,9.9,51.1,73.3,4,4,40.1,41,1,IoT,15,11,68.0,MEDIUM
PROJ-2420,84.9,20.5,83.5,28.6,5,2,70.1,38,3,Mobile,7,2,30.1,MEDIUM
PROJ-2421,79.7,14.1,,27.3,8,3,52.6,47,1,Web,11,3,36.2,MEDIUM
PROJ-2422,70.5,17.5,50.5,40.9,13,4,48.9,36,4,Mobile,22,9,32.8,MEDIUM
PROJ-2423,61.6,18.6,63.2,26.3,14,2,75.0,20,4,Web,19,5,46.1,MEDIUM
PROJ-2424,82.3,11.0,45.3,27.3,8,5,29.8,41,7,Mobile,11,3,16.8,HIGH
PROJ-2425,55.0,3.0,72.1,35.7,9,4,45.0,15,3,Research,14,5,19.1,HIGH
PROJ-2426,89.0,15.4,69.0,48.1,14,2,43.3,51,2,Research,27,13,49.2,LOW
PROJ-2427,80.7,12.2,49.9,43.8,9,2,71.8,4,3,Research,16,7,27.6,MEDIUM
PROJ-2428,76.9,19.4,73.2,40.0,3,0,40.8,57,2,IoT,5,2,81.2,LOW
PROJ-2429,66.8,8.1,68.8,16.7,5,6,32.9,19,5,AI,6,1,5.6,HIGH
PROJ-2430,,7.0,78.2,25.0,15,1,55.3,20,5,Research,20,5,22.1,MEDIUM
PROJ-2431,56.3,9.6,14.7,16.0,21,2,41.2,13,5,Web,25,4,28.7,HIGH
PROJ-2432,53.2,22.2,57.8,33.3,10,4,29.6,28,6,Web,15,5,32.8,MEDIUM
PROJ-2433,97.3,19.2,74.9,85.7,1,1,94.5,61,3,AI,7,6,69.5,LOW
PROJ-2434,63.3,21.5,77.1,16.7,5,4,80.6,29,7,IoT,6,1,50.2,MEDIUM
PROJ-2435,79.6,18.5,83.9,77.3,5,0,64.1,58,3,Web,22,17,73.4,LOW
PROJ-2436,,9.4,44.2,21.4,22,2,26.4,31,2,Web,28,6,30.2,HIGH
PROJ-2437,97.3,13.3,59.1,40.0,6,7,69.0,20,2,IoT,10,4,36.5,MEDIUM
PROJ-2438,79.7,8.5,47.7,60.0,6,3,43.2,5,5,Web,15,9,18.0,MEDIUM
PROJ-2439,84.6,19.1,78.6,57.1,6,0,76.7,76,1,IoT,14,8,55.1,LOW
PROJ-2440,82.7,24.4,80.1,84.0,4,0,46.4,20,1,Research,25,21,65.1,LOW
PROJ-2441,59.2,8.2,68.5,35.7,9,4,31.4,23,1,Mobile,14,5,36.0,MEDIUM
PROJ-2442,78.5,20.5,71.7,57.1,3,0,64.3,83,4,AI,7,4,94.5,LOW
PROJ-2443,63.6,6.6,53.6,62.5,6,0,45.8,64,7,Research,16,10,17.2,MEDIUM
PROJ-2444,79.0,22.1,44.6,38.5,16,1,57.6,18,4,Mobile,26,10,32.2,MEDIUM
PROJ-2445,47.3,7.5,25.4,20.0,4,5,25.6,27,2,Research,5,1,22.1,HIGH
PROJ-2446,50.0,1.9,39.6,0.0,5,4,22.6,26,4,IoT,5,0,37.8,HIGH
PROJ-2447,56.8,21.9,63.3,50.0,6,3,47.0,1,6,IoT,12,6,52.0,MEDIUM
PROJ-2448,100.0,13.3,69.6,63.0,10,0,59.8,43,5,Research,27,17,72.5,LOW
PROJ-2449,93.6,22.7,80.0,75.9,7,0,87.4,58,1,Research,29,22,72.7,LOW
PROJ-2450,85.3,15.5,83.0,50.0,4,1,58.7,52,1,AI,8,4,51.4,LOW
PROJ-2451,85.1,19.5,,50.0,6,0,84.5,57,6,AI,12,6,69.4,LOW
PROJ-2452,49.7,8.0,57.8,33.3,12,2,58.0,13,1,Web,18,6,59.8,MEDIUM
PROJ-2453,97.9,16.2,77.1,71.4,2,1,62.5,70,5,Research,7,5,,LOW
PROJ-2454,75.0,23.0,74.9,85.7,4,1,83.0,44,2,IoT,28,24,,LOW
PROJ-2455,91.5,23.8,72.9,73.3,4,1,53.6,89,2,Research,15,11,87.4,LOW
PROJ-2456,67.8,19.1,67.9,16.7,5,1,44.4,57,7,AI,6,1,62.3,MEDIUM
PROJ-2457,77.6,21.4,87.4,66.7,7,1,66.2,62,5,Mobile,21,14,85.9,LOW
PROJ-2458,100.0,35.9,80.1,75.9,7,3,57.5,65,2,Mobile,29,22,71.4,LOW
PROJ-2459,80.0,21.5,62.4,20.0,16,1,47.0,38,6,Research,20,4,22.0,MEDIUM
PROJ-2460,72.2,,71.2,84.0,4,0,81.7,57,4,Mobile,25,21,,LOW
PROJ-2461,46.5,5.1,50.5,35.7,9,3,3.5,10,1,Mobile,14,5,28.5,HIGH
PROJ-2462,60.0,15.7,70.1,58.3,5,7,75.5,2,4,Mobile,12,7,58.7,MEDIUM
PROJ-2463,60.7,8.9,36.5,0.0,6,3,58.0,39,3,Research,6,0,23.2,HIGH
PROJ-2464,56.7,6.2,47.0,66.7,4,0,34.3,35,1,Web,12,8,45.2,MEDIUM
PROJ-2465,81.7,10.9,63.6,76.9,3,1,49.7,39,6,IoT,13,10,93.7,LOW
PROJ-2466,90.5,8.6,54.1,18.2,9,2,38.1,56,7,Research,11,2,60.8,HIGH
PROJ-2467,85.1,9.2,86.4,44.0,14,3,61.2,39,6,Mobile,25,11,35.0,MEDIUM
PROJ-2468,55.9,10.0,41.4,42.1,11,0,46.1,29,7,Web,19,8,43.2,HIGH
PROJ-2469,78.1,11.0,62.6,58.8,7,2,67.7,46,7,Mobile,17,10,50.5,MEDIUM
PROJ-2470,59.7,13.0,44.7,11.1,24,2,,1,3,Mobile,27,3,69.7,MEDIUM
PROJ-2471,70.0,12.9,71.4,37.5,5,3,25.5,17,5,Mobile,8,3,,HIGH
PROJ-2472,88.2,24.2,70.9,52.4,10,3,51.5,14,3,Research,21,11,69.7,LOW
PROJ-2473,47.4,7.9,55.0,22.2,7,2,19.2,20,5,Research,9,2,26.1,HIGH
PROJ-2474,69.8,8.0,27.7,27.6,21,3,29.5,28,3,Mobile,29,8,19.8,HIGH
PROJ-2475,,10.9,37.7,46.2,7,5,33.5,10,5,Research,13,6,29.2,HIGH
PROJ-2476,,14.2,53.6,48.3,15,4,,39,4,AI,29,14,37.2,MEDIUM
PROJ-2477,74.6,10.5,29.0,0.0,22,7,28.5,12,5,Mobile,22,0,57.7,HIGH
PROJ-2478,89.1,15.4,72.3,50.0,3,1,69.6,38,5,AI,6,3,43.3,LOW
PROJ-2479,78.0,14.7,77.4,37.5,5,4,46.8,2,4,Mobile,8,3,53.0,MEDIUM
PROJ-2480,66.4,9.2,,18.8,13,4,52.3,13,4,Mobile,16,3,23.0,HIGH
PROJ-2481,78.1,12.9,65.6,38.5,8,4,8.2,27,6,IoT,13,5,23.6,HIGH
PROJ-2482,54.4,,58.9,40.0,3,4,42.8,16,4,IoT,5,2,46.4,MEDIUM
PROJ-2483,86.0,18.0,46.9,33.3,14,4,31.3,10,5,Mobile,21,7,14.4,HIGH
PROJ-2484,45.7,17.2,73.6,36.4,14,1,,68,1,Web,22,8,45.9,MEDIUM
PROJ-2485,71.2,18.4,73.1,100.0,0,1,58.0,53,6,Web,8,8,39.6,LOW
PROJ-2486,84.8,25.2,76.0,42.9,12,0,79.8,68,4,IoT,21,9,64.5,LOW
PROJ-2487,66.1,13.4,88.6,38.9,11,2,57.1,61,3,Research,18,7,1.6,MEDIUM
PROJ-2488,78.2,26.1,60.3,36.4,7,1,34.3,9,2,Mobile,11,4,34.4,MEDIUM
PROJ-2489,88.4,9.3,75.7,42.9,16,2,44.8,46,3,AI,28,12,74.3,MEDIUM
PROJ-2490,85.8,32.0,64.8,60.0,2,1,31.9,24,3,Research,5,3,73.8,LOW
PROJ-2491,87.4,16.1,77.7,60.0,2,1,59.8,77,6,Mobile,5,3,44.7,LOW
PROJ-2492,75.4,24.5,70.8,52.9,8,0,87.1,73,3,Web,17,9,61.8,LOW
PROJ-2493,74.8,12.1,55.5,20.0,4,3,69.7,15,3,IoT,5,1,25.5,MEDIUM
PROJ-2494,59.9,6.1,28.9,29.6,19,3,37.8,15,5,Mobile,27,8,5.2,HIGH
PROJ-2495,79.5,7.1,60.0,33.3,4,2,47.9,31,3,Mobile,6,2,32.6,MEDIUM
PROJ-2496,76.8,9.2,68.3,38.9,11,1,65.9,32,7,IoT,18,7,24.3,MEDIUM
PROJ-2497,77.9,4.6,40.4,42.9,4,3,54.7,14,5,Mobile,7,3,27.4,HIGH
PROJ-2498,75.8,7.8,46.6,3.7,26,3,4.1,5,7,Web,27,1,26.8,HIGH
PROJ-2499,62.8,4.1,36.5,38.5,16,5,22.9,30,7,Mobile,26,10,14.3,HIGH
PROJ-2500,61.2,14.8,80.8,30.8,9,1,32.6,10,3,AI,13,4,57.6,MEDIUM
PROJ-2501,80.1,12.9,90.9,75.0,4,1,70.5,45,4,Mobile,16,12,86.2,LOW
PROJ-2502,77.6,16.1,,76.9,6,1,66.1,62,3,Mobile,26,20,31.8,MEDIUM
PROJ-2503,93.3,23.7,77.2,50.0,3,2,75.8,51,5,Web,6,3,55.1,LOW
PROJ-2504,59.7,16.3,49.8,38.5,8,1,36.8,7,7,AI,13,5,55.1,HIGH
PROJ-2505,76.8,15.4,64.4,69.0,9,1,50.1,37,2,IoT,29,20,78.0,MEDIUM
PROJ-2506,74.3,25.6,68.4,57.1,6,0,86.4,1,2,Research,14,8,64.1,LOW
PROJ-2507,79.1,4.9,74.5,71.4,2,4,40.8,13,6,IoT,7,5,38.4,HIGH
PROJ-2508,93.4,18.7,90.4,75.0,2,2,56.2,40,7,Mobile,8,6,64.2,LOW
PROJ-2509,,8.2,54.9,52.0,12,1,64.2,39,3,Web,25,13,83.2,MEDIUM
PROJ-2510,100.0,13.8,56.4,44.4,15,0,14.8,40,6,Mobile,27,12,24.8,MEDIUM
PROJ-2511,64.0,19.0,92.1,15.4,11,3,48.7,51,4,IoT,13,2,49.3,MEDIUM
PROJ-2512,89.1,7.9,32.3,16.7,5,4,39.3,12,1,Web,6,1,15.8,HIGH
PROJ-2513,81.2,13.9,72.1,78.9,4,1,54.2,71,1,Mobile,19,15,49.5,LOW
PROJ-2514,47.9,20.4,66.0,50.0,6,1,50.1,1,1,AI,12,6,50.3,MEDIUM
PROJ-2515,84.0,23.6,78.3,50.0,4,1,79.1,63,2,IoT,8,4,74.4,LOW
PROJ-2516,72.2,10.6,68.8,26.3,14,3,32.8,53,4,Mobile,19,5,31.9,MEDIUM
PROJ-2517,47.8,6.8,50.8,50.0,13,6,30.4,26,5,Web,26,13,15.1,HIGH
PROJ-2518,73.3,13.5,74.3,58.3,5,2,49.5,36,4,Research,12,7,50.9,MEDIUM
PROJ-2519,75.3,15.8,58.7,13.0,20,8,47.6,1,5,Web,23,3,6.1,HIGH
PROJ-2520,77.4,18.1,67.2,39.1,14,5,53.2,33,6,AI,23,9,52.2,MEDIUM
PROJ-2521,74.2,7.8,61.6,37.5,10,3,75.4,39,3,IoT,16,6,68.6,MEDIUM
PROJ-2522,83.7,14.3,50.5,16.7,15,5,28.0,47,2,AI,18,3,34.6,HIGH
PROJ-2523,61.3,11.5,61.0,31.8,15,8,51.2,46,5,Mobile,22,7,14.3,HIGH
PROJ-2524,84.7,21.0,51.3,62.5,3,3,54.9,34,6,Mobile,8,5,30.3,MEDIUM
PROJ-2525,50.7,6.2,32.7,21.4,11,4,35.0,9,7,Web,14,3,59.2,HIGH
PROJ-2526,66.8,7.5,62.1,50.0,6,3,62.1,56,5,Web,12,6,33.1,MEDIUM
PROJ-2527,71.1,5.5,17.2,45.8,13,1,6.0,19,1,Research,24,11,49.9,HIGH
PROJ-2528,88.3,15.3,69.2,54.2,11,0,,47,1,Research,24,13,57.6,LOW
PROJ-2529,74.1,,62.6,63.2,7,3,42.5,33,3,AI,19,12,77.0,LOW
PROJ-2530,55.3,1.7,52.1,61.5,5,5,19.7,21,7,Mobile,13,8,44.0,HIGH
PROJ-2531,78.1,20.7,60.7,20.0,4,5,36.1,21,5,AI,5,1,3.3,HIGH
PROJ-2532,75.6,22.3,,100.0,0,0,68.6,74,3,Mobile,15,15,68.4,LOW
PROJ-2533,74.0,25.3,66.8,85.7,3,6,62.2,34,3,AI,21,18,53.3,LOW
PROJ-2534,68.2,8.3,59.8,60.0,4,3,,35,6,AI,10,6,46.4,MEDIUM
PROJ-2535,82.7,16.6,,75.9,7,3,76.5,13,2,Mobile,29,22,65.2,LOW
PROJ-2536,98.2,9.9,77.4,64.3,5,2,72.8,78,6,AI,14,9,63.9,LOW
PROJ-2537,78.0,16.5,75.2,61.1,7,1,98.0,36,1,Web,18,11,68.4,LOW
PROJ-2538,66.0,8.9,72.9,50.0,3,3,81.4,69,2,Research,6,3,68.0,MEDIUM
PROJ-2539,84.2,,67.4,73.3,4,1,69.9,9,6,IoT,15,11,70.1,LOW
PROJ-2540,48.9,11.5,31.4,43.5,13,2,37.0,15,6,AI,23,10,32.3,HIGH
PROJ-2541,62.6,8.8,65.2,52.0,12,5,31.8,26,6,IoT,25,13,27.3,HIGH
PROJ-2542,78.3,13.9,41.5,35.7,9,2,58.4,34,6,Web,14,5,51.8,HIGH
PROJ-2543,80.6,23.8,51.4,63.6,4,1,55.5,17,5,Mobile,11,7,78.1,LOW
PROJ-2544,69.0,10.8,43.9,42.9,4,2,43.9,55,5,Web,7,3,69.0,MEDIUM
PROJ-2545,91.2,18.1,93.4,81.8,2,1,100.0,56,3,Web,11,9,91.8,LOW
PROJ-2546,83.7,34.6,75.3,63.6,4,0,49.5,15,3,Research,11,7,62.6,LOW
PROJ-2547,65.3,30.1,48.2,44.4,15,1,50.0,49,5,IoT,27,12,73.7,LOW
PROJ-2548,76.9,8.7,63.6,25.0,15,6,49.5,50,4,Web,20,5,33.7,MEDIUM
PROJ-2549,61.9,13.9,61.6,25.0,12,6,50.0,3,4,Web,16,4,,HIGH
PROJ-2550,74.2,14.7,73.4,12.5,14,5,50.3,9,3,AI,16,2,8.4,HIGH
PROJ-2551,62.2,11.8,43.0,38.5,8,4,12.2,18,5,Mobile,13,5,39.9,HIGH
PROJ-2552,66.7,9.1,59.3,73.1,7,2,44.6,36,3,Web,26,19,46.8,MEDIUM
PROJ-2553,76.3,23.2,87.4,78.9,4,1,87.1,59,7,Research,19,15,46.5,LOW
PROJ-2554,82.9,17.4,88.8,66.7,5,1,,63,5,Research,15,10,61.7,LOW
PROJ-2555,84.7,25.7,62.6,42.1,11,3,43.2,38,7,IoT,19,8,39.1,MEDIUM
PROJ-2556,61.1,11.5,58.4,28.6,5,3,20.9,3,3,IoT,7,2,7.2,HIGH
PROJ-2557,75.2,15.2,40.9,23.1,10,6,18.3,6,4,Web,13,3,15.0,HIGH
PROJ-2558,51.7,2.7,25.3,20.7,23,6,25.1,9,6,Mobile,29,6,45.1,HIGH
PROJ-2559,87.6,7.0,61.2,7.1,13,7,39.0,10,2,Web,14,1,28.5,HIGH
PROJ-2560,63.9,14.3,76.2,60.7,11,1,38.7,1,5,IoT,28,17,47.8,MEDIUM
PROJ-2561,,11.0,79.4,65.5,10,1,61.0,57,1,AI,29,19,55.1,MEDIUM
PROJ-2562,66.5,16.6,56.9,13.0,20,5,33.0,1,4,Web,23,3,31.8,HIGH
PROJ-2563,69.0,,58.6,20.0,4,6,35.5,18,1,Research,5,1,0.0,HIGH
PROJ-2564,77.7,3.4,49.3,44.4,5,12,2.8,28,1,Mobile,9,4,37.2,HIGH
PROJ-2565,67.7,5.5,66.9,60.0,2,3,74.7,46,1,AI,5,3,38.3,MEDIUM
PROJ-2566,88.5,20.1,67.0,62.5,9,2,84.9,58,5,Research,24,15,,LOW
PROJ-2567,68.8,23.7,78.1,52.9,8,4,87.0,64,4,AI,17,9,93.1,LOW
PROJ-2568,60.4,21.1,69.4,30.0,14,6,29.2,30,2,Web,20,6,20.2,HIGH
PROJ-2569,38.8,7.8,19.9,20.8,19,2,30.5,10,3,Web,24,5,48.9,HIGH
PROJ-2570,80.4,9.2,69.0,92.3,1,2,52.5,59,2,Web,13,12,87.0,LOW
PROJ-2571,43.0,16.7,49.6,25.0,12,2,5.1,13,5,Mobile,16,4,9.1,HIGH
PROJ-2572,58.4,16.3,,40.0,3,4,43.2,20,5,AI,5,2,34.9,HIGH
PROJ-2573,85.0,14.8,70.3,66.7,5,2,50.9,42,5,IoT,15,10,41.4,MEDIUM
PROJ-2574,88.7,21.9,73.3,81.2,3,1,53.5,74,7,Web,16,13,60.8,LOW
PROJ-2575,66.2,17.7,97.6,33.3,14,5,30.2,47,6,IoT,21,7,27.3,MEDIUM
PROJ-2576,89.8,15.1,72.2,35.0,13,3,,41,4,Web,20,7,38.9,MEDIUM
PROJ-2577,,7.7,57.8,72.7,3,4,59.3,33,3,Research,11,8,47.7,MEDIUM
PROJ-2578,42.8,10.3,75.1,15.4,22,1,30.6,11,1,IoT,26,4,49.5,HIGH
PROJ-2579,78.3,18.7,75.8,66.7,2,0,,90,4,Mobile,6,4,67.1,LOW
PROJ-2580,66.3,13.5,,22.2,14,4,39.3,19,4,IoT,18,4,22.3,HIGH
PROJ-2581,74.0,20.4,46.7,42.9,8,4,66.6,69,4,AI,14,6,51.2,MEDIUM
PROJ-2582,46.0,10.5,,45.0,11,3,36.9,31,7,AI,20,9,46.6,HIGH
PROJ-2583,51.6,9.6,,7.1,26,5,38.2,9,7,IoT,28,2,10.8,HIGH
PROJ-2584,75.4,1.0,49.2,19.2,21,1,34.8,20,5,IoT,26,5,49.7,HIGH
PROJ-2585,76.7,20.4,42.4,34.5,19,2,41.1,37,1,Research,29,10,61.3,MEDIUM
PROJ-2586,95.1,17.1,59.6,45.5,6,4,65.0,12,6,Mobile,11,5,53.8,MEDIUM
PROJ-2587,82.4,16.3,46.4,38.5,8,1,40.5,24,5,AI,13,5,36.3,MEDIUM
PROJ-2588,75.0,16.7,91.2,77.8,4,0,80.7,53,1,AI,18,14,65.5,LOW
PROJ-2589,73.9,17.0,62.1,16.7,20,1,48.1,29,1,Research,24,4,47.0,MEDIUM
PROJ-2590,73.9,11.5,32.5,31.2,11,3,34.0,29,5,Research,16,5,34.3,HIGH
PROJ-2591,71.6,22.6,91.7,55.6,4,1,66.2,38,2,IoT,9,5,74.8,LOW
PROJ-2592,80.9,,70.5,56.2,7,1,55.2,15,4,IoT,16,9,67.6,LOW
PROJ-2593,66.9,5.6,48.3,9.1,20,6,39.3,37,2,IoT,22,2,8.4,HIGH
PROJ-2594,,4.5,50.7,28.6,10,4,25.6,24,7,Research,14,4,40.1,HIGH
PROJ-2595,81.2,18.2,78.8,64.3,10,0,75.3,29,5,AI,28,18,51.4,LOW
PROJ-2596,68.2,8.1,38.5,33.3,6,3,48.6,14,1,Research,9,3,45.5,HIGH
PROJ-2597,61.9,4.8,49.5,3.6,27,2,59.6,33,6,IoT,28,1,52.2,HIGH
PROJ-2598,50.3,12.9,51.8,54.5,5,1,78.5,36,5,Web,11,6,3.7,MEDIUM
PROJ-2599,81.4,15.8,58.5,33.3,10,1,52.7,20,6,Mobile,15,5,64.7,MEDIUM
PROJ-2600,51.7,15.3,38.2,38.5,16,4,22.7,23,5,AI,26,10,22.3,HIGH
PROJ-2601,100.0,19.0,82.3,59.3,11,1,35.7,16,7,AI,27,16,55.2,MEDIUM
PROJ-2602,89.1,20.2,54.6,62.5,3,6,63.2,46,4,Research,8,5,58.1,MEDIUM
PROJ-2603,85.7,8.7,69.9,23.1,10,0,92.2,49,2,AI,13,3,86.1,LOW
PROJ-2604,76.7,15.8,48.9,89.5,2,3,59.9,38,7,Web,19,17,59.3,LOW
PROJ-2605,57.6,1.0,47.2,13.6,19,7,31.6,55,7,IoT,22,3,21.3,HIGH
PROJ-2606,69.2,28.3,94.7,87.0,3,0,65.1,24,6,Research,23,20,55.2,LOW
PROJ-2607,71.9,21.1,73.9,35.0,13,3,26.7,24,5,AI,20,7,,MEDIUM
PROJ-2608,67.0,8.2,54.5,28.6,20,1,44.6,40,4,AI,28,8,17.1,MEDIUM
PROJ-2609,54.6,13.0,72.3,17.6,14,5,42.5,55,4,AI,17,3,35.9,MEDIUM
PROJ-2610,55.9,15.2,64.3,13.0,20,2,40.9,17,3,Research,23,3,0.0,HIGH
PROJ-2611,75.0,17.5,70.9,61.5,10,2,70.8,10,3,Research,26,16,76.0,LOW
PROJ-2612,73.7,20.0,66.2,92.9,1,1,71.8,49,5,Research,14,13,62.0,LOW
PROJ-2613,59.1,14.8,34.2,66.7,5,5,23.6,45,6,Mobile,15,10,25.2,MEDIUM
PROJ-2614,79.4,8.8,54.4,34.6,17,5,64.2,17,4,Research,26,9,40.9,MEDIUM
PROJ-2615,79.8,15.2,65.3,45.5,12,6,58.4,55,6,AI,22,10,64.8,MEDIUM
PROJ-2616,94.3,8.9,80.2,82.6,4,2,71.3,7,2,Research,23,19,58.4,LOW
PROJ-2617,60.8,10.9,57.5,31.8,15,3,14.9,12,1,Research,22,7,34.8,HIGH
PROJ-2618,81.0,2.1,,38.5,16,3,31.8,65,1,Mobile,26,10,45.9,MEDIUM
PROJ-2619,73.9,17.0,,45.0,11,1,52.9,15,7,AI,20,9,27.5,MEDIUM
PROJ-2620,74.1,5.6,50.6,35.7,9,3,46.2,14,6,Web,14,5,4.3,HIGH
PROJ-2621,75.0,10.8,77.0,45.5,6,1,38.5,26,5,Research,11,5,42.4,MEDIUM
PROJ-2622,99.7,20.2,72.0,93.3,1,1,92.2,37,6,IoT,15,14,84.4,LOW
PROJ-2623,65.3,6.5,14.3,67.9,9,4,21.7,37,5,Research,28,19,14.1,HIGH
PROJ-2624,85.6,11.1,22.2,25.0,21,6,29.4,2,5,IoT,28,7,25.9,HIGH
PROJ-2625,99.6,24.7,78.2,80.0,1,0,98.3,55,2,Mobile,5,4,78.9,LOW
PROJ-2626,68.0,16.1,94.5,54.5,5,3,68.1,45,7,Research,11,6,74.5,LOW
PROJ-2627,75.2,11.3,88.1,42.9,8,7,13.3,26,4,Mobile,14,6,24.7,HIGH
PROJ-2628,85.7,17.7,55.7,27.3,8,7,69.3,38,2,Web,11,3,46.8,MEDIUM
PROJ-2629,92.7,14.9,53.4,85.2,4,1,87.5,23,1,Research,27,23,71.0,LOW
PROJ-2630,89.2,26.4,66.5,70.0,3,0,83.1,43,4,Research,10,7,58.1,LOW
PROJ-2631,100.0,8.2,54.7,57.1,3,0,68.6,64,4,Mobile,7,4,96.9,LOW
PROJ-2632,67.8,20.7,61.0,38.5,16,1,41.3,29,1,Research,26,10,61.9,MEDIUM
PROJ-2633,81.6,28.1,58.5,55.6,8,1,64.0,50,3,AI,18,10,84.3,LOW
PROJ-2634,100.0,23.0,94.5,79.2,5,2,50.9,41,3,Research,24,19,77.8,LOW
PROJ-2635,76.7,2.8,75.5,0.0,6,1,69.6,64,6,AI,6,0,35.4,MEDIUM
PROJ-2636,49.4,12.8,42.4,31.8,15,12,23.1,16,7,Mobile,22,7,42.6,HIGH
PROJ-2637,94.4,24.9,62.8,64.3,5,1,87.3,63,3,Web,14,9,60.7,LOW
PROJ-2638,65.3,5.8,81.9,57.1,12,2,51.6,25,5,Mobile,28,16,63.5,MEDIUM
PROJ-2639,77.1,19.7,88.9,76.9,3,0,31.4,45,4,AI,13,10,50.2,LOW
PROJ-2640,72.9,4.2,78.4,0.0,18,4,37.8,8,5,Web,18,0,18.5,HIGH
PROJ-2641,65.3,,68.3,34.5,19,1,66.8,29,5,AI,29,10,49.1,MEDIUM
PROJ-2642,87.4,18.3,72.2,55.6,8,2,90.0,59,6,AI,18,10,70.1,LOW
PROJ-2643,64.6,16.8,70.0,44.4,5,2,79.5,38,1,Mobile,9,4,54.4,MEDIUM
PROJ-2644,71.4,12.2,57.6,25.0,21,5,2.6,48,7,AI,28,7,16.1,HIGH
PROJ-2645,82.4,19.6,63.5,37.5,15,1,58.8,22,2,IoT,24,9,28.3,MEDIUM
PROJ-2646,72.3,18.0,67.0,61.5,10,1,61.8,33,4,Research,26,16,80.2,LOW
PROJ-2647,80.9,17.7,58.3,100.0,0,1,93.0,64,5,IoT,9,9,77.4,LOW
PROJ-2648,63.9,8.5,55.3,46.2,7,3,36.6,16,5,AI,13,6,16.1,HIGH
PROJ-2649,90.5,22.9,87.6,76.9,6,1,54.3,53,5,AI,26,20,68.4,LOW
PROJ-2650,,4.4,63.6,28.6,15,3,37.2,30,4,Mobile,21,6,51.4,MEDIUM
PROJ-2651,55.8,10.2,65.3,25.0,9,5,22.8,16,7,Research,12,3,41.1,HIGH
PROJ-2652,86.4,26.2,70.4,78.6,3,2,76.0,27,2,Mobile,14,11,56.0,LOW
PROJ-2653,60.4,12.1,65.5,55.2,13,4,38.4,31,5,Research,29,16,41.2,MEDIUM
PROJ-2654,98.7,22.5,84.2,83.3,1,1,84.5,52,6,Mobile,6,5,54.3,LOW
PROJ-2655,70.4,16.7,82.8,45.0,11,1,39.6,33,2,AI,20,9,56.4,MEDIUM
PROJ-2656,81.4,18.2,50.5,21.7,18,4,63.3,1,5,Web,23,5,60.2,MEDIUM
PROJ-2657,78.7,16.3,69.8,61.5,5,2,62.0,47,6,AI,13,8,71.7,MEDIUM
PROJ-2658,54.3,,52.0,18.2,9,3,36.1,5,6,Web,11,2,23.6,HIGH
PROJ-2659,78.8,4.6,40.8,20.0,8,3,43.3,8,3,Mobile,10,2,38.5,HIGH
PROJ-2660,87.7,12.4,100.0,51.7,14,6,37.5,52,1,Web,29,15,56.1,MEDIUM
PROJ-2661,,3.0,82.2,25.0,12,6,38.7,18,2,Web,16,4,36.9,HIGH
PROJ-2662,50.9,4.6,,14.3,18,1,56.4,19,2,Web,21,3,58.9,HIGH
PROJ-2663,64.5,17.3,73.3,55.2,13,3,67.8,1,2,Research,29,16,22.0,MEDIUM
PROJ-2664,76.2,,90.6,82.6,4,0,74.0,88,2,Mobile,23,19,49.2,LOW
PROJ-2665,57.0,15.3,48.1,61.1,7,3,43.0,32,1,Web,18,11,47.8,MEDIUM
PROJ-2666,,4.2,58.6,58.3,5,4,6.3,35,2,Web,12,7,34.5,HIGH
PROJ-2667,70.2,7.5,35.6,20.0,16,2,24.3,30,4,Web,20,4,45.2,HIGH
PROJ-2668,86.9,22.6,56.5,52.6,9,0,75.4,64,4,AI,19,10,65.9,LOW
PROJ-2669,87.3,31.9,67.8,76.9,3,0,89.0,36,2,Mobile,13,10,72.0,LOW
PROJ-2670,91.7,20.7,72.4,72.7,3,1,73.2,20,6,IoT,11,8,78.8,LOW
PROJ-2671,65.7,12.9,56.0,64.3,5,5,37.6,43,5,Web,14,9,0.6,HIGH
PROJ-2672,50.1,8.6,78.3,28.6,5,3,57.4,31,2,Mobile,7,2,36.3,MEDIUM
PROJ-2673,84.1,10.9,81.9,0.0,5,3,32.4,39,4,AI,5,0,59.9,MEDIUM
PROJ-2674,70.4,13.6,50.2,22.2,14,3,65.5,27,7,Web,18,4,,HIGH
PROJ-2675,71.8,10.4,64.4,43.8,9,2,48.9,83,7,IoT,16,7,69.3,MEDIUM
PROJ-2676,59.7,15.0,78.9,22.2,7,2,41.0,51,3,IoT,9,2,34.7,MEDIUM
PROJ-2677,94.2,18.3,75.5,69.2,4,0,80.6,61,5,Research,13,9,53.6,LOW
PROJ-2678,96.8,,80.8,91.7,1,0,96.9,77,2,Mobile,12,11,71.1,LOW
PROJ-2679,63.4,14.3,44.3,16.7,20,1,24.3,36,5,Research,24,4,29.6,MEDIUM
PROJ-2680,81.3,9.1,71.2,38.5,8,0,52.6,28,6,IoT,13,5,59.2,MEDIUM
PROJ-2681,54.7,4.3,57.4,36.4,14,4,34.2,43,5,IoT,22,8,37.3,HIGH
PROJ-2682,83.9,22.8,79.4,60.0,4,2,67.3,34,5,Web,10,6,81.2,LOW
PROJ-2683,83.4,18.7,66.3,66.7,2,3,39.8,62,4,IoT,6,4,39.6,MEDIUM
PROJ-2684,60.6,13.9,56.0,22.7,17,2,2.8,41,2,AI,22,5,31.0,HIGH
PROJ-2685,86.5,18.4,64.5,65.5,10,1,88.6,1,6,Mobile,29,19,66.6,LOW
PROJ-2686,72.0,6.3,67.2,73.9,6,3,70.1,17,6,Research,23,17,44.4,MEDIUM
PROJ-2687,52.3,14.9,58.4,0.0,9,4,73.8,2,7,Research,9,0,25.8,HIGH
PROJ-2688,73.8,9.5,89.3,100.0,0,2,53.4,16,3,Mobile,26,26,43.0,LOW
PROJ-2689,63.5,9.6,57.6,40.0,3,3,27.6,25,7,Mobile,5,2,0.0,HIGH
PROJ-2690,65.5,12.0,53.5,27.8,13,5,52.5,34,2,AI,18,5,14.6,HIGH
PROJ-2691,72.2,16.4,29.9,25.0,12,2,36.0,1,4,IoT,16,4,18.4,HIGH
PROJ-2692,51.2,13.3,64.8,8.3,11,2,25.5,1,1,AI,12,1,,HIGH
PROJ-2693,77.5,10.9,74.7,50.0,14,4,,61,1,Mobile,28,14,35.7,MEDIUM
PROJ-2694,52.8,1.3,53.2,28.6,10,1,58.6,21,7,Web,14,4,19.7,HIGH
PROJ-2695,52.6,3.0,52.6,23.1,20,6,36.8,8,7,AI,26,6,31.6,HIGH
PROJ-2696,62.1,32.8,78.6,20.0,8,2,74.9,58,5,Mobile,10,2,77.7,MEDIUM
PROJ-2697,64.8,,40.8,33.3,4,2,17.5,47,6,AI,6,2,32.4,HIGH
PROJ-2698,39.9,1.0,48.3,50.0,5,6,20.5,8,1,Research,10,5,33.1,HIGH
PROJ-2699,79.8,20.4,86.1,58.8,7,3,75.5,37,3,AI,17,10,71.2,LOW
PROJ-2700,80.0,13.3,56.9,40.0,6,6,20.9,5,7,Mobile,10,4,23.9,HIGH
PROJ-2701,74.2,14.8,67.7,20.0,16,4,51.3,43,3,Web,20,4,32.6,MEDIUM
PROJ-2702,69.1,2.8,75.0,38.1,13,6,43.0,7,7,IoT,21,8,37.4,HIGH
PROJ-2703,54.0,6.0,36.0,31.6,13,4,16.2,19,1,Mobile,19,6,56.1,HIGH
PROJ-2704,37.2,13.5,48.0,31.2,11,3,38.4,11,2,Web,16,5,37.2,HIGH
PROJ-2705,80.2,23.9,64.5,47.1,9,5,59.4,30,6,IoT,17,8,49.8,MEDIUM
PROJ-2706,84.4,2.6,81.4,57.1,9,2,54.9,19,1,Web,21,12,80.7,LOW
PROJ-2707,85.3,15.2,84.0,39.1,14,1,47.8,48,2,Research,23,9,80.2,LOW
PROJ-2708,83.7,19.0,67.6,77.8,4,4,100.0,58,1,IoT,18,14,80.2,LOW
PROJ-2709,84.9,22.6,66.2,73.1,7,0,75.9,69,1,AI,26,19,76.9,LOW
PROJ-2710,74.2,22.4,55.5,45.8,13,3,75.3,27,6,IoT,24,11,74.2,MEDIUM
PROJ-2711,80.6,14.5,68.8,35.7,18,3,55.7,38,3,Mobile,28,10,62.0,MEDIUM
PROJ-2712,90.7,17.9,74.6,75.0,7,1,58.1,63,4,Mobile,28,21,69.4,LOW
PROJ-2713,83.7,18.8,83.4,81.2,3,1,71.4,27,5,AI,16,13,46.4,LOW
PROJ-2714,67.8,17.5,89.8,40.0,6,1,62.7,26,5,Mobile,10,4,50.1,MEDIUM
PROJ-2715,63.5,9.2,68.8,45.5,12,2,45.2,32,1,Research,22,10,29.7,MEDIUM
PROJ-2716,49.1,10.4,68.0,41.7,7,3,29.2,19,2,AI,12,5,38.9,HIGH
PROJ-2717,83.8,19.4,83.2,60.0,2,0,46.2,43,1,Mobile,5,3,85.4,LOW
PROJ-2718,81.4,21.7,66.3,50.0,8,3,92.6,51,2,Web,16,8,78.3,LOW
PROJ-2719,64.3,21.8,77.9,27.3,8,4,28.8,60,5,Mobile,11,3,39.0,MEDIUM
PROJ-2720,79.4,20.8,66.4,65.5,10,0,70.2,46,6,AI,29,19,77.5,LOW
PROJ-2721,77.3,9.8,61.4,60.0,4,3,87.1,27,5,Research,10,6,28.0,MEDIUM
PROJ-2722,57.4,9.6,55.6,28.6,5,2,49.7,39,1,Research,7,2,28.2,HIGH
PROJ-2723,81.7,17.5,56.2,65.4,9,2,83.5,47,4,Research,26,17,53.5,LOW
PROJ-2724,77.5,7.0,,20.0,4,3,49.7,17,3,Web,5,1,42.6,MEDIUM
PROJ-2725,50.5,14.5,56.2,66.7,5,2,30.0,15,5,Web,15,10,33.1,MEDIUM
PROJ-2726,53.4,9.5,79.1,44.0,14,1,52.4,26,1,AI,25,11,60.2,MEDIUM
PROJ-2727,73.8,15.8,66.4,85.0,3,1,77.1,48,2,Research,20,17,49.9,LOW
PROJ-2728,100.0,,56.7,69.2,8,4,57.8,34,2,AI,26,18,27.2,MEDIUM
PROJ-2729,95.7,14.4,69.6,67.9,9,2,66.1,5,3,IoT,28,19,39.6,LOW
PROJ-2730,67.7,10.4,59.6,27.8,13,8,33.6,43,5,Web,18,5,14.3,HIGH
PROJ-2731,53.0,2.6,47.4,33.3,8,4,22.0,31,1,Research,12,4,18.1,HIGH
PROJ-2732,80.7,18.9,78.6,75.0,2,0,60.3,54,2,AI,8,6,63.3,LOW
PROJ-2733,73.2,17.5,66.7,38.1,13,1,43.3,67,7,Mobile,21,8,48.1,MEDIUM
PROJ-2734,62.3,15.4,60.1,25.0,6,4,46.6,17,7,IoT,8,2,18.0,HIGH
PROJ-2735,51.8,1.0,16.9,36.0,16,3,47.0,7,1,AI,25,9,3.8,HIGH
PROJ-2736,72.3,6.1,63.4,0.0,5,5,5.3,39,5,IoT,5,0,45.8,HIGH
PROJ-2737,73.1,18.2,60.5,40.0,9,1,72.2,18,6,IoT,15,6,64.7,MEDIUM
PROJ-2738,55.9,4.4,81.4,10.0,9,3,53.0,13,6,AI,10,1,20.0,HIGH
PROJ-2739,89.7,14.8,53.3,48.0,13,3,28.4,1,7,Mobile,25,12,80.3,MEDIUM
PROJ-2740,46.7,7.7,17.1,13.8,25,6,11.8,5,5,Research,29,4,21.0,HIGH
PROJ-2741,73.0,1.8,72.9,60.0,6,2,24.2,27,4,Web,15,9,28.8,MEDIUM
PROJ-2742,72.4,16.9,60.2,26.7,11,2,44.5,39,2,IoT,15,4,40.4,MEDIUM
PROJ-2743,47.3,1.0,44.2,26.3,14,2,61.4,15,2,Research,19,5,11.2,HIGH
PROJ-2744,36.3,18.5,38.9,27.3,8,2,19.1,24,5,AI,11,3,34.4,HIGH
PROJ-2745,70.1,8.9,70.8,0.0,7,2,50.6,1,6,AI,7,0,39.3,HIGH
PROJ-2746,63.5,1.0,27.0,46.7,8,4,35.1,1,3,Mobile,15,7,34.8,HIGH
PROJ-2747,88.1,19.6,55.4,52.6,9,3,89.0,35,3,Research,19,10,56.4,LOW
PROJ-2748,79.7,,73.2,52.0,12,3,27.8,31,4,Research,25,13,56.1,MEDIUM
PROJ-2749,84.5,10.5,38.9,6.9,27,4,0.3,6,6,Web,29,2,,HIGH
PROJ-2750,63.5,12.7,59.7,60.0,10,4,36.4,55,6,IoT,25,15,31.8,MEDIUM
PROJ-2751,69.2,4.6,22.5,8.3,22,7,32.9,22,4,Mobile,24,2,29.1,HIGH
PROJ-2752,67.9,19.9,77.1,70.0,3,0,76.4,46,7,Web,10,7,48.6,LOW
PROJ-2753,52.7,10.2,48.3,11.1,24,2,46.7,35,6,Mobile,27,3,25.2,HIGH
PROJ-2754,65.6,10.4,50.9,22.2,7,6,21.5,34,4,AI,9,2,36.5,HIGH
PROJ-2755,81.1,20.8,47.2,59.1,9,2,72.5,39,5,AI,22,13,81.8,MEDIUM
PROJ-2756,80.8,22.1,37.7,20.0,16,5,34.2,1,5,Mobile,20,4,29.3,HIGH
PROJ-2757,73.6,17.9,74.8,70.6,5,1,99.4,30,3,IoT,17,12,,LOW
PROJ-2758,82.1,17.8,92.5,60.0,4,1,73.6,56,7,Mobile,10,6,71.7,LOW
PROJ-2759,67.2,14.7,72.5,47.1,9,3,40.8,37,1,Web,17,8,28.4,MEDIUM
PROJ-2760,80.4,10.9,61.2,55.2,13,1,79.0,42,4,Research,29,16,77.1,LOW
PROJ-2761,83.4,11.8,50.3,33.3,18,2,50.3,1,5,Mobile,27,9,51.9,MEDIUM
PROJ-2762,84.6,16.6,60.7,60.9,9,1,59.0,47,7,IoT,23,14,40.6,MEDIUM
PROJ-2763,75.1,4.2,44.3,29.4,12,4,33.9,17,1,Web,17,5,38.4,MEDIUM
PROJ-2764,70.0,15.8,28.8,21.1,15,5,1.2,25,4,AI,19,4,36.7,HIGH
PROJ-2765,39.3,1.0,38.9,23.1,10,6,39.7,34,5,Web,13,3,28.2,HIGH
PROJ-2766,81.5,20.0,50.6,17.6,14,1,36.0,40,1,Research,17,3,50.5,MEDIUM
PROJ-2767,70.1,11.6,63.8,89.3,3,5,57.1,56,4,Mobile,28,25,57.9,MEDIUM
PROJ-2768,60.7,8.7,42.0,24.1,22,3,53.8,31,5,Mobile,29,7,37.4,HIGH
PROJ-2769,71.8,23.4,48.6,66.7,2,3,60.8,48,3,IoT,6,4,60.4,MEDIUM
PROJ-2770,87.9,9.5,54.8,62.5,3,1,78.8,62,3,Web,8,5,81.9,LOW
PROJ-2771,75.2,18.3,60.8,57.1,9,1,71.5,59,5,AI,21,12,31.2,MEDIUM
PROJ-2772,85.0,14.7,80.7,72.7,3,1,73.2,32,2,Research,11,8,93.5,LOW
PROJ-2773,,15.5,55.4,13.6,19,3,64.5,38,7,Mobile,22,3,73.6,MEDIUM
PROJ-2774,,10.8,62.2,87.5,3,1,76.8,32,5,Mobile,24,21,72.6,LOW
PROJ-2775,47.3,11.6,57.8,33.3,4,3,25.6,35,4,Mobile,6,2,71.9,MEDIUM
PROJ-2776,81.1,14.7,79.6,60.0,6,4,50.8,49,1,Mobile,15,9,80.8,LOW
PROJ-2777,100.0,21.8,85.9,65.0,7,1,49.7,23,7,Research,20,13,,MEDIUM
PROJ-2778,53.9,4.9,38.1,62.5,6,3,39.8,25,4,Research,16,10,20.1,HIGH
PROJ-2779,65.7,10.9,59.1,40.0,6,3,8.8,36,5,AI,10,4,23.7,HIGH
PROJ-2780,68.8,21.3,63.4,64.3,5,1,68.5,11,1,IoT,14,9,67.4,LOW
PROJ-2781,73.3,9.9,49.0,43.5,13,4,31.5,13,2,Web,23,10,0.0,HIGH
PROJ-2782,78.9,25.7,70.5,63.6,4,0,91.5,36,1,Research,11,7,77.5,LOW
PROJ-2783,75.9,1.0,37.4,26.9,19,5,55.5,9,1,IoT,26,7,18.6,HIGH
PROJ-2784,68.4,14.0,65.8,0.0,5,7,49.6,1,5,Mobile,5,0,19.1,HIGH
PROJ-2785,67.3,4.4,66.4,44.4,15,3,8.6,1,2,Research,27,12,14.7,HIGH
PROJ-2786,59.2,7.5,74.0,66.7,8,1,73.7,38,6,Web,24,16,46.3,MEDIUM
PROJ-2787,83.7,7.2,67.2,71.4,2,1,48.3,34,1,Mobile,7,5,54.3,MEDIUM
PROJ-2788,55.1,10.4,45.5,0.0,7,7,51.0,1,1,AI,7,0,,HIGH
PROJ-2789,71.4,17.9,67.5,32.0,17,4,51.9,20,6,Mobile,25,8,44.8,MEDIUM
PROJ-2790,80.6,14.8,51.4,60.0,10,3,52.8,49,5,IoT,25,15,39.7,MEDIUM
PROJ-2791,74.8,9.9,48.8,62.5,6,1,66.1,56,6,AI,16,10,58.5,MEDIUM
PROJ-2792,75.1,12.4,42.9,11.1,8,1,7.1,37,6,Research,9,1,21.4,HIGH
PROJ-2793,55.3,13.6,35.6,23.1,10,2,22.6,18,1,Mobile,13,3,28.9,HIGH
PROJ-2794,99.5,25.0,91.3,100.0,0,2,76.3,70,3,AI,9,9,52.2,LOW
PROJ-2795,67.9,14.9,21.5,38.5,8,5,22.0,41,3,Mobile,13,5,16.0,HIGH
PROJ-2796,82.5,14.4,69.5,90.9,2,0,79.3,38,5,Research,22,20,45.8,LOW
PROJ-2797,74.9,6.7,32.0,35.7,18,7,26.2,38,2,AI,28,10,21.8,HIGH
PROJ-2798,75.3,24.7,74.7,53.3,7,0,59.1,56,6,Research,15,8,73.5,LOW
PROJ-2799,70.7,14.5,54.7,40.0,12,1,15.5,26,1,Mobile,20,8,35.6,HIGH
PROJ-2800,81.6,16.3,75.6,100.0,0,1,,30,1,Research,28,28,71.2,LOW
PROJ-2801,91.7,20.5,40.3,82.6,4,2,72.6,29,2,Web,23,19,54.3,MEDIUM
PROJ-2802,48.0,11.1,50.8,44.8,16,3,63.8,34,4,Mobile,29,13,68.4,MEDIUM
PROJ-2803,75.4,13.6,67.6,55.6,4,2,44.7,20,2,AI,9,5,,MEDIUM
PROJ-2804,82.3,24.1,78.7,56.5,10,0,69.1,32,6,Mobile,23,13,69.5,LOW
PROJ-2805,63.1,8.9,37.3,14.8,23,5,67.1,10,2,Research,27,4,32.6,HIGH
PROJ-2806,85.9,26.3,85.2,64.3,5,2,67.5,59,5,AI,14,9,100.0,LOW
PROJ-2807,64.3,6.7,79.5,42.9,8,1,49.9,24,4,Research,14,6,48.7,MEDIUM
PROJ-2808,83.1,20.8,67.6,71.4,8,1,84.2,34,2,Web,28,20,43.9,LOW
PROJ-2809,78.9,9.3,52.9,29.6,19,6,3.1,46,3,Web,27,8,27.2,HIGH
PROJ-2810,92.2,14.6,77.6,57.1,3,3,48.9,37,3,IoT,7,4,43.6,MEDIUM
PROJ-2811,70.5,30.2,88.7,78.9,4,1,100.0,75,3,Research,19,15,46.3,LOW
PROJ-2812,80.0,17.2,76.5,53.8,6,1,95.8,38,4,IoT,13,7,82.7,LOW
PROJ-2813,56.1,11.1,55.6,10.0,9,3,35.3,38,7,IoT,10,1,21.8,HIGH
PROJ-2814,,9.8,34.4,33.3,18,2,30.8,18,4,Research,27,9,14.4,HIGH
PROJ-2815,54.0,11.3,56.5,28.6,20,6,5.8,48,2,Research,28,8,37.5,HIGH
PROJ-2816,76.3,23.7,88.0,50.0,5,1,76.5,27,4,IoT,10,5,65.2,LOW
PROJ-2817,70.6,6.2,47.1,29.6,19,6,0.0,26,3,Research,27,8,66.9,HIGH
PROJ-2818,73.7,12.6,51.5,31.2,11,2,44.5,47,5,Web,16,5,52.9,MEDIUM
PROJ-2819,93.6,20.8,76.4,64.7,6,1,68.7,59,6,IoT,17,11,70.0,LOW
PROJ-2820,79.2,8.6,57.0,37.5,15,5,30.7,55,5,IoT,24,9,24.0,HIGH
PROJ-2821,86.4,15.8,40.0,77.8,2,3,47.8,4,3,AI,9,7,68.6,MEDIUM
PROJ-2822,74.4,16.7,46.6,58.3,10,5,26.9,29,3,Mobile,24,14,55.5,MEDIUM
PROJ-2823,76.7,10.1,47.6,27.6,21,2,54.5,40,7,Web,29,8,54.1,HIGH
PROJ-2824,69.1,15.2,57.7,13.0,20,5,27.7,45,1,Mobile,23,3,60.3,HIGH
PROJ-2825,85.8,21.0,67.6,70.0,6,1,68.0,66,5,Research,20,14,72.6,LOW
PROJ-2826,49.9,7.4,16.9,6.2,15,6,14.9,36,4,Web,16,1,3.3,HIGH
PROJ-2827,92.0,21.1,63.5,44.4,10,2,56.8,50,3,Research,18,8,45.1,LOW
PROJ-2828,59.3,15.7,71.5,50.0,4,4,17.1,8,2,Research,8,4,40.7,HIGH
PROJ-2829,70.0,12.1,64.5,42.9,16,2,86.9,1,6,AI,28,12,62.2,MEDIUM
PROJ-2830,89.0,17.6,79.7,60.0,10,1,66.9,62,4,Research,25,15,76.4,LOW
PROJ-2831,72.0,22.6,66.1,40.0,3,1,87.8,35,2,Mobile,5,2,80.8,LOW
PROJ-2832,,16.2,46.6,28.6,5,4,20.6,13,2,Mobile,7,2,39.3,HIGH
PROJ-2833,81.8,5.7,,54.2,11,2,19.4,26,2,Research,24,13,34.2,HIGH
PROJ-2834,74.2,5.9,30.7,33.3,6,4,49.6,10,6,Mobile,9,3,0.0,HIGH
PROJ-2835,48.6,6.5,30.6,7.4,25,4,44.9,5,4,Mobile,27,2,44.6,HIGH
PROJ-2836,65.1,18.2,85.3,42.9,16,2,82.5,26,6,IoT,28,12,79.1,LOW
PROJ-2837,78.6,21.0,56.5,31.2,11,0,65.0,57,4,AI,16,5,66.1,LOW
PROJ-2838,66.4,10.2,72.2,42.3,15,0,75.8,82,3,AI,26,11,67.1,LOW
PROJ-2839,65.9,18.9,52.9,84.2,3,0,68.7,31,6,Web,19,16,,LOW
PROJ-2840,86.3,10.6,81.8,71.4,2,0,86.4,55,5,Web,7,5,67.2,LOW
PROJ-2841,76.2,23.6,53.8,45.5,6,2,,59,1,Mobile,11,5,28.6,MEDIUM
PROJ-2842,66.0,7.6,70.7,54.5,10,4,42.5,33,2,Research,22,12,39.3,HIGH
PROJ-2843,59.4,12.0,71.5,27.3,8,6,82.0,19,5,IoT,11,3,50.3,MEDIUM
PROJ-2844,79.9,17.2,66.8,38.5,16,1,64.8,36,6,IoT,26,10,70.7,LOW
PROJ-2845,58.8,11.0,,28.6,20,4,24.5,23,4,Web,28,8,18.2,HIGH
PROJ-2846,47.6,13.7,25.4,8.3,11,7,36.9,36,3,IoT,12,1,45.8,HIGH
PROJ-2847,68.3,19.2,74.5,58.6,12,2,62.4,48,2,Mobile,29,17,59.2,MEDIUM
PROJ-2848,64.5,11.8,23.8,20.7,23,7,37.7,1,5,Mobile,29,6,32.6,HIGH
PROJ-2849,64.4,26.0,70.0,71.4,8,2,75.9,23,6,Web,28,20,48.2,LOW
PROJ-2850,78.1,12.7,59.6,14.3,6,3,41.3,29,2,Mobile,7,1,15.1,HIGH
PROJ-2851,48.3,17.1,74.0,40.0,3,0,66.2,34,1,Mobile,5,2,8.1,MEDIUM
PROJ-2852,76.5,22.0,73.9,66.7,3,2,89.3,49,1,AI,9,6,56.8,LOW
PROJ-2853,82.8,18.9,90.5,76.5,4,0,61.6,24,2,AI,17,13,78.9,LOW
PROJ-2854,81.4,12.0,62.5,75.0,3,0,57.0,36,6,Mobile,12,9,42.3,LOW
PROJ-2855,58.1,9.6,60.3,14.3,6,3,,17,6,Mobile,7,1,40.3,HIGH
PROJ-2856,67.0,14.0,61.2,16.7,5,5,42.7,36,2,Research,6,1,48.5,MEDIUM
PROJ-2857,60.7,15.4,45.0,30.4,16,2,59.7,38,1,IoT,23,7,28.5,HIGH
PROJ-2858,95.2,13.1,71.3,66.7,2,1,100.0,53,4,Research,6,4,94.1,LOW
PROJ-2859,83.7,20.5,83.5,59.1,9,1,71.5,26,4,Mobile,22,13,57.8,LOW
PROJ-2860,63.6,14.7,63.6,60.0,8,3,71.5,25,7,AI,20,12,46.2,MEDIUM
PROJ-2861,63.6,8.3,59.7,25.0,15,5,12.3,1,1,IoT,20,5,40.3,HIGH
PROJ-2862,64.7,4.1,21.9,50.0,11,5,41.2,11,1,Web,22,11,0.0,HIGH
PROJ-2863,71.3,16.0,42.6,33.3,8,4,36.4,4,6,Mobile,12,4,58.8,HIGH
PROJ-2864,79.5,12.3,67.7,18.2,9,5,50.2,57,4,Research,11,2,50.0,MEDIUM
PROJ-2865,69.2,15.4,39.3,20.8,19,5,15.7,25,4,IoT,24,5,22.3,HIGH
PROJ-2866,65.0,20.7,50.0,50.0,5,3,,35,4,IoT,10,5,58.2,MEDIUM
PROJ-2867,60.4,11.8,35.3,24.0,19,6,33.8,30,3,Research,25,6,43.1,HIGH
PROJ-2868,62.6,13.1,22.7,42.1,11,4,44.9,30,6,IoT,19,8,22.4,HIGH
PROJ-2869,79.6,13.8,26.3,40.0,3,2,51.5,44,7,Web,5,2,40.3,MEDIUM
PROJ-2870,85.0,21.9,71.3,80.0,4,3,95.0,39,6,AI,20,16,45.0,LOW
PROJ-2871,55.8,10.0,45.9,36.8,12,2,20.8,4,4,Mobile,19,7,2.5,HIGH
PROJ-2872,75.4,23.5,,55.6,4,1,56.5,19,1,Web,9,5,59.9,LOW
PROJ-2873,86.4,40.0,76.9,27.8,13,1,72.6,35,5,Web,18,5,77.9,LOW
PROJ-2874,78.8,22.7,92.1,95.0,1,1,45.9,30,4,AI,20,19,80.1,LOW
PROJ-2875,60.6,5.8,46.5,31.2,11,3,22.6,7,5,AI,16,5,43.1,HIGH
PROJ-2876,42.9,5.2,47.2,71.4,6,1,18.4,60,3,IoT,21,15,51.9,MEDIUM
PROJ-2877,88.5,15.5,62.8,76.5,4,1,36.4,76,5,Web,17,13,69.7,LOW
PROJ-2878,67.0,13.7,47.7,40.7,16,5,33.0,16,7,Mobile,27,11,24.7,HIGH
PROJ-2879,69.8,10.3,85.7,57.1,9,1,79.1,43,5,Research,21,12,40.9,LOW
PROJ-2880,74.5,3.7,52.8,44.8,16,5,43.9,18,6,Mobile,29,13,17.3,HIGH
PROJ-2881,49.4,9.9,54.4,60.0,10,2,41.3,44,6,AI,25,15,10.2,MEDIUM
PROJ-2882,58.3,4.9,23.7,33.3,4,0,57.2,30,1,Mobile,6,2,15.7,HIGH
PROJ-2883,67.1,1.0,56.1,27.8,13,4,,50,7,Web,18,5,40.6,MEDIUM
PROJ-2884,68.7,21.5,48.0,33.3,4,3,46.9,57,5,Web,6,2,46.5,MEDIUM
PROJ-2885,80.2,14.5,43.8,18.2,9,1,1.5,10,6,AI,11,2,31.0,HIGH
PROJ-2886,63.6,19.3,65.4,80.0,1,1,72.1,66,7,Research,5,4,50.9,LOW
PROJ-2887,79.9,20.9,,80.0,1,1,92.7,74,3,Research,5,4,90.8,LOW
PROJ-2888,85.9,23.0,51.6,35.7,9,2,44.6,25,6,Research,14,5,50.1,MEDIUM
PROJ-2889,84.4,7.8,33.2,16.7,10,2,46.5,48,3,AI,12,2,65.9,MEDIUM
PROJ-2890,71.8,7.7,62.2,40.0,6,1,42.2,37,5,Web,10,4,29.4,HIGH
PROJ-2891,83.4,21.9,76.4,41.7,14,4,46.2,35,4,AI,24,10,56.2,HIGH
PROJ-2892,81.8,27.1,76.6,69.6,7,1,71.8,12,3,AI,23,16,58.8,LOW
PROJ-2893,65.4,5.3,61.5,42.1,11,2,25.4,28,6,Web,19,8,7.7,HIGH
PROJ-2894,69.0,16.4,73.3,63.6,4,0,46.3,40,5,AI,11,7,45.5,LOW
PROJ-2895,61.5,11.5,75.2,50.0,9,5,39.5,11,1,AI,18,9,52.2,MEDIUM
PROJ-2896,78.3,12.8,72.4,63.6,4,1,45.5,31,2,Research,11,7,59.2,LOW
PROJ-2897,69.8,7.7,56.1,26.9,19,4,35.3,30,7,Mobile,26,7,21.7,HIGH
PROJ-2898,71.0,18.9,85.0,61.9,8,0,69.6,8,3,Web,21,13,92.9,LOW
PROJ-2899,74.8,19.1,59.8,40.0,3,3,54.3,7,5,IoT,5,2,30.2,MEDIUM
PROJ-2900,90.7,19.6,58.3,66.7,8,3,80.4,46,3,AI,24,16,45.2,LOW
PROJ-2901,58.3,11.6,63.5,43.5,13,3,25.8,33,5,Research,23,10,21.3,HIGH
PROJ-2902,96.5,20.5,65.6,96.4,1,0,76.7,45,7,AI,28,27,100.0,LOW
PROJ-2903,81.9,2.5,56.1,40.0,12,5,,26,6,AI,20,8,24.5,HIGH
PROJ-2904,60.2,12.6,68.3,30.4,16,3,23.3,33,5,Mobile,23,7,30.3,MEDIUM
PROJ-2905,85.9,21.2,90.4,87.5,1,1,76.8,55,6,IoT,8,7,47.3,LOW
PROJ-2906,66.5,12.9,47.0,60.0,2,1,30.5,3,3,Research,5,3,31.7,MEDIUM
PROJ-2907,90.3,17.7,100.0,74.1,7,1,68.0,76,7,Research,27,20,81.6,LOW
PROJ-2908,76.2,22.8,87.0,66.7,2,0,70.6,44,3,AI,6,4,36.8,LOW
PROJ-2909,84.3,19.2,,57.1,3,1,67.4,46,6,Research,7,4,78.5,LOW
PROJ-2910,81.3,20.2,70.0,60.0,2,0,70.0,69,4,Web,5,3,79.9,LOW
PROJ-2911,100.0,12.1,53.6,76.0,6,1,77.8,28,4,AI,25,19,71.8,LOW
PROJ-2912,85.2,3.8,69.3,77.8,6,3,57.2,44,7,IoT,27,21,79.3,LOW
PROJ-2913,,26.1,,66.7,5,1,68.3,59,7,AI,15,10,74.2,LOW
PROJ-2914,63.9,9.6,33.8,11.1,16,2,52.5,2,3,AI,18,2,34.9,HIGH
PROJ-2915,72.5,14.2,81.1,69.2,4,1,48.0,26,7,Research,13,9,66.6,MEDIUM
PROJ-2916,68.1,18.0,71.1,50.0,8,1,66.2,45,1,Research,16,8,56.1,MEDIUM
PROJ-2917,69.7,16.7,79.6,50.0,10,4,44.6,24,7,IoT,20,10,15.9,HIGH
PROJ-2918,49.0,22.5,57.0,44.4,5,3,23.0,7,2,Web,9,4,30.5,HIGH
PROJ-2919,60.7,14.4,47.3,32.0,17,0,38.4,1,5,Research,25,8,39.0,HIGH
PROJ-2920,78.7,18.9,46.3,60.0,4,2,53.5,8,4,AI,10,6,43.1,MEDIUM
PROJ-2921,92.8,17.5,46.4,40.0,15,2,,30,6,AI,25,10,46.9,MEDIUM
PROJ-2922,71.3,14.6,75.4,63.2,7,3,82.3,55,1,Research,19,12,65.2,LOW
PROJ-2923,45.0,1.0,25.9,9.5,19,2,,12,4,IoT,21,2,33.7,HIGH
PROJ-2924,89.0,21.5,73.5,48.1,14,1,81.2,48,1,Mobile,27,13,73.0,LOW
PROJ-2925,85.0,13.2,34.7,0.0,13,8,0.3,4,7,IoT,13,0,68.3,HIGH
PROJ-2926,90.2,27.4,,83.3,3,1,62.3,70,4,Web,18,15,69.5,LOW
PROJ-2927,66.8,18.0,68.3,37.5,10,1,73.6,34,5,AI,16,6,39.5,MEDIUM
PROJ-2928,82.0,11.5,59.3,13.0,20,2,55.4,58,7,Research,23,3,70.2,MEDIUM
PROJ-2929,67.6,7.7,47.0,25.0,9,5,43.5,16,1,IoT,12,3,40.6,HIGH
PROJ-2930,50.5,10.0,31.7,23.8,16,2,56.9,42,1,Mobile,21,5,17.1,MEDIUM
PROJ-2931,,7.6,59.3,28.6,10,4,6.2,5,5,Research,14,4,23.9,HIGH
PROJ-2932,80.8,20.4,76.7,74.1,7,0,85.9,46,2,AI,27,20,71.2,LOW
PROJ-2933,78.3,8.0,92.1,16.7,5,2,42.7,37,5,Web,6,1,40.0,MEDIUM
PROJ-2934,71.0,12.6,70.5,47.4,10,4,10.4,24,4,IoT,19,9,56.0,HIGH
PROJ-2935,88.1,18.2,65.0,75.0,7,0,61.8,17,5,Research,28,21,90.1,LOW
PROJ-2936,56.9,8.0,61.4,30.8,9,3,31.5,23,5,AI,13,4,1.4,HIGH
PROJ-2937,56.0,10.8,52.6,20.0,8,2,,1,4,Research,10,2,23.8,HIGH
PROJ-2938,74.9,16.2,63.1,63.0,10,0,91.8,2,1,Mobile,27,17,57.2,LOW
PROJ-2939,81.0,16.0,96.8,77.8,2,0,55.3,53,5,Mobile,9,7,63.4,LOW
PROJ-2940,99.5,19.8,85.9,60.0,8,0,44.9,35,5,AI,20,12,42.2,MEDIUM
PROJ-2941,94.5,12.8,58.5,100.0,0,0,52.0,27,2,Mobile,14,14,39.1,MEDIUM
PROJ-2942,80.4,10.3,62.1,38.5,8,1,45.7,46,5,Web,13,5,36.0,MEDIUM
PROJ-2943,82.1,24.7,77.8,62.5,3,0,58.6,11,5,IoT,8,5,44.6,LOW
PROJ-2944,57.2,12.9,31.3,27.3,16,5,39.5,38,3,IoT,22,6,47.6,HIGH
PROJ-2945,52.1,5.2,,0.0,6,8,26.5,46,3,IoT,6,0,43.7,HIGH
PROJ-2946,69.9,24.3,66.1,53.6,13,4,41.7,28,1,Research,28,15,50.2,MEDIUM
PROJ-2947,82.4,26.1,79.2,62.5,3,1,71.5,58,1,Research,8,5,33.8,LOW
PROJ-2948,95.3,14.6,65.1,74.1,7,1,96.6,51,2,AI,27,20,62.9,LOW
PROJ-2949,74.8,10.9,53.2,40.0,6,0,44.2,23,6,Web,10,4,52.0,MEDIUM
PROJ-2950,77.3,14.6,62.8,33.3,8,2,37.1,21,7,Mobile,12,4,75.3,MEDIUM
PROJ-2951,68.9,11.9,83.6,69.2,4,3,49.0,23,2,AI,13,9,47.0,MEDIUM
PROJ-2952,55.0,17.7,45.7,47.1,9,1,37.4,41,3,Web,17,8,41.0,MEDIUM
PROJ-2953,70.8,23.7,70.1,40.0,3,4,38.1,24,4,IoT,5,2,45.5,MEDIUM
PROJ-2954,64.5,17.1,47.9,40.0,3,2,40.8,33,4,AI,5,2,53.4,MEDIUM
PROJ-2955,54.6,17.2,68.3,50.0,3,4,53.3,1,3,AI,6,3,28.0,HIGH
PROJ-2956,81.8,8.6,73.3,50.0,3,1,83.4,39,2,Mobile,6,3,57.7,LOW
PROJ-2957,88.6,25.1,65.3,70.0,6,0,,29,3,Research,20,14,80.9,LOW
PROJ-2958,100.0,24.3,54.7,64.0,9,2,84.4,61,4,IoT,25,16,74.6,LOW
PROJ-2959,79.5,12.5,41.4,84.6,2,2,30.2,25,2,Web,13,11,35.0,MEDIUM
PROJ-2960,68.0,17.3,64.8,30.0,14,2,47.6,52,7,AI,20,6,40.7,MEDIUM
PROJ-2961,88.1,15.6,61.5,63.6,8,0,,32,5,Research,22,14,77.8,LOW
PROJ-2962,43.4,13.9,32.2,33.3,6,3,40.2,4,6,IoT,9,3,,HIGH
PROJ-2963,39.2,3.5,59.8,0.0,5,6,21.3,34,3,IoT,5,0,47.3,HIGH
PROJ-2964,68.5,19.0,74.4,44.8,16,1,56.5,7,3,Mobile,29,13,40.1,MEDIUM
PROJ-2965,100.0,26.6,100.0,75.0,2,1,45.2,28,2,IoT,8,6,73.2,LOW
PROJ-2966,61.8,5.5,32.3,0.0,16,3,20.2,30,6,Research,16,0,34.0,HIGH
PROJ-2967,,37.9,85.1,44.4,15,0,95.6,70,4,AI,27,12,83.2,LOW
PROJ-2968,52.8,7.2,69.6,34.8,15,8,36.7,24,5,Research,23,8,49.3,HIGH
PROJ-2969,76.2,30.4,68.6,57.1,6,0,63.1,55,5,Web,14,8,69.9,LOW
PROJ-2970,51.5,11.7,47.4,34.5,19,1,25.6,20,1,IoT,29,10,34.9,HIGH
PROJ-2971,75.8,10.5,87.9,77.8,2,1,62.6,14,3,Research,9,7,43.1,LOW
PROJ-2972,96.0,22.3,80.8,68.8,5,1,75.0,46,4,Research,16,11,79.6,LOW
PROJ-2973,69.9,8.1,27.1,23.8,16,4,34.8,25,3,Web,21,5,40.9,HIGH
PROJ-2974,72.9,24.3,59.5,100.0,0,1,59.8,31,2,Web,12,12,47.2,LOW
PROJ-2975,86.2,19.1,66.8,90.9,2,0,75.0,56,4,Web,22,20,78.4,LOW
PROJ-2976,77.0,21.1,94.3,84.6,4,0,70.1,26,7,IoT,26,22,99.0,LOW
PROJ-2977,73.4,11.8,52.1,58.3,5,1,92.8,4,7,Web,12,7,86.0,LOW
PROJ-2978,91.3,18.0,62.0,50.0,9,0,99.9,20,1,Web,18,9,79.7,LOW
PROJ-2979,80.4,4.1,70.0,23.1,20,5,33.9,13,7,Web,26,6,37.8,HIGH
PROJ-2980,67.9,1.0,65.5,5.6,17,5,35.8,44,2,AI,18,1,58.1,HIGH
PROJ-2981,83.4,4.7,57.5,33.3,10,5,8.1,28,2,Research,15,5,,HIGH
PROJ-2982,82.8,7.2,49.6,20.0,16,5,72.3,1,2,Web,20,4,37.0,HIGH
PROJ-2983,78.3,14.5,76.0,65.4,9,0,71.1,46,5,Research,26,17,67.5,LOW
PROJ-2984,,8.3,44.0,44.8,16,6,41.8,7,3,Mobile,29,13,43.4,HIGH
PROJ-2985,85.2,30.6,66.2,63.6,4,1,96.7,47,3,Mobile,11,7,53.4,LOW
PROJ-2986,65.1,7.0,40.1,45.5,12,1,46.1,5,1,Web,22,10,39.2,HIGH
PROJ-2987,78.6,17.3,29.4,16.7,20,8,28.1,11,1,Research,24,4,30.1,HIGH
PROJ-2988,76.6,29.4,85.5,81.8,2,3,47.8,32,5,Mobile,11,9,54.0,LOW
PROJ-2989,76.9,10.1,71.7,25.0,9,2,22.1,42,1,IoT,12,3,77.2,MEDIUM
PROJ-2990,89.3,17.5,67.9,80.0,2,0,,90,5,Web,10,8,80.1,LOW
PROJ-2991,80.6,22.7,69.1,59.3,11,1,68.7,36,5,Web,27,16,56.6,LOW
PROJ-2992,97.2,14.2,87.4,62.1,11,2,69.3,27,7,IoT,29,18,54.7,LOW
PROJ-2993,64.9,15.3,61.4,50.0,12,1,54.0,3,7,Research,24,12,,MEDIUM
PROJ-2994,81.7,,67.7,50.0,8,1,53.3,56,7,Web,16,8,64.4,LOW
PROJ-2995,96.4,23.0,78.3,64.3,5,1,53.5,24,6,Research,14,9,53.4,MEDIUM
PROJ-2996,46.8,9.3,57.0,47.1,9,3,44.5,1,5,Web,17,8,61.4,MEDIUM
PROJ-2997,61.5,7.1,40.2,32.1,19,2,23.4,6,5,Research,28,9,34.1,HIGH
PROJ-2998,77.3,15.1,63.1,73.1,7,0,77.0,46,2,Research,26,19,55.8,LOW
PROJ-2999,63.2,5.2,45.3,36.4,7,6,8.2,45,2,Web,11,4,41.7,HIGH
PROJ-3000,97.0,22.8,66.8,53.8,6,2,51.5,50,6,Web,13,7,63.5,LOW
PROJ-3001,68.0,5.6,71.7,35.7,9,5,62.7,46,7,IoT,14,5,51.1,HIGH
PROJ-3002,69.3,8.1,,9.5,19,2,38.0,24,6,Mobile,21,2,3.9,HIGH
PROJ-3003,40.1,13.8,57.4,47.4,10,4,25.6,1,3,Web,19,9,0.0,HIGH
PROJ-3004,60.8,9.6,79.7,37.5,5,4,40.4,7,7,Research,8,3,31.0,HIGH
PROJ-3005,71.7,10.3,56.0,57.9,8,1,61.6,43,3,IoT,19,11,71.1,MEDIUM
PROJ-3006,38.4,7.9,76.4,28.6,5,9,24.1,42,7,Web,7,2,55.2,HIGH
PROJ-3007,80.5,28.9,53.1,38.5,8,3,56.7,39,1,Research,13,5,68.2,LOW
PROJ-3008,87.9,4.2,67.2,40.0,12,3,82.4,40,7,Research,20,8,22.2,MEDIUM
PROJ-3009,84.2,18.3,80.1,60.0,6,0,46.9,63,4,Mobile,15,9,64.7,LOW
PROJ-3010,,11.3,68.8,83.3,1,1,82.1,27,4,Web,6,5,78.3,LOW
PROJ-3011,71.8,15.6,91.2,60.0,2,2,88.2,22,4,IoT,5,3,57.0,LOW
PROJ-3012,87.0,17.4,74.0,50.0,3,1,59.4,66,5,Web,6,3,62.7,LOW
PROJ-3013,77.1,20.8,78.5,57.1,9,0,64.7,46,2,Research,21,12,72.4,LOW
PROJ-3014,68.1,15.2,76.7,69.2,4,1,46.2,38,6,Web,13,9,33.5,MEDIUM
PROJ-3015,61.9,2.5,26.4,22.2,7,3,73.6,38,1,Web,9,2,45.4,MEDIUM
PROJ-3016,99.4,22.2,77.4,90.9,1,2,55.7,47,5,Web,11,10,81.3,LOW
PROJ-3017,83.0,19.4,53.0,78.3,5,1,66.6,46,4,IoT,23,18,80.1,LOW
PROJ-3018,,10.9,63.1,75.0,2,0,83.9,90,7,Research,8,6,68.6,LOW
PROJ-3019,64.1,3.8,62.6,12.5,7,4,30.3,36,6,Mobile,8,1,62.5,HIGH
PROJ-3020,64.3,4.6,59.5,29.4,12,3,53.3,17,4,Web,17,5,35.6,HIGH
PROJ-3021,87.1,17.3,69.8,75.0,2,1,85.0,83,7,AI,8,6,61.6,LOW
PROJ-3022,67.9,18.0,44.3,36.8,12,1,64.8,24,5,Research,19,7,31.9,MEDIUM
PROJ-3023,71.2,14.7,43.6,48.1,14,4,45.1,1,6,IoT,27,13,25.1,HIGH
PROJ-3024,83.8,17.6,83.7,85.2,4,1,61.8,53,5,Research,27,23,70.5,LOW
PROJ-3025,76.1,15.1,91.2,50.0,3,2,65.5,3,3,Mobile,6,3,53.2,LOW
PROJ-3026,,9.9,87.6,54.5,5,1,90.6,39,3,Web,11,6,55.9,LOW
PROJ-3027,78.4,8.5,70.2,25.0,6,0,29.0,40,3,IoT,8,2,47.8,MEDIUM
PROJ-3028,35.7,10.2,69.8,4.5,21,4,28.6,1,4,Web,22,1,33.8,HIGH
PROJ-3029,78.9,3.0,89.2,75.0,2,0,74.9,76,2,IoT,8,6,77.1,LOW
PROJ-3030,69.3,3.7,43.3,20.0,4,2,25.0,23,3,Research,5,1,25.0,HIGH
PROJ-3031,62.9,16.7,58.2,32.0,17,4,56.6,33,6,Mobile,25,8,44.0,MEDIUM
PROJ-3032,50.9,13.0,92.2,16.7,10,1,39.0,13,2,Mobile,12,2,43.0,MEDIUM
PROJ-3033,82.3,20.5,58.3,69.2,8,0,100.0,50,5,Research,26,18,63.0,LOW
PROJ-3034,68.0,17.3,83.2,83.3,3,1,54.3,61,1,IoT,18,15,61.2,LOW
PROJ-3035,74.3,15.3,63.2,88.0,3,0,77.9,68,1,AI,25,22,68.3,LOW
PROJ-3036,54.5,11.4,67.0,18.2,9,4,35.0,34,4,IoT,11,2,30.6,HIGH
PROJ-3037,70.3,6.6,95.7,40.0,15,3,47.8,50,5,Web,25,10,61.0,MEDIUM
PROJ-3038,98.3,17.6,41.0,80.0,5,2,52.8,50,4,IoT,25,20,71.4,LOW
PROJ-3039,66.5,11.9,43.7,62.5,3,3,52.7,23,4,AI,8,5,58.6,MEDIUM
PROJ-3040,87.1,18.9,55.9,60.0,8,5,70.7,6,6,IoT,20,12,13.0,MEDIUM
PROJ-3041,86.6,17.7,75.9,61.5,5,1,100.0,1,1,IoT,13,8,53.8,LOW
PROJ-3042,90.8,23.5,85.2,69.2,8,1,93.8,72,2,AI,26,18,76.2,LOW
PROJ-3043,97.7,16.8,83.4,80.8,5,3,65.3,36,3,IoT,26,21,58.8,LOW
PROJ-3044,100.0,25.9,80.1,54.5,10,1,55.5,62,7,IoT,22,12,75.4,LOW
PROJ-3045,65.5,13.2,60.6,32.1,19,2,20.7,38,2,Mobile,28,9,19.8,HIGH
PROJ-3046,92.5,17.9,81.5,78.9,4,3,65.1,53,4,IoT,19,15,63.7,LOW
PROJ-3047,47.1,1.7,69.6,45.5,6,4,73.6,1,6,Web,11,5,24.5,HIGH
PROJ-3048,75.2,6.4,66.1,15.4,11,7,70.1,18,3,Mobile,13,2,15.3,HIGH
PROJ-3049,66.5,14.1,55.8,44.4,10,3,7.3,22,1,IoT,18,8,49.1,MEDIUM
PROJ-3050,83.7,14.5,62.3,20.0,8,2,68.9,54,6,Mobile,10,2,59.9,MEDIUM
PROJ-3051,59.0,6.1,82.9,45.5,6,4,58.4,28,6,IoT,11,5,26.9,HIGH
PROJ-3052,87.4,13.2,56.4,54.5,5,3,87.0,59,1,AI,11,6,74.0,LOW
PROJ-3053,84.0,7.9,,50.0,9,3,42.1,62,2,IoT,18,9,45.9,MEDIUM
PROJ-3054,67.1,3.2,55.0,48.0,13,5,19.7,1,4,AI,25,12,32.1,HIGH
PROJ-3055,88.6,11.7,70.3,57.9,8,1,63.0,43,4,IoT,19,11,58.2,LOW
PROJ-3056,78.5,5.3,72.4,26.9,19,4,22.9,17,5,Web,26,7,45.0,HIGH
PROJ-3057,71.3,10.9,100.0,77.3,5,1,70.0,79,1,IoT,22,17,68.5,LOW
PROJ-3058,54.4,9.3,51.1,14.3,12,3,67.1,37,7,AI,14,2,27.5,HIGH
PROJ-3059,81.6,23.3,66.9,40.0,3,2,50.4,48,3,Web,5,2,73.2,LOW
PROJ-3060,84.9,12.5,69.1,58.3,5,2,58.9,39,6,Mobile,12,7,30.8,MEDIUM
PROJ-3061,78.8,17.0,33.2,27.8,13,4,49.1,32,7,Mobile,18,5,40.4,HIGH
PROJ-3062,64.7,10.1,69.7,54.5,10,1,36.3,19,3,Mobile,22,12,54.3,MEDIUM
PROJ-3063,60.4,5.1,43.4,20.7,23,4,17.7,20,2,Mobile,29,6,32.5,HIGH
PROJ-3064,84.2,13.4,73.9,33.3,14,1,74.5,57,7,Mobile,21,7,72.9,LOW
PROJ-3065,,13.0,60.1,61.1,7,3,54.9,40,6,Research,18,11,33.3,MEDIUM
PROJ-3066,54.4,9.7,45.2,20.0,8,2,52.5,37,1,Research,10,2,20.4,MEDIUM
PROJ-3067,,9.1,71.8,47.6,11,1,66.0,38,4,Web,21,10,62.0,LOW
PROJ-3068,65.9,7.7,29.6,40.0,3,4,2.2,50,4,AI,5,2,35.1,HIGH
PROJ-3069,93.2,9.5,56.7,60.7,11,2,54.7,21,5,Research,28,17,41.7,MEDIUM
PROJ-3070,73.9,23.3,48.4,100.0,0,0,59.9,64,3,AI,14,14,53.3,LOW
PROJ-3071,79.0,19.0,61.5,80.0,1,1,98.0,90,4,Mobile,5,4,74.5,LOW
PROJ-3072,83.4,15.2,53.8,27.8,13,3,72.5,31,5,Web,18,5,7.9,MEDIUM
PROJ-3073,65.8,19.2,53.2,37.5,5,3,40.0,61,7,AI,8,3,39.4,MEDIUM
PROJ-3074,73.0,7.8,51.1,52.0,12,3,19.6,17,4,Web,25,13,,MEDIUM
PROJ-3075,,8.2,44.6,11.8,15,5,48.8,20,6,Web,17,2,14.5,HIGH
PROJ-3076,68.3,15.3,71.4,67.9,9,0,27.5,14,6,IoT,28,19,65.4,MEDIUM
PROJ-3077,81.9,10.7,69.2,87.5,1,1,77.5,55,1,Web,8,7,71.6,LOW
PROJ-3078,74.8,15.2,61.5,40.0,3,3,68.3,41,3,AI,5,2,39.3,MEDIUM
PROJ-3079,68.5,1.0,38.4,16.7,20,3,31.8,14,2,Mobile,24,4,,HIGH
PROJ-3080,59.9,13.5,77.3,66.7,2,1,72.7,51,2,Research,6,4,53.9,LOW
PROJ-3081,64.7,10.1,54.8,13.8,25,5,41.5,17,7,Research,29,4,38.2,HIGH
PROJ-3082,36.4,18.0,54.6,0.0,15,3,7.5,37,7,Mobile,15,0,40.8,HIGH
PROJ-3083,64.1,1.0,44.9,23.1,10,5,7.9,32,2,IoT,13,3,10.6,HIGH
PROJ-3084,70.9,9.8,55.6,50.0,5,4,67.5,18,2,AI,10,5,23.2,MEDIUM
PROJ-3085,50.3,18.8,34.1,32.1,19,2,35.2,47,4,AI,28,9,38.0,HIGH
PROJ-3086,38.8,13.4,70.2,35.3,11,5,23.6,25,5,Web,17,6,13.2,HIGH
PROJ-3087,83.3,21.6,72.2,76.2,5,0,45.2,66,3,AI,21,16,82.5,LOW
PROJ-3088,66.8,20.5,71.6,58.3,10,1,86.7,67,4,Mobile,24,14,73.0,LOW
PROJ-3089,66.9,10.0,52.7,40.0,3,3,42.5,23,7,AI,5,2,16.5,HIGH
PROJ-3090,77.6,17.7,99.0,22.2,14,2,43.7,30,6,Web,18,4,44.2,MEDIUM
PROJ-3091,82.7,13.4,90.5,60.0,2,2,76.2,1,2,AI,5,3,81.5,LOW
PROJ-3092,73.5,10.7,49.4,38.5,8,1,42.5,56,5,AI,13,5,51.2,MEDIUM
PROJ-3093,73.1,13.9,59.2,56.2,7,6,51.3,30,2,IoT,16,9,29.1,MEDIUM
PROJ-3094,83.3,26.8,79.1,80.0,1,1,89.1,73,1,Mobile,5,4,62.8,LOW
PROJ-3095,92.9,25.1,84.6,90.9,1,2,60.8,7,4,Research,11,10,96.9,LOW
PROJ-3096,77.2,17.4,64.4,40.0,3,2,58.0,33,1,Research,5,2,41.3,MEDIUM
PROJ-3097,78.6,20.0,56.0,41.7,7,2,38.0,65,7,Mobile,12,5,41.8,MEDIUM
PROJ-3098,91.9,12.2,63.8,17.4,19,3,30.9,66,4,IoT,23,4,56.1,MEDIUM
PROJ-3099,73.7,15.9,87.8,54.5,10,0,82.3,81,6,Research,22,12,79.1,LOW
PROJ-3100,70.0,23.3,72.7,100.0,0,1,47.7,64,6,Mobile,13,13,59.4,LOW
PROJ-3101,87.9,15.7,68.6,77.8,4,0,98.9,90,2,AI,18,14,72.6,LOW
PROJ-3102,80.7,12.1,60.1,54.5,5,3,65.7,53,3,IoT,11,6,49.1,LOW
PROJ-3103,61.6,27.0,40.7,37.0,17,1,29.2,67,6,Research,27,10,39.1,MEDIUM
PROJ-3104,67.0,5.9,57.5,20.0,8,4,45.4,39,3,Research,10,2,37.4,HIGH
PROJ-3105,78.8,4.2,73.9,50.0,7,3,44.4,16,2,IoT,14,7,,HIGH
PROJ-3106,59.2,20.4,,41.2,10,2,46.8,64,2,AI,17,7,45.5,MEDIUM
PROJ-3107,85.8,24.8,91.6,60.0,8,0,60.0,30,7,Web,20,12,41.0,LOW
PROJ-3108,78.7,7.8,69.5,42.9,8,2,31.3,30,6,IoT,14,6,36.5,HIGH
PROJ-3109,64.9,1.0,79.1,26.7,11,6,0.0,33,1,Mobile,15,4,34.9,HIGH
PROJ-3110,72.0,25.5,70.8,68.2,7,3,,58,7,Mobile,22,15,81.5,LOW
PROJ-3111,57.3,2.6,46.0,28.6,20,2,18.6,29,4,Web,28,8,36.6,HIGH
PROJ-3112,99.0,4.0,44.8,50.0,7,0,32.1,60,3,AI,14,7,43.1,MEDIUM
PROJ-3113,58.1,3.4,31.9,46.2,14,5,66.6,32,3,IoT,26,12,9.7,HIGH
PROJ-3114,87.6,12.2,63.7,72.7,3,1,71.7,80,3,Web,11,8,75.8,LOW
PROJ-3115,66.2,13.6,78.9,53.6,13,4,47.6,13,1,AI,28,15,45.1,MEDIUM
PROJ-3116,57.4,3.8,37.7,22.2,7,2,22.3,2,2,Research,9,2,51.7,HIGH
PROJ-3117,73.6,20.0,73.2,53.8,6,1,79.7,42,4,IoT,13,7,100.0,LOW
PROJ-3118,65.1,13.7,52.0,36.4,14,3,38.4,63,7,Research,22,8,57.3,MEDIUM
PROJ-3119,92.9,14.1,69.0,46.2,14,1,95.2,55,7,AI,26,12,78.6,LOW
PROJ-3120,59.2,10.0,74.8,52.9,8,3,,43,5,Web,17,9,55.2,MEDIUM
PROJ-3121,58.3,15.6,44.9,30.8,9,5,70.2,1,6,Research,13,4,27.5,HIGH
PROJ-3122,68.6,15.9,48.6,60.0,4,2,32.7,48,4,Web,10,6,71.5,MEDIUM
PROJ-3123,88.3,5.5,64.0,56.0,11,1,56.6,21,4,Web,25,14,54.5,MEDIUM
PROJ-3124,89.6,1.9,69.3,60.0,10,2,61.8,37,7,AI,25,15,27.3,MEDIUM
PROJ-3125,100.0,16.3,53.7,66.7,2,2,,51,4,Mobile,6,4,71.9,LOW
PROJ-3126,73.7,11.9,73.2,55.0,9,1,63.9,13,6,AI,20,11,17.0,MEDIUM
PROJ-3127,62.7,11.3,79.2,50.0,12,0,59.3,64,7,AI,24,12,48.8,MEDIUM
PROJ-3128,61.0,13.4,55.2,31.6,13,6,54.6,61,4,Mobile,19,6,,HIGH
PROJ-3129,76.4,22.4,,61.1,7,1,66.0,44,3,Research,18,11,82.8,LOW
PROJ-3130,72.4,9.6,68.1,53.8,6,4,37.3,19,3,Mobile,13,7,32.7,HIGH
PROJ-3131,47.2,3.6,29.0,19.2,21,1,8.2,32,4,IoT,26,5,43.3,HIGH
PROJ-3132,57.0,2.1,46.8,50.0,9,1,46.1,16,2,AI,18,9,30.2,MEDIUM
PROJ-3133,60.7,14.6,60.4,38.5,16,4,61.9,1,7,Research,26,10,67.5,MEDIUM
PROJ-3134,57.9,4.8,75.9,5.0,19,4,52.0,35,3,IoT,20,1,36.2,HIGH
PROJ-3135,60.5,7.6,73.6,16.7,20,2,23.2,40,5,Mobile,24,4,25.6,HIGH
PROJ-3136,70.7,9.7,51.7,0.0,13,6,46.1,31,7,Research,13,0,50.7,HIGH
PROJ-3137,69.9,17.0,63.3,51.7,14,3,65.9,18,7,Mobile,29,15,59.0,MEDIUM
PROJ-3138,73.0,,77.1,75.0,5,1,59.1,8,5,Mobile,20,15,59.5,LOW
PROJ-3139,47.7,4.8,48.0,42.3,15,2,9.3,21,5,Research,26,11,36.5,HIGH
PROJ-3140,90.2,23.0,81.2,50.0,4,2,54.6,85,6,AI,8,4,69.1,LOW
PROJ-3141,94.4,21.6,75.4,80.0,1,4,74.7,30,1,Mobile,5,4,63.5,LOW
PROJ-3142,89.1,21.7,59.5,65.5,10,1,79.2,22,3,AI,29,19,87.5,LOW
PROJ-3143,38.2,1.7,62.0,23.1,10,2,37.5,11,2,Mobile,13,3,11.8,HIGH
PROJ-3144,100.0,21.3,71.1,47.4,10,2,54.3,9,2,Mobile,19,9,39.6,MEDIUM
PROJ-3145,80.8,13.8,51.2,47.6,11,1,7.7,18,7,Research,21,10,1.5,HIGH
PROJ-3146,96.7,10.9,43.3,33.3,4,2,64.0,12,1,IoT,6,2,35.9,MEDIUM
PROJ-3147,76.4,13.1,65.8,62.5,6,5,48.0,21,6,AI,16,10,23.9,MEDIUM
PROJ-3148,93.7,7.2,75.9,60.0,6,1,75.1,59,4,Mobile,15,9,50.3,LOW
PROJ-3149,85.6,11.9,33.0,42.9,4,6,30.6,10,2,AI,7,3,25.0,HIGH
PROJ-3150,67.3,9.0,62.1,37.0,17,3,38.4,26,2,AI,27,10,3.1,HIGH
PROJ-3151,66.1,21.1,81.5,86.7,2,1,83.2,15,7,Research,15,13,46.2,LOW
PROJ-3152,47.6,1.4,42.2,45.5,6,4,8.4,1,6,IoT,11,5,39.0,HIGH
PROJ-3153,78.8,31.9,62.3,60.0,4,1,32.9,45,2,AI,10,6,57.5,LOW
PROJ-3154,70.2,13.2,68.8,75.0,2,2,52.1,1,3,IoT,8,6,24.1,MEDIUM
PROJ-3155,69.6,18.9,67.4,46.2,7,0,76.6,24,6,Research,13,6,83.4,LOW
PROJ-3156,51.0,10.8,52.4,5.3,18,6,45.0,17,3,Mobile,19,1,5.2,HIGH
PROJ-3157,51.3,15.9,79.2,25.9,20,4,,18,4,Research,27,7,50.2,MEDIUM
PROJ-3158,82.0,12.2,59.2,62.5,6,4,32.9,57,7,Mobile,16,10,35.1,MEDIUM
PROJ-3159,93.2,25.1,83.6,66.7,2,0,71.7,62,7,AI,6,4,75.0,LOW
PROJ-3160,60.3,12.0,72.2,36.4,7,3,42.5,41,7,Web,11,4,36.6,MEDIUM
PROJ-3161,68.7,6.8,58.5,46.2,7,1,35.3,16,6,Research,13,6,31.6,HIGH
PROJ-3162,54.3,9.2,56.3,30.0,7,2,22.6,32,6,IoT,10,3,25.3,HIGH
PROJ-3163,71.6,5.8,38.4,22.2,7,2,65.9,44,2,Research,9,2,15.3,HIGH
PROJ-3164,45.1,1.4,30.8,23.1,10,4,36.3,1,1,AI,13,3,27.6,HIGH
PROJ-3165,82.5,26.8,76.9,50.0,5,1,91.3,53,1,IoT,10,5,57.1,LOW
PROJ-3166,88.7,11.7,71.6,69.2,8,0,53.6,56,1,Mobile,26,18,34.1,MEDIUM
PROJ-3167,51.0,10.0,69.3,25.0,6,3,44.2,1,5,Mobile,8,2,16.2,HIGH
PROJ-3168,63.5,20.2,31.3,42.9,4,2,60.0,51,2,Web,7,3,79.1,MEDIUM
PROJ-3169,70.1,21.7,73.6,100.0,0,0,68.9,55,6,IoT,8,8,61.9,LOW
PROJ-3170,63.8,12.1,55.3,53.8,12,5,58.4,43,1,Research,26,14,57.1,MEDIUM
PROJ-3171,58.8,12.0,45.6,37.5,5,2,45.5,18,3,Web,8,3,39.8,MEDIUM
PROJ-3172,,20.8,24.9,35.7,9,2,56.1,10,5,Research,14,5,24.6,HIGH
PROJ-3173,82.3,16.2,63.3,68.8,5,0,80.4,20,4,Web,16,11,54.1,LOW
PROJ-3174,90.6,16.1,90.0,56.5,10,0,95.4,27,5,Web,23,13,69.5,LOW
PROJ-3175,76.4,25.2,56.5,72.2,5,0,77.7,39,3,AI,18,13,78.5,LOW
PROJ-3176,82.7,10.6,48.5,9.1,20,2,31.2,1,3,AI,22,2,43.6,HIGH
PROJ-3177,74.0,10.8,87.4,50.0,8,4,49.8,15,3,AI,16,8,38.1,MEDIUM
PROJ-3178,69.0,18.7,94.3,57.1,3,0,60.3,30,7,Mobile,7,4,57.8,LOW
PROJ-3179,67.1,1.0,50.0,44.4,5,2,31.5,16,2,Mobile,9,4,,HIGH
PROJ-3180,72.5,24.1,86.9,83.3,3,0,63.3,72,6,Research,18,15,76.1,LOW
PROJ-3181,82.4,12.3,67.5,25.0,18,2,62.7,35,4,Research,24,6,32.4,MEDIUM
PROJ-3182,68.9,13.5,48.5,70.0,6,2,83.6,22,5,IoT,20,14,31.5,MEDIUM
PROJ-3183,48.4,6.3,70.1,50.0,13,2,30.3,26,6,Web,26,13,40.0,HIGH
PROJ-3184,79.5,5.9,78.0,52.2,11,1,60.1,29,4,AI,23,12,62.9,MEDIUM
PROJ-3185,93.0,15.4,59.2,57.1,6,1,78.4,82,6,Research,14,8,65.2,LOW
PROJ-3186,85.7,18.9,71.6,66.7,3,1,95.7,30,6,Mobile,9,6,49.7,LOW
PROJ-3187,60.0,4.7,82.2,8.3,11,2,35.8,35,4,Web,12,1,43.3,HIGH
PROJ-3188,53.7,1.0,52.8,50.0,3,9,13.7,25,6,IoT,6,3,34.8,HIGH
PROJ-3189,82.6,19.9,50.3,55.0,9,2,42.7,50,4,AI,20,11,46.4,MEDIUM
PROJ-3190,94.8,20.0,68.7,75.0,6,1,70.7,42,4,Research,24,18,65.4,LOW
PROJ-3191,,16.3,79.8,73.9,6,1,51.1,71,6,Research,23,17,33.9,MEDIUM
PROJ-3192,87.9,19.5,89.8,83.3,2,1,52.6,40,7,Web,12,10,93.4,LOW
PROJ-3193,73.8,21.7,74.5,28.6,15,1,72.8,49,4,Research,21,6,54.7,MEDIUM
PROJ-3194,54.4,17.9,63.7,37.5,15,4,59.0,21,5,IoT,24,9,35.6,MEDIUM
PROJ-3195,69.8,20.2,90.7,55.6,8,0,67.6,31,5,Research,18,10,33.7,LOW
PROJ-3196,67.9,15.9,77.9,42.9,8,0,52.4,38,2,AI,14,6,62.9,LOW
PROJ-3197,45.0,5.8,67.8,26.1,17,1,10.2,41,3,Research,23,6,,HIGH
PROJ-3198,80.9,22.1,67.3,47.6,11,0,90.5,57,3,Mobile,21,10,73.0,LOW
PROJ-3199,93.3,10.5,50.3,55.6,4,1,85.5,55,3,Mobile,9,5,58.8,MEDIUM
PROJ-3200,59.9,2.9,53.1,25.0,6,3,50.4,65,6,Web,8,2,56.6,HIGH
PROJ-3201,55.9,11.8,59.9,9.1,10,8,33.4,14,1,Web,11,1,33.5,HIGH
PROJ-3202,74.9,3.7,74.8,22.2,7,2,16.2,25,5,Web,9,2,52.3,HIGH
PROJ-3203,61.3,26.4,55.4,25.0,9,3,23.0,36,2,Research,12,3,55.0,MEDIUM
PROJ-3204,84.3,19.0,66.3,50.0,10,0,69.9,22,1,AI,20,10,15.9,MEDIUM
PROJ-3205,65.4,8.7,45.4,55.6,4,1,63.5,44,7,IoT,9,5,50.2,MEDIUM
PROJ-3206,83.3,15.8,54.1,71.4,6,0,77.7,58,1,AI,21,15,70.2,LOW
PROJ-3207,62.9,25.1,65.0,50.0,6,0,56.2,38,4,IoT,12,6,60.5,LOW
PROJ-3208,74.7,19.7,62.0,58.8,7,2,68.5,67,6,Mobile,17,10,64.7,LOW
PROJ-3209,94.6,11.9,64.7,95.7,1,2,100.0,62,6,IoT,23,22,51.6,LOW
PROJ-3210,79.2,19.2,59.1,76.5,4,2,17.6,44,7,Mobile,17,13,43.8,MEDIUM
PROJ-3211,76.2,17.2,57.0,85.0,3,3,59.2,38,4,IoT,20,17,54.3,LOW
PROJ-3212,48.1,7.2,52.9,33.3,12,9,51.0,11,5,Web,18,6,45.9,HIGH
PROJ-3213,87.1,23.6,84.7,66.7,3,0,57.8,61,1,Mobile,9,6,,LOW
PROJ-3214,61.4,9.9,14.5,25.0,12,2,31.9,24,5,Web,16,4,43.5,HIGH
PROJ-3215,43.4,12.5,51.3,40.0,9,5,36.9,35,5,IoT,15,6,5.0,HIGH
PROJ-3216,87.1,13.2,88.0,57.1,3,2,67.0,40,3,IoT,7,4,56.0,LOW
PROJ-3217,55.2,2.7,51.5,0.0,7,5,27.7,69,1,IoT,7,0,32.5,HIGH
PROJ-3218,76.5,27.7,66.3,53.8,12,1,100.0,53,7,Web,26,14,41.1,LOW
PROJ-3219,69.7,15.6,58.0,16.7,20,4,19.5,16,7,AI,24,4,30.0,HIGH
PROJ-3220,67.5,22.8,61.2,53.8,6,3,50.5,29,5,Research,13,7,61.8,MEDIUM
PROJ-3221,56.0,3.8,39.8,15.4,22,5,24.1,11,3,IoT,26,4,43.8,HIGH
PROJ-3222,62.8,17.1,89.6,81.8,2,2,74.8,4,6,Research,11,9,95.6,LOW
PROJ-3223,48.1,6.9,71.8,16.7,10,4,27.2,19,1,Mobile,12,2,2.6,HIGH
PROJ-3224,73.7,13.2,58.8,26.9,19,4,9.8,1,6,Research,26,7,18.6,HIGH
PROJ-3225,76.4,6.3,85.7,62.5,3,0,67.9,46,7,Research,8,5,46.4,MEDIUM
PROJ-3226,85.7,11.2,83.5,33.3,4,2,43.5,65,1,AI,6,2,65.2,MEDIUM
PROJ-3227,84.5,8.2,99.4,26.3,14,1,25.9,1,1,Web,19,5,22.2,HIGH
PROJ-3228,45.8,8.9,47.1,22.2,14,8,34.0,24,6,AI,18,4,31.7,HIGH
PROJ-3229,,11.3,100.0,70.8,7,1,67.5,11,7,AI,24,17,61.7,LOW
PROJ-3230,89.3,18.4,67.2,61.1,7,0,61.5,61,4,Mobile,18,11,66.2,LOW
PROJ-3231,81.2,15.6,70.2,21.4,22,2,37.0,75,4,Mobile,28,6,31.2,MEDIUM
PROJ-3232,76.1,17.5,44.2,63.6,4,3,31.8,38,3,IoT,11,7,10.6,MEDIUM
PROJ-3233,62.1,15.3,56.3,26.3,14,0,54.2,49,4,IoT,19,5,56.0,MEDIUM
PROJ-3234,74.7,15.5,82.4,12.5,7,6,37.6,1,6,Web,8,1,35.8,HIGH
PROJ-3235,62.4,6.0,51.7,50.0,5,1,60.8,56,2,Web,10,5,69.9,MEDIUM
PROJ-3236,71.9,25.3,,50.0,7,0,70.0,33,6,Mobile,14,7,75.4,LOW
PROJ-3237,71.0,1.0,59.3,29.6,19,4,49.4,10,7,AI,27,8,10.6,HIGH
PROJ-3238,88.8,18.4,100.0,78.6,6,0,100.0,62,2,IoT,28,22,61.5,LOW
PROJ-3239,64.6,,44.2,25.0,18,3,22.3,18,3,Research,24,6,49.4,HIGH
PROJ-3240,46.1,9.7,46.5,7.1,26,5,30.4,29,7,AI,28,2,9.5,HIGH
PROJ-3241,,16.9,94.1,75.0,6,1,87.2,53,5,Research,24,18,74.4,LOW
PROJ-3242,88.9,26.7,80.9,51.7,14,0,64.0,62,7,Mobile,29,15,92.5,LOW
PROJ-3243,71.2,5.5,59.5,44.4,10,5,41.2,21,4,AI,18,8,28.0,HIGH
PROJ-3244,86.0,10.5,58.5,80.0,3,0,66.5,70,6,IoT,15,12,57.5,LOW
PROJ-3245,88.7,18.0,63.7,61.5,5,4,50.6,29,7,Web,13,8,30.6,MEDIUM
PROJ-3246,65.9,16.7,85.6,69.2,4,1,85.4,47,4,Research,13,9,50.5,LOW
PROJ-3247,60.6,15.1,73.7,45.5,12,2,61.1,35,5,AI,22,10,52.0,MEDIUM
PROJ-3248,58.9,1.0,67.5,52.4,10,9,45.0,6,3,IoT,21,11,17.9,HIGH
PROJ-3249,87.1,28.0,55.8,83.3,1,0,50.1,80,7,Research,6,5,70.8,LOW
PROJ-3250,52.9,3.4,61.6,11.1,16,1,54.9,80,3,IoT,18,2,57.1,MEDIUM
PROJ-3251,54.2,16.6,38.2,25.0,6,1,42.3,1,3,Mobile,8,2,52.5,MEDIUM
PROJ-3252,59.3,1.0,61.4,40.7,16,1,42.6,46,5,Mobile,27,11,47.8,MEDIUM
PROJ-3253,59.2,18.9,68.5,75.0,3,2,60.6,1,4,Web,12,9,38.5,MEDIUM
PROJ-3254,49.9,12.7,79.0,55.0,9,5,22.8,1,1,Research,20,11,7.6,HIGH
PROJ-3255,49.4,9.7,62.4,36.4,7,1,61.1,8,2,AI,11,4,98.2,MEDIUM
PROJ-3256,65.9,3.4,61.7,56.2,7,0,65.4,64,4,AI,16,9,31.2,MEDIUM
PROJ-3257,64.2,8.7,61.1,57.1,3,3,73.3,35,6,Research,7,4,75.4,MEDIUM
PROJ-3258,88.6,9.8,87.1,50.0,6,5,45.4,38,6,Research,12,6,59.6,MEDIUM
PROJ-3259,49.6,1.0,63.8,21.4,22,3,39.2,1,6,Mobile,28,6,26.4,HIGH
PROJ-3260,64.3,9.5,66.0,73.1,7,2,56.7,18,2,Web,26,19,57.2,MEDIUM
PROJ-3261,80.6,22.9,81.8,75.0,2,2,89.7,2,7,Research,8,6,58.0,LOW
PROJ-3262,60.5,5.2,87.1,41.7,14,2,46.7,68,2,Mobile,24,10,65.0,MEDIUM
PROJ-3263,68.8,16.2,28.5,23.1,10,0,32.5,1,4,Research,13,3,26.9,HIGH
PROJ-3264,81.3,17.5,60.4,26.7,11,1,,15,4,IoT,15,4,55.2,MEDIUM
PROJ-3265,77.0,26.4,67.3,65.0,7,1,75.0,32,4,AI,20,13,66.2,LOW
PROJ-3266,63.9,3.8,54.1,21.4,22,3,2.9,15,7,Mobile,28,6,12.4,HIGH
PROJ-3267,70.6,11.8,77.2,72.0,7,2,55.1,35,1,Web,25,18,55.5,MEDIUM
PROJ-3268,57.2,4.7,56.8,33.3,4,4,25.7,15,1,Web,6,2,25.4,HIGH
PROJ-3269,100.0,16.7,74.2,100.0,0,1,98.7,48,5,Research,28,28,61.9,LOW
PROJ-3270,61.4,3.1,60.3,44.8,16,4,6.6,21,1,Research,29,13,26.2,HIGH
PROJ-3271,77.2,25.9,69.3,66.7,3,1,78.4,30,7,Web,9,6,61.1,LOW
PROJ-3272,100.0,11.7,70.8,95.7,1,0,57.1,39,5,Mobile,23,22,80.0,LOW
PROJ-3273,67.3,12.9,55.1,22.2,14,3,15.6,44,1,AI,18,4,20.3,HIGH
PROJ-3274,73.2,17.2,46.6,37.5,5,1,64.0,35,4,AI,8,3,59.3,MEDIUM
PROJ-3275,58.0,6.3,52.4,16.7,5,3,34.3,8,5,Research,6,1,21.9,HIGH
PROJ-3276,71.6,4.9,55.4,0.0,5,3,28.2,40,3,IoT,5,0,28.5,HIGH
PROJ-3277,65.8,27.0,91.5,80.0,1,1,58.1,50,2,Web,5,4,60.3,LOW
PROJ-3278,53.5,8.3,65.0,12.5,14,6,37.1,9,6,AI,16,2,32.1,HIGH
PROJ-3279,88.5,23.0,79.7,71.4,6,1,46.2,45,2,Research,21,15,,LOW
PROJ-3280,81.3,12.0,96.8,53.3,7,0,85.8,18,7,AI,15,8,,LOW
PROJ-3281,,21.5,72.0,57.1,6,1,80.3,33,6,IoT,14,8,84.0,LOW
PROJ-3282,57.8,,34.2,7.7,24,1,29.5,19,3,AI,26,2,7.8,HIGH
PROJ-3283,83.9,12.9,71.5,88.2,2,2,52.1,1,7,IoT,17,15,73.1,MEDIUM
PROJ-3284,58.4,18.5,65.0,47.4,10,4,74.1,29,7,Web,19,9,60.5,MEDIUM
PROJ-3285,59.5,9.7,52.7,33.3,10,5,36.2,1,7,Web,15,5,22.1,HIGH
PROJ-3286,55.6,12.3,54.4,36.4,14,1,29.0,38,3,Web,22,8,7.4,HIGH
PROJ-3287,56.5,1.0,27.6,48.1,14,4,79.5,38,1,Mobile,27,13,3.5,HIGH
PROJ-3288,,17.7,88.4,72.7,3,0,100.0,69,7,IoT,11,8,94.4,LOW
PROJ-3289,86.1,10.0,75.6,70.4,8,1,90.9,89,3,Research,27,19,81.9,LOW
PROJ-3290,45.3,12.7,39.7,22.2,7,8,22.1,16,1,Research,9,2,48.2,HIGH
PROJ-3291,40.1,1.0,36.6,31.2,11,1,54.4,17,2,AI,16,5,46.7,HIGH
PROJ-3292,77.4,12.0,64.7,40.0,15,3,38.5,30,4,AI,25,10,23.5,HIGH
PROJ-3293,93.9,21.3,80.0,95.7,1,0,63.5,81,7,AI,23,22,72.6,LOW
PROJ-3294,63.0,16.1,77.1,66.7,4,3,52.3,71,6,Web,12,8,48.1,MEDIUM
PROJ-3295,82.1,21.2,84.8,75.0,7,1,66.6,3,7,Web,28,21,93.4,LOW
PROJ-3296,97.4,30.2,74.0,72.7,3,0,71.0,63,7,Mobile,11,8,86.7,LOW
PROJ-3297,50.8,11.4,71.0,20.0,4,3,33.5,38,5,Web,5,1,27.4,HIGH
PROJ-3298,84.4,12.2,68.1,79.2,5,3,76.2,40,1,Research,24,19,54.8,LOW
PROJ-3299,93.8,26.2,75.1,76.9,3,0,81.7,72,1,Web,13,10,74.9,LOW
PROJ-3300,100.0,14.1,61.5,54.5,10,2,67.8,68,2,IoT,22,12,55.5,LOW
PROJ-3301,,20.1,72.0,70.4,8,0,72.5,31,4,Research,27,19,62.9,LOW
PROJ-3302,,4.2,58.2,40.0,6,2,16.9,13,1,AI,10,4,11.7,HIGH
PROJ-3303,57.3,9.1,59.3,20.8,19,5,27.7,12,1,Web,24,5,15.1,HIGH
PROJ-3304,68.9,10.1,64.1,57.1,3,3,52.6,2,3,AI,7,4,60.7,MEDIUM
PROJ-3305,75.1,11.6,45.0,60.0,8,1,76.8,48,2,Mobile,20,12,,LOW
PROJ-3306,,9.9,41.7,26.3,14,3,27.7,36,4,IoT,19,5,27.4,HIGH
PROJ-3307,73.2,1.0,50.9,60.0,8,0,51.3,4,2,AI,20,12,,MEDIUM
PROJ-3308,73.7,7.0,37.8,40.0,6,3,24.9,8,5,AI,10,4,12.5,HIGH
PROJ-3309,55.8,7.1,55.2,28.6,10,6,42.0,16,4,AI,14,4,34.2,HIGH
PROJ-3310,55.6,12.1,24.8,37.5,5,6,43.2,9,6,Web,8,3,25.8,HIGH
PROJ-3311,57.3,20.0,55.0,60.0,10,6,52.1,42,2,IoT,25,15,88.4,MEDIUM
PROJ-3312,76.4,14.3,69.1,43.8,9,1,65.2,29,6,Web,16,7,53.4,MEDIUM
PROJ-3313,81.4,13.4,65.4,62.5,3,1,75.6,45,4,Research,8,5,,LOW
PROJ-3314,54.1,8.2,52.7,11.8,15,5,32.3,22,5,AI,17,2,40.9,HIGH
PROJ-3315,73.1,13.7,58.3,37.5,5,4,65.3,59,5,Research,8,3,38.2,MEDIUM
PROJ-3316,79.9,,66.0,40.0,15,2,68.2,6,6,AI,25,10,47.7,MEDIUM
PROJ-3317,91.3,10.7,43.5,20.0,4,5,34.9,31,1,Research,5,1,21.7,HIGH
PROJ-3318,65.7,28.5,86.5,63.2,7,3,53.3,46,1,IoT,19,12,65.7,LOW
PROJ-3319,60.7,10.7,57.7,4.0,24,5,30.0,14,2,IoT,25,1,19.9,HIGH
PROJ-3320,85.2,19.4,52.4,62.1,11,0,51.2,16,7,IoT,29,18,56.6,MEDIUM
PROJ-3321,83.8,27.2,60.3,54.5,5,3,64.2,71,4,IoT,11,6,71.6,LOW
PROJ-3322,79.3,28.6,81.0,80.0,1,0,100.0,56,3,Mobile,5,4,62.5,LOW
PROJ-3323,56.4,1.8,62.5,23.5,13,7,27.4,24,5,Web,17,4,25.2,HIGH
PROJ-3324,51.5,23.4,46.8,42.3,15,2,32.7,50,7,Mobile,26,11,72.3,MEDIUM
PROJ-3325,60.3,6.4,35.0,16.7,5,5,12.8,36,2,Research,6,1,47.1,HIGH
PROJ-3326,74.8,18.0,92.1,50.0,9,1,97.1,56,2,Web,18,9,61.8,LOW
PROJ-3327,60.9,11.7,57.4,68.8,5,4,37.2,17,3,Mobile,16,11,42.5,MEDIUM
PROJ-3328,78.1,7.9,67.9,47.6,11,4,47.9,75,5,AI,21,10,56.1,MEDIUM
PROJ-3329,67.5,10.7,53.4,0.0,11,4,45.3,26,3,IoT,11,0,36.3,HIGH
PROJ-3330,55.6,13.8,82.9,47.6,11,5,55.7,62,7,Web,21,10,,MEDIUM
PROJ-3331,75.7,30.5,69.1,63.6,4,1,63.6,54,3,Mobile,11,7,74.2,LOW
PROJ-3332,82.7,30.4,54.7,61.1,7,0,68.3,43,1,Research,18,11,38.8,LOW
PROJ-3333,,18.5,74.3,61.5,10,1,62.4,45,3,Web,26,16,81.6,LOW
PROJ-3334,61.9,11.0,42.5,38.9,11,6,29.1,1,6,Mobile,18,7,40.0,HIGH
PROJ-3335,51.2,4.9,,18.2,9,6,45.5,6,2,Mobile,11,2,21.8,HIGH
PROJ-3336,82.9,,48.0,30.0,14,1,47.9,16,4,Research,20,6,52.2,MEDIUM
PROJ-3337,100.0,13.7,81.6,91.3,2,3,84.4,12,5,AI,23,21,,LOW
PROJ-3338,60.4,5.9,53.0,15.4,11,5,86.4,12,1,AI,13,2,50.3,HIGH
PROJ-3339,67.9,6.1,54.1,42.9,8,3,70.7,17,1,AI,14,6,6.4,HIGH
PROJ-3340,67.7,8.8,35.5,45.5,6,8,15.8,32,7,Mobile,11,5,16.3,HIGH
PROJ-3341,82.8,14.3,72.7,100.0,0,0,97.6,57,7,Web,5,5,72.9,LOW
PROJ-3342,71.4,17.1,92.7,50.0,6,2,52.7,85,3,Web,12,6,56.3,MEDIUM
PROJ-3343,84.1,15.9,78.2,63.6,4,0,72.7,23,3,AI,11,7,60.8,LOW
PROJ-3344,84.7,17.0,90.4,78.9,4,3,49.9,33,4,IoT,19,15,85.3,LOW
PROJ-3345,64.7,15.2,,22.2,7,2,23.3,12,4,AI,9,2,41.5,HIGH
PROJ-3346,81.8,16.9,47.9,55.6,4,3,21.7,49,2,AI,9,5,49.4,MEDIUM
PROJ-3347,71.8,12.5,50.9,34.8,15,4,15.8,28,1,Mobile,23,8,4.7,HIGH
PROJ-3348,81.5,15.3,47.7,56.5,10,10,43.1,47,1,AI,23,13,42.2,MEDIUM
PROJ-3349,100.0,14.6,51.6,50.0,8,1,,43,5,Research,16,8,77.0,MEDIUM
PROJ-3350,72.2,8.4,52.1,33.3,8,7,27.4,30,6,Web,12,4,26.5,HIGH
PROJ-3351,,12.3,31.7,50.0,3,3,26.4,31,5,AI,6,3,21.5,HIGH
PROJ-3352,88.8,20.4,76.7,29.2,17,3,43.2,63,5,AI,24,7,38.2,MEDIUM
PROJ-3353,83.4,17.5,88.2,61.5,5,1,67.7,53,4,Research,13,8,63.6,LOW
PROJ-3354,95.3,13.0,84.1,66.7,2,1,57.1,48,2,AI,6,4,76.7,LOW
PROJ-3355,51.3,8.7,46.5,48.1,14,4,25.2,19,2,Web,27,13,12.7,HIGH
PROJ-3356,64.1,4.5,65.8,18.8,13,3,35.0,30,3,Web,16,3,49.9,HIGH
PROJ-3357,76.8,24.6,74.2,79.3,6,0,76.6,45,2,IoT,29,23,67.3,LOW
PROJ-3358,88.6,25.2,61.5,63.0,10,1,55.7,73,1,IoT,27,17,,LOW
PROJ-3359,62.2,5.3,58.2,45.0,11,2,34.0,64,7,Mobile,20,9,68.9,MEDIUM
PROJ-3360,96.7,23.1,67.7,57.1,3,0,70.9,23,7,Web,7,4,70.6,LOW
PROJ-3361,55.4,10.2,54.1,33.3,12,6,50.4,1,4,IoT,18,6,1.0,HIGH
PROJ-3362,78.5,11.0,,42.3,15,6,39.7,18,4,Web,26,11,60.2,MEDIUM
PROJ-3363,62.4,1.0,57.9,28.6,5,2,37.7,14,4,IoT,7,2,40.9,HIGH
PROJ-3364,57.8,14.6,73.5,61.9,8,2,74.2,27,3,IoT,21,13,64.1,LOW
PROJ-3365,88.0,14.0,66.2,50.0,7,2,25.7,52,7,IoT,14,7,51.7,MEDIUM
PROJ-3366,68.2,17.2,47.0,58.6,12,6,59.2,28,1,IoT,29,17,55.6,MEDIUM
PROJ-3367,75.5,16.8,76.6,41.7,14,0,72.5,13,6,Mobile,24,10,91.4,LOW
PROJ-3368,72.2,17.3,44.0,20.0,4,2,13.7,42,5,IoT,5,1,55.8,MEDIUM
PROJ-3369,84.7,16.4,68.1,71.4,8,3,62.5,70,1,Mobile,28,20,40.1,MEDIUM
PROJ-3370,66.0,11.5,72.5,25.0,9,8,15.2,15,5,IoT,12,3,41.9,HIGH
PROJ-3371,58.9,5.2,51.3,40.7,16,3,34.8,39,5,Research,27,11,27.6,HIGH
PROJ-3372,91.2,,49.0,67.9,9,1,80.3,57,6,Web,28,19,41.2,LOW
PROJ-3373,61.4,1.6,40.5,60.7,11,3,13.1,6,6,Research,28,17,29.2,HIGH
PROJ-3374,95.5,15.1,55.1,37.5,10,0,56.4,32,7,IoT,16,6,37.3,MEDIUM
PROJ-3375,87.8,12.1,69.5,76.5,4,2,81.0,55,6,IoT,17,13,80.5,LOW
PROJ-3376,44.0,13.9,63.3,15.4,11,4,53.8,8,4,Mobile,13,2,34.0,HIGH
PROJ-3377,75.1,12.3,49.4,0.0,6,6,,40,7,IoT,6,0,19.6,HIGH
PROJ-3378,81.2,4.3,82.0,43.8,9,7,46.9,28,5,IoT,16,7,25.0,HIGH
PROJ-3379,71.1,1.0,30.2,37.5,15,4,57.6,26,5,Research,24,9,34.9,HIGH
PROJ-3380,60.5,10.1,36.6,0.0,25,2,43.0,17,5,IoT,25,0,34.9,HIGH
PROJ-3381,89.6,21.6,73.9,60.0,2,0,60.0,47,4,Mobile,5,3,49.6,LOW
PROJ-3382,46.0,12.8,36.2,0.0,8,7,50.2,54,1,Web,8,0,37.6,HIGH
PROJ-3383,91.8,25.0,79.1,50.0,5,1,75.4,60,7,Mobile,10,5,54.5,LOW
PROJ-3384,100.0,17.8,76.8,70.0,3,0,83.5,88,3,Research,10,7,78.8,LOW
PROJ-3385,77.1,11.7,51.5,5.3,18,4,26.8,16,1,AI,19,1,63.2,HIGH
PROJ-3386,65.5,13.5,53.9,27.3,16,7,32.4,1,7,Research,22,6,15.3,HIGH
PROJ-3387,75.6,17.4,51.2,37.5,5,3,55.9,18,5,Mobile,8,3,52.6,MEDIUM
PROJ-3388,70.4,32.7,51.1,75.9,7,3,44.3,12,4,AI,29,22,43.1,MEDIUM
PROJ-3389,64.7,18.6,68.6,33.3,8,1,31.5,12,6,Mobile,12,4,47.9,MEDIUM
PROJ-3390,54.3,8.3,90.0,39.1,14,4,61.7,48,3,Web,23,9,46.8,MEDIUM
PROJ-3391,90.4,20.1,45.8,30.4,16,3,36.9,43,6,Mobile,23,7,16.7,HIGH
PROJ-3392,68.4,16.4,67.4,56.2,7,1,97.0,31,6,Mobile,16,9,66.3,LOW
PROJ-3393,55.3,15.1,,18.2,9,3,38.4,47,4,IoT,11,2,11.1,HIGH
PROJ-3394,79.4,27.4,53.6,78.6,3,0,90.5,20,4,Mobile,14,11,70.9,LOW
PROJ-3395,82.0,25.5,48.5,25.0,9,3,69.6,38,7,Research,12,3,48.2,MEDIUM
PROJ-3396,79.7,15.6,70.3,63.2,7,3,13.5,73,3,IoT,19,12,62.7,MEDIUM
PROJ-3397,75.1,,56.0,66.7,6,1,84.4,64,1,Mobile,18,12,75.9,LOW
PROJ-3398,54.8,10.9,46.3,28.6,5,4,21.6,26,5,Web,7,2,10.9,HIGH
PROJ-3399,73.8,5.7,37.7,27.3,8,2,25.5,38,5,Mobile,11,3,31.2,HIGH
PROJ-3400,93.0,21.6,70.5,70.8,7,1,100.0,37,3,Research,24,17,60.9,LOW
PROJ-3401,73.8,15.6,68.4,40.0,3,2,38.5,39,2,AI,5,2,19.2,HIGH
PROJ-3402,79.6,18.6,85.3,76.2,5,1,69.0,57,1,Mobile,21,16,73.8,LOW
PROJ-3403,67.9,18.4,85.6,69.6,7,0,73.5,77,3,Web,23,16,79.6,LOW
PROJ-3404,66.0,14.9,38.0,33.3,18,2,28.8,16,7,Web,27,9,49.7,MEDIUM
PROJ-3405,79.1,9.9,47.5,47.6,11,2,45.1,14,1,Mobile,21,10,65.3,MEDIUM
PROJ-3406,89.3,8.5,87.4,20.0,16,4,44.4,19,6,Research,20,4,56.2,MEDIUM
PROJ-3407,54.2,3.8,43.4,43.8,9,6,28.5,22,6,Web,16,7,7.1,HIGH
PROJ-3408,95.7,20.9,57.3,60.9,9,1,77.1,44,5,Mobile,23,14,63.5,LOW
PROJ-3409,79.7,18.4,,90.9,2,2,57.8,23,5,Web,22,20,55.5,LOW
PROJ-3410,64.6,13.4,64.0,52.6,9,3,58.9,67,3,Research,19,10,48.6,MEDIUM
PROJ-3411,100.0,16.2,77.4,77.8,6,1,86.2,25,7,Research,27,21,59.4,LOW
PROJ-3412,73.9,20.8,74.8,48.1,14,0,8.9,25,4,Web,27,13,67.8,MEDIUM
PROJ-3413,83.9,20.5,88.5,86.2,4,0,79.9,44,6,Web,29,25,84.1,LOW
PROJ-3414,48.0,21.1,62.2,40.0,9,3,20.7,15,3,AI,15,6,23.3,HIGH
PROJ-3415,66.4,8.3,48.2,6.2,15,6,3.6,17,1,AI,16,1,21.1,HIGH
PROJ-3416,84.9,14.8,47.9,40.0,3,1,60.9,18,3,Web,5,2,16.1,MEDIUM
PROJ-3417,69.3,13.0,58.5,29.4,12,6,26.7,1,7,Research,17,5,0.0,HIGH
PROJ-3418,33.7,6.8,50.5,30.8,18,2,56.5,31,5,AI,26,8,25.8,HIGH
PROJ-3419,67.9,18.4,73.1,72.7,6,2,58.3,54,1,Research,22,16,75.0,LOW
PROJ-3420,84.0,28.2,64.3,66.7,4,0,56.0,12,6,Research,12,8,47.3,LOW
PROJ-3421,70.6,12.4,48.1,22.2,7,5,16.3,24,1,IoT,9,2,27.6,HIGH
PROJ-3422,77.8,9.2,73.7,52.0,12,2,35.5,59,3,AI,25,13,56.3,MEDIUM
PROJ-3423,100.0,27.8,73.7,44.4,5,1,57.9,16,1,Web,9,4,57.7,LOW
PROJ-3424,76.0,25.7,73.2,92.3,1,1,47.8,44,1,IoT,13,12,73.1,LOW
PROJ-3425,79.8,24.5,76.8,80.0,1,0,81.5,49,7,AI,5,4,80.6,LOW
PROJ-3426,56.0,14.5,89.2,56.2,7,3,68.9,13,4,Web,16,9,35.2,MEDIUM
PROJ-3427,69.8,13.1,94.4,60.0,2,1,80.9,49,5,Web,5,3,62.1,LOW
PROJ-3428,81.6,17.1,73.5,30.4,16,0,47.4,85,2,Web,23,7,42.8,MEDIUM
PROJ-3429,98.8,17.1,61.8,42.3,15,1,64.3,32,5,AI,26,11,44.3,LOW
PROJ-3430,84.8,22.7,76.1,54.5,10,0,75.7,65,3,IoT,22,12,61.7,LOW
PROJ-3431,75.2,19.2,68.6,68.2,7,1,,12,2,Research,22,15,,LOW
PROJ-3432,59.8,12.0,40.0,23.8,16,1,36.2,24,6,Research,21,5,47.0,HIGH
PROJ-3433,77.0,5.8,39.0,41.7,7,4,28.9,18,5,AI,12,5,10.6,HIGH
PROJ-3434,84.5,22.8,50.0,78.9,4,1,100.0,11,4,Mobile,19,15,63.4,LOW
PROJ-3435,67.7,5.5,42.6,20.0,8,2,28.9,40,7,Mobile,10,2,16.6,HIGH
PROJ-3436,78.0,11.4,62.2,52.4,10,5,53.6,69,4,Research,21,11,55.2,MEDIUM
PROJ-3437,79.8,27.2,76.2,58.8,7,1,75.4,54,2,Web,17,10,92.7,LOW
PROJ-3438,88.4,20.1,,79.2,5,1,78.4,49,4,Mobile,24,19,73.6,LOW
PROJ-3439,67.9,,69.6,61.9,8,1,66.7,83,4,IoT,21,13,78.5,LOW
PROJ-3440,63.4,5.5,56.2,55.6,8,0,42.8,6,2,Mobile,18,10,62.5,MEDIUM
PROJ-3441,74.5,5.8,50.3,57.1,3,3,58.4,30,1,IoT,7,4,33.8,MEDIUM
PROJ-3442,72.6,15.0,69.4,64.3,5,1,71.4,22,4,Web,14,9,78.6,LOW
PROJ-3443,65.1,1.0,56.8,18.8,13,5,25.5,19,4,Research,16,3,20.3,HIGH
PROJ-3444,58.9,10.6,54.2,16.7,15,1,25.6,3,5,Web,18,3,15.2,HIGH
PROJ-3445,68.0,12.9,16.3,0.0,7,4,41.0,6,5,Web,7,0,33.2,HIGH
PROJ-3446,73.7,21.2,74.7,64.3,5,0,81.3,68,7,Mobile,14,9,80.0,LOW
PROJ-3447,88.0,19.7,42.7,29.6,19,3,47.7,43,3,Web,27,8,89.8,MEDIUM
PROJ-3448,36.2,1.1,24.2,21.4,11,2,14.5,34,7,Research,14,3,23.5,HIGH
PROJ-3449,66.5,7.9,63.4,30.0,14,5,23.2,28,3,IoT,20,6,36.8,HIGH
PROJ-3450,87.9,10.5,53.2,60.0,4,1,70.3,57,3,IoT,10,6,39.3,LOW
PROJ-3451,90.5,10.4,54.6,26.1,17,1,25.8,15,3,IoT,23,6,37.4,HIGH
PROJ-3452,89.7,21.4,70.4,50.0,13,1,83.8,41,2,IoT,26,13,88.6,LOW
PROJ-3453,74.3,2.1,74.6,40.0,6,0,80.9,80,5,IoT,10,4,69.8,LOW
PROJ-3454,60.0,22.4,45.0,46.4,15,1,63.5,51,1,Mobile,28,13,65.6,MEDIUM
PROJ-3455,85.6,22.1,85.5,65.5,10,1,75.4,57,3,IoT,29,19,69.8,LOW
PROJ-3456,85.0,15.6,59.0,54.2,11,1,75.1,31,7,Research,24,13,56.5,LOW
PROJ-3457,50.6,17.7,,75.0,2,1,40.8,7,5,AI,8,6,53.2,MEDIUM
PROJ-3458,90.3,16.4,98.1,83.3,2,1,61.7,56,3,Mobile,12,10,73.3,LOW
PROJ-3459,81.0,18.8,54.3,50.0,4,2,38.2,12,6,AI,8,4,48.8,MEDIUM
PROJ-3460,63.3,11.6,81.5,33.3,4,3,61.6,34,2,IoT,6,2,47.5,MEDIUM
PROJ-3461,66.8,18.0,43.3,40.0,3,1,55.4,25,2,AI,5,2,13.3,MEDIUM
PROJ-3462,60.6,11.2,53.6,33.3,6,1,32.0,22,6,Research,9,3,27.5,HIGH
PROJ-3463,72.0,4.1,65.0,46.4,15,2,31.5,55,3,Web,28,13,16.1,MEDIUM
PROJ-3464,59.9,9.9,67.1,15.4,11,2,33.2,25,7,IoT,13,2,55.0,MEDIUM
PROJ-3465,95.7,23.3,89.1,77.3,5,0,65.4,21,5,IoT,22,17,43.9,LOW
PROJ-3466,69.3,13.8,,76.9,6,0,77.6,28,3,AI,26,20,28.5,MEDIUM
PROJ-3467,76.5,19.6,90.2,60.0,6,1,82.2,42,4,AI,15,9,56.6,LOW
PROJ-3468,65.2,9.3,52.3,14.3,6,6,48.4,40,1,IoT,7,1,28.3,HIGH
PROJ-3469,65.6,1.0,44.3,17.9,23,7,4.0,5,7,Mobile,28,5,46.2,HIGH
PROJ-3470,77.1,25.3,73.9,88.9,1,0,100.0,43,5,Mobile,9,8,43.0,LOW
PROJ-3471,57.8,11.7,4.1,26.7,11,4,16.7,17,6,IoT,15,4,6.4,HIGH
PROJ-3472,69.1,15.7,42.4,25.0,18,1,24.3,25,6,AI,24,6,28.7,HIGH
PROJ-3473,76.0,1.0,,42.9,16,7,28.9,11,7,Research,28,12,33.0,HIGH
PROJ-3474,66.0,20.3,66.0,33.3,4,7,52.4,39,3,Research,6,2,58.1,MEDIUM
PROJ-3475,63.5,3.0,54.5,10.5,17,4,41.7,22,2,Mobile,19,2,,HIGH
PROJ-3476,72.0,15.1,51.4,55.6,4,0,42.2,57,5,Web,9,5,45.5,LOW
PROJ-3477,85.2,21.3,48.9,50.0,4,5,67.7,81,5,Web,8,4,61.8,LOW
PROJ-3478,34.2,14.4,65.2,50.0,3,1,85.7,20,1,AI,6,3,51.0,MEDIUM
PROJ-3479,56.1,1.0,67.0,28.6,5,7,18.2,16,5,IoT,7,2,38.4,HIGH
PROJ-3480,97.2,18.1,56.8,53.8,12,7,58.8,35,7,IoT,26,14,31.9,MEDIUM
PROJ-3481,54.6,4.9,22.5,33.3,18,5,,26,7,AI,27,9,21.6,HIGH
PROJ-3482,76.1,20.2,73.6,50.0,11,2,49.4,41,2,AI,22,11,44.2,MEDIUM
PROJ-3483,71.2,19.9,74.8,50.0,3,1,,20,5,AI,6,3,47.4,MEDIUM
PROJ-3484,60.9,7.8,65.2,42.3,15,2,43.5,42,5,Web,26,11,48.3,MEDIUM
PROJ-3485,68.0,18.2,39.8,50.0,3,4,28.1,52,1,Web,6,3,60.2,MEDIUM
PROJ-3486,76.0,12.0,64.7,14.3,18,1,40.3,36,1,AI,21,3,74.5,MEDIUM
PROJ-3487,91.9,9.9,76.6,33.3,8,1,43.5,42,5,Research,12,4,78.7,MEDIUM
PROJ-3488,67.1,27.5,57.4,23.1,10,4,34.6,14,5,AI,13,3,35.5,MEDIUM
PROJ-3489,51.7,15.9,64.3,50.0,3,3,88.6,28,5,AI,6,3,42.6,MEDIUM
PROJ-3490,72.5,10.6,58.0,53.3,7,1,33.3,30,7,Web,15,8,19.5,MEDIUM
PROJ-3491,51.2,12.5,51.7,20.0,8,4,9.5,29,1,Research,10,2,26.7,HIGH
PROJ-3492,68.7,14.2,83.0,42.9,16,1,,42,6,IoT,28,12,89.9,LOW
PROJ-3493,65.9,3.8,28.9,37.5,5,2,23.9,17,3,Web,8,3,22.2,HIGH
PROJ-3494,45.8,1.0,61.4,20.0,12,5,35.0,47,7,AI,15,3,21.8,HIGH
PROJ-3495,44.5,11.9,40.6,26.9,19,8,46.8,15,7,Web,26,7,56.9,HIGH
PROJ-3496,85.5,7.4,83.7,35.0,13,2,59.3,40,7,Mobile,20,7,44.9,MEDIUM
PROJ-3497,70.3,20.4,37.0,55.2,13,1,45.2,12,5,IoT,29,16,28.2,MEDIUM
PROJ-3498,52.3,7.0,53.4,16.7,5,4,37.7,34,1,Research,6,1,39.7,HIGH
PROJ-3499,52.8,5.1,83.2,64.7,6,1,58.9,21,5,IoT,17,11,40.0,LOW
PROJ-3500,56.5,27.0,76.7,100.0,0,0,73.7,43,1,Mobile,16,16,70.4,LOW
PROJ-3501,64.5,13.6,15.5,10.5,17,4,38.1,17,7,Web,19,2,32.8,HIGH
PROJ-3502,92.7,3.4,50.0,35.7,18,3,82.5,41,7,IoT,28,10,67.0,MEDIUM
PROJ-3503,98.7,14.7,78.8,57.1,9,2,28.6,15,4,Web,21,12,51.7,MEDIUM
PROJ-3504,54.5,9.4,29.6,50.0,13,5,21.1,44,2,Mobile,26,13,28.7,HIGH
PROJ-3505,62.7,1.0,100.0,33.3,4,2,54.0,47,2,IoT,6,2,56.0,MEDIUM
PROJ-3506,63.5,15.4,61.7,26.1,17,5,49.9,26,7,Research,23,6,24.4,HIGH
PROJ-3507,77.0,10.0,59.5,22.2,21,3,52.0,34,2,Research,27,6,19.7,MEDIUM
PROJ-3508,69.7,29.8,71.4,65.0,7,2,85.1,23,4,IoT,20,13,62.7,LOW
PROJ-3509,31.4,,52.1,21.4,11,4,26.1,2,7,AI,14,3,33.5,HIGH
PROJ-3510,90.4,21.6,61.9,63.0,10,2,82.2,62,4,AI,27,17,69.5,LOW
PROJ-3511,92.5,24.9,69.0,44.4,10,0,71.4,50,6,IoT,18,8,56.4,LOW
PROJ-3512,81.4,13.2,78.2,13.3,13,1,68.3,33,6,Research,15,2,36.0,MEDIUM
PROJ-3513,65.7,16.2,61.8,50.0,9,0,63.9,10,5,IoT,18,9,72.6,MEDIUM
PROJ-3514,52.3,5.7,53.7,46.4,15,4,32.9,36,3,IoT,28,13,45.8,HIGH
PROJ-3515,84.1,13.7,81.9,57.1,9,0,85.1,7,4,Research,21,12,62.4,LOW
PROJ-3516,87.0,21.4,61.7,68.4,6,0,21.5,39,2,AI,19,13,92.1,LOW
PROJ-3517,97.8,20.0,79.6,82.8,5,1,,36,2,IoT,29,24,53.7,LOW
PROJ-3518,52.2,1.5,62.2,30.0,14,1,38.1,33,6,IoT,20,6,49.5,HIGH
PROJ-3519,95.6,21.7,90.7,80.0,4,1,61.3,72,1,IoT,20,16,76.1,LOW
PROJ-3520,94.1,25.5,84.9,31.0,20,1,66.2,61,3,Web,29,9,58.6,LOW
PROJ-3521,72.3,21.3,59.8,60.0,8,2,51.6,25,3,IoT,20,12,37.7,MEDIUM
PROJ-3522,62.4,13.6,59.7,62.5,6,0,82.2,59,4,Web,16,10,73.5,LOW
PROJ-3523,,13.9,86.9,78.9,4,3,63.9,50,5,Mobile,19,15,89.5,LOW
PROJ-3524,60.8,20.9,54.4,58.3,5,1,69.2,1,4,IoT,12,7,49.0,MEDIUM
PROJ-3525,81.5,24.4,77.4,73.7,5,1,67.8,46,7,Mobile,19,14,49.3,LOW
PROJ-3526,67.9,13.9,40.7,22.2,7,3,48.2,17,3,Research,9,2,18.4,HIGH
PROJ-3527,79.9,1.0,69.7,25.9,20,4,17.3,43,5,IoT,27,7,28.8,HIGH
PROJ-3528,97.3,26.3,,100.0,0,1,53.7,72,7,Research,21,21,55.5,LOW
PROJ-3529,79.4,12.4,47.1,45.8,13,6,19.3,34,1,Mobile,24,11,26.2,MEDIUM
PROJ-3530,81.8,18.6,71.2,82.4,3,5,77.9,66,3,Mobile,17,14,61.7,LOW
PROJ-3531,84.0,30.3,78.5,85.7,2,1,49.3,23,5,AI,14,12,77.0,LOW
PROJ-3532,,12.8,65.7,85.7,3,1,75.2,47,7,IoT,21,18,49.3,LOW
PROJ-3533,42.3,9.6,30.3,14.3,6,3,45.6,8,3,IoT,7,1,29.3,HIGH
PROJ-3534,74.5,17.5,85.8,83.3,4,3,59.7,7,5,Mobile,24,20,72.7,LOW
PROJ-3535,56.1,14.9,78.5,50.0,10,5,50.5,72,5,IoT,20,10,33.5,LOW
PROJ-3536,73.4,19.6,90.0,56.2,7,5,49.6,70,7,IoT,16,9,40.8,MEDIUM
PROJ-3537,72.0,13.3,30.2,14.3,6,4,9.4,23,6,Web,7,1,9.2,HIGH
PROJ-3538,50.8,14.9,33.4,28.6,5,2,13.6,1,5,AI,7,2,32.4,HIGH
PROJ-3539,64.2,10.6,45.5,33.3,14,3,11.4,10,4,AI,21,7,46.5,HIGH
PROJ-3540,62.8,13.1,74.9,9.1,10,3,,37,7,Web,11,1,21.7,MEDIUM
PROJ-3541,59.0,1.5,72.9,25.0,18,5,40.7,11,6,IoT,24,6,0.0,HIGH
PROJ-3542,78.3,10.5,72.0,10.7,25,6,31.0,16,4,IoT,28,3,15.2,HIGH
PROJ-3543,82.2,24.2,81.0,87.5,2,2,77.4,1,5,Mobile,16,14,56.9,LOW
PROJ-3544,85.9,29.1,74.0,40.0,6,2,48.9,48,5,Research,10,4,68.5,LOW
PROJ-3545,88.8,27.2,78.3,66.7,6,1,79.8,4,6,IoT,18,12,49.0,LOW
PROJ-3546,60.0,7.0,67.4,45.5,12,1,53.2,53,5,AI,22,10,80.5,MEDIUM
PROJ-3547,,22.8,62.4,60.0,2,1,82.5,36,7,AI,5,3,58.6,LOW
PROJ-3548,52.1,12.5,52.7,13.3,13,3,9.7,18,1,IoT,15,2,37.4,HIGH
PROJ-3549,98.4,3.7,82.9,20.0,16,4,43.8,25,6,Web,20,4,35.9,MEDIUM
PROJ-3550,64.2,17.6,,78.6,6,0,42.7,25,5,AI,28,22,32.8,MEDIUM
PROJ-3551,92.7,19.7,57.2,80.0,1,1,98.5,23,7,Research,5,4,48.8,LOW
PROJ-3552,53.2,7.5,52.9,28.6,15,5,47.4,6,2,IoT,21,6,50.2,HIGH
PROJ-3553,83.8,16.4,78.3,52.2,11,0,63.3,31,1,Research,23,12,81.8,LOW
PROJ-3554,88.6,21.6,59.4,80.0,2,1,80.8,90,5,Web,10,8,61.9,LOW
PROJ-3555,88.5,23.8,77.3,77.8,6,3,88.7,52,6,Mobile,27,21,89.3,LOW
PROJ-3556,64.0,20.5,48.0,27.6,21,5,39.2,33,5,IoT,29,8,45.6,MEDIUM
PROJ-3557,67.9,23.4,70.5,66.7,6,1,54.1,2,4,IoT,18,12,50.5,MEDIUM
PROJ-3558,59.8,12.6,74.1,63.0,10,4,36.4,29,5,Web,27,17,40.5,MEDIUM
PROJ-3559,76.7,,74.3,66.7,7,1,60.4,39,5,IoT,21,14,48.0,LOW
PROJ-3560,76.8,17.5,58.1,59.1,9,5,27.7,24,6,IoT,22,13,67.7,MEDIUM
PROJ-3561,55.3,13.3,63.7,24.1,22,2,25.2,34,5,AI,29,7,17.6,MEDIUM
PROJ-3562,60.1,16.4,48.4,31.6,13,4,6.8,20,1,Research,19,6,12.2,HIGH
PROJ-3563,88.2,30.1,83.5,53.6,13,0,97.6,42,2,Web,28,15,60.6,LOW
PROJ-3564,52.9,15.4,83.5,50.0,4,1,55.9,10,6,IoT,8,4,51.5,MEDIUM
PROJ-3565,61.3,5.5,51.7,46.2,7,1,40.6,28,6,Web,13,6,32.6,MEDIUM
PROJ-3566,81.6,23.3,83.2,63.6,8,2,72.8,20,7,Mobile,22,14,70.5,LOW
PROJ-3567,81.8,7.1,27.1,55.6,12,5,49.7,15,2,AI,27,15,12.1,HIGH
PROJ-3568,76.0,19.0,96.0,74.1,7,0,60.9,44,3,Mobile,27,20,54.8,LOW
PROJ-3569,46.8,15.7,90.1,53.8,6,3,54.4,1,3,Web,13,7,65.2,MEDIUM
PROJ-3570,54.1,14.4,47.2,33.3,10,9,15.0,17,3,AI,15,5,38.4,HIGH
PROJ-3571,50.7,6.5,38.8,26.3,14,3,28.5,49,6,Research,19,5,27.0,HIGH
PROJ-3572,88.1,9.0,68.3,64.3,5,0,66.3,46,2,Research,14,9,63.9,LOW
PROJ-3573,57.7,9.3,39.7,50.0,4,2,56.3,24,6,Research,8,4,61.2,MEDIUM
PROJ-3574,66.8,10.2,66.0,25.0,6,1,54.9,34,6,Research,8,2,59.2,MEDIUM
PROJ-3575,67.6,,60.5,15.8,16,3,41.1,50,1,IoT,19,3,31.7,MEDIUM
PROJ-3576,82.0,15.6,,47.6,11,2,25.5,44,5,Mobile,21,10,60.3,MEDIUM
PROJ-3577,93.2,20.1,83.7,45.8,13,1,39.5,36,7,Research,24,11,55.2,MEDIUM
PROJ-3578,47.7,18.1,78.3,0.0,22,3,39.5,13,6,Web,22,0,21.8,HIGH
PROJ-3579,50.9,24.0,65.6,25.0,6,3,30.4,40,7,Web,8,2,27.6,HIGH
PROJ-3580,77.5,25.5,58.5,70.0,6,0,78.3,42,7,AI,20,14,69.9,LOW
PROJ-3581,,1.0,49.8,42.9,4,4,29.6,28,5,Web,7,3,15.9,HIGH
PROJ-3582,60.3,11.0,73.6,40.0,3,4,44.8,77,2,Mobile,5,2,46.5,MEDIUM
PROJ-3583,82.4,11.9,54.3,20.0,12,4,40.4,7,5,Mobile,15,3,44.0,HIGH
PROJ-3584,74.5,20.9,73.0,87.0,3,0,71.8,68,2,Web,23,20,54.4,LOW
PROJ-3585,64.4,12.2,44.4,22.2,14,3,24.6,26,2,Web,18,4,14.9,HIGH
PROJ-3586,63.3,7.6,46.6,46.4,15,5,37.3,30,2,Web,28,13,25.6,HIGH
PROJ-3587,88.8,26.6,65.7,75.0,3,1,69.4,49,2,Research,12,9,78.9,LOW
PROJ-3588,68.0,6.7,66.1,33.3,8,3,47.7,36,6,Web,12,4,16.5,HIGH
PROJ-3589,98.2,22.2,80.9,84.0,4,0,66.5,1,3,Web,25,21,76.5,LOW
PROJ-3590,58.4,12.8,67.1,50.0,3,0,61.8,46,5,IoT,6,3,86.9,LOW
PROJ-3591,76.4,34.2,73.1,56.2,7,1,45.1,60,1,Mobile,16,9,70.2,LOW
PROJ-3592,58.0,15.3,60.1,40.0,6,1,63.9,29,6,Mobile,10,4,53.4,MEDIUM
PROJ-3593,58.0,17.7,67.7,33.3,10,1,30.4,47,4,Research,15,5,18.6,HIGH
PROJ-3594,49.3,18.3,71.8,44.8,16,5,31.2,49,3,Web,29,13,59.6,MEDIUM
PROJ-3595,71.4,16.5,77.8,43.8,9,2,59.8,35,7,IoT,16,7,50.4,MEDIUM
PROJ-3596,,17.9,55.9,52.6,9,0,69.4,22,5,AI,19,10,,LOW
PROJ-3597,77.4,26.6,66.9,75.0,2,1,84.3,63,6,Research,8,6,100.0,LOW
PROJ-3598,69.4,16.0,65.1,7.7,24,5,8.4,7,7,IoT,26,2,28.1,HIGH
PROJ-3599,62.2,,37.0,60.0,8,0,54.7,73,4,Mobile,20,12,77.1,LOW
PROJ-3600,63.4,10.3,40.4,15.0,17,5,36.2,13,3,IoT,20,3,10.8,HIGH
PROJ-3601,73.5,15.8,58.8,55.6,4,1,81.9,12,3,AI,9,5,81.7,LOW
PROJ-3602,84.2,37.7,80.9,50.0,14,1,72.9,53,5,AI,28,14,100.0,LOW
PROJ-3603,42.4,11.3,53.9,28.6,5,1,50.0,46,2,Mobile,7,2,26.0,HIGH
PROJ-3604,66.7,10.9,46.7,28.6,15,9,20.6,38,6,Web,21,6,17.6,HIGH
PROJ-3605,44.2,14.3,67.8,44.0,14,5,44.1,9,6,Web,25,11,10.7,HIGH
PROJ-3606,60.2,14.4,47.1,60.0,2,7,43.9,28,6,Mobile,5,3,21.5,MEDIUM
PROJ-3607,52.9,10.5,60.4,20.0,12,5,30.3,15,2,Mobile,15,3,19.8,HIGH
PROJ-3608,66.6,13.5,72.7,23.1,10,6,49.3,33,1,Web,13,3,,HIGH
PROJ-3609,68.7,14.1,56.1,50.0,4,2,40.4,42,7,AI,8,4,38.3,MEDIUM
PROJ-3610,71.8,25.5,60.8,72.4,8,4,53.5,4,3,AI,29,21,48.7,MEDIUM
PROJ-3611,89.1,14.3,89.3,61.1,7,0,84.5,47,5,Web,18,11,,LOW
PROJ-3612,48.4,16.7,37.8,10.0,9,1,20.2,8,6,AI,10,1,,HIGH
PROJ-3613,54.3,1.0,44.8,37.5,15,2,18.6,14,4,Web,24,9,53.8,HIGH
PROJ-3614,80.9,10.7,63.1,50.0,8,1,68.6,72,4,AI,16,8,77.4,LOW
PROJ-3615,89.2,,38.8,60.0,6,4,48.2,44,3,Mobile,15,9,25.4,MEDIUM
PROJ-3616,67.1,1.3,58.8,40.0,6,2,39.4,30,1,AI,10,4,31.6,HIGH
PROJ-3617,59.2,10.2,61.5,72.4,8,3,57.0,55,6,AI,29,21,55.6,MEDIUM
PROJ-3618,66.4,30.0,74.2,69.2,4,1,99.6,20,1,Mobile,13,9,75.5,LOW
PROJ-3619,61.6,20.1,68.7,50.0,4,0,,56,4,Web,8,4,82.7,LOW
PROJ-3620,76.1,27.1,89.6,80.0,2,2,80.3,65,1,Web,10,8,70.6,LOW
PROJ-3621,60.0,11.4,31.4,46.7,8,4,41.6,31,7,AI,15,7,0.0,HIGH
PROJ-3622,89.8,13.8,78.8,66.7,9,0,52.4,53,5,IoT,27,18,77.4,LOW
PROJ-3623,53.5,1.0,30.9,44.8,16,4,0.0,1,3,AI,29,13,42.5,HIGH
PROJ-3624,51.9,10.3,74.5,44.4,15,0,43.7,31,1,Mobile,27,12,44.8,MEDIUM
PROJ-3625,57.6,14.5,84.5,8.3,22,5,33.8,34,2,Research,24,2,0.0,HIGH
PROJ-3626,100.0,18.2,68.2,78.6,6,0,31.3,57,4,Research,28,22,32.0,LOW
PROJ-3627,59.7,4.7,54.6,20.0,8,2,28.8,14,4,Mobile,10,2,3.0,HIGH
PROJ-3628,55.7,18.0,44.8,50.0,7,0,53.1,36,5,IoT,14,7,49.0,MEDIUM
PROJ-3629,80.2,11.6,59.2,50.0,8,2,55.3,59,6,AI,16,8,52.0,MEDIUM
PROJ-3630,56.9,1.0,28.7,0.0,18,6,30.0,41,4,Mobile,18,0,38.7,HIGH
PROJ-3631,76.4,9.4,58.8,64.7,6,5,80.7,27,4,IoT,17,11,77.1,LOW
PROJ-3632,44.2,2.5,54.0,30.8,18,4,52.5,17,6,Mobile,26,8,12.3,HIGH
PROJ-3633,40.4,,54.8,38.5,8,6,47.8,41,4,Web,13,5,49.2,HIGH
PROJ-3634,89.2,17.4,67.0,59.1,9,5,58.9,44,7,AI,22,13,52.3,MEDIUM
PROJ-3635,69.5,20.5,59.9,54.5,5,2,92.1,29,3,Web,11,6,76.9,LOW
PROJ-3636,49.8,17.5,50.3,45.8,13,2,42.2,50,7,Web,24,11,30.9,MEDIUM
PROJ-3637,87.4,16.8,68.2,64.3,5,1,51.5,58,5,Mobile,14,9,61.9,LOW
PROJ-3638,76.2,21.1,66.7,52.6,9,2,71.2,48,4,IoT,19,10,61.1,MEDIUM
PROJ-3639,77.9,12.6,42.0,25.0,12,4,38.2,32,7,IoT,16,4,41.6,HIGH
PROJ-3640,67.6,2.4,85.5,81.8,4,0,70.2,55,4,IoT,22,18,74.0,LOW
PROJ-3641,85.3,14.5,82.1,71.4,2,2,73.8,52,6,AI,7,5,76.8,LOW
PROJ-3642,74.4,18.6,73.9,48.0,13,1,81.2,53,2,Mobile,25,12,94.2,LOW
PROJ-3643,70.0,23.7,65.3,44.8,16,2,86.4,67,6,AI,29,13,52.5,LOW
PROJ-3644,78.9,8.0,100.0,80.0,1,1,81.5,46,5,Research,5,4,74.9,LOW
PROJ-3645,87.8,10.4,86.4,83.3,1,0,60.2,35,6,Web,6,5,88.3,LOW
PROJ-3646,73.2,15.4,56.2,68.2,7,3,38.4,48,5,Research,22,15,32.7,MEDIUM
PROJ-3647,86.6,25.3,71.1,85.7,1,1,85.5,44,7,AI,7,6,53.7,LOW
PROJ-3648,57.4,11.7,45.5,27.3,8,4,18.7,7,3,Mobile,11,3,32.0,HIGH
PROJ-3649,84.0,18.5,52.7,66.7,4,2,66.9,56,5,Research,12,8,58.5,LOW
PROJ-3650,65.7,11.0,47.6,22.2,7,7,36.7,1,4,AI,9,2,26.4,HIGH
PROJ-3651,81.1,18.2,67.0,50.0,4,0,41.0,21,7,Web,8,4,44.5,MEDIUM
PROJ-3652,57.0,15.0,67.5,40.0,12,4,16.0,33,6,IoT,20,8,21.1,HIGH
PROJ-3653,52.4,12.7,57.4,28.6,10,3,57.5,30,1,AI,14,4,32.7,HIGH
PROJ-3654,79.1,12.5,,57.1,3,1,84.6,74,4,Web,7,4,44.2,LOW
PROJ-3655,81.1,14.6,44.3,21.1,15,2,38.5,29,7,AI,19,4,29.3,HIGH
PROJ-3656,78.8,9.3,55.6,81.2,3,1,,63,6,IoT,16,13,32.6,MEDIUM
PROJ-3657,73.4,23.0,67.2,60.0,2,1,58.3,55,6,AI,5,3,64.0,LOW
PROJ-3658,69.4,9.4,79.9,60.0,4,0,81.0,48,7,Research,10,6,57.2,LOW
PROJ-3659,61.1,16.9,46.5,45.8,13,1,82.4,37,5,Research,24,11,59.0,MEDIUM
PROJ-3660,74.0,20.6,86.0,80.0,5,0,63.6,35,5,Mobile,25,20,55.5,LOW
PROJ-3661,78.8,18.4,90.2,31.2,11,2,33.7,24,2,Web,16,5,,MEDIUM
PROJ-3662,98.7,17.4,85.7,64.3,5,0,72.7,51,3,Web,14,9,75.7,LOW
PROJ-3663,79.8,10.4,57.8,60.0,4,0,75.0,39,2,Mobile,10,6,,LOW
PROJ-3664,46.1,8.0,88.8,20.7,23,8,54.3,1,4,AI,29,6,16.7,HIGH
PROJ-3665,45.0,,42.7,21.7,18,1,72.3,30,2,IoT,23,5,38.2,MEDIUM
PROJ-3666,86.2,14.5,86.3,66.7,4,3,81.1,52,2,Web,12,8,63.0,LOW
PROJ-3667,82.2,14.6,80.8,66.7,5,0,84.3,11,2,AI,15,10,66.8,LOW
PROJ-3668,70.7,9.6,37.1,33.3,14,3,44.6,1,1,Research,21,7,31.6,HIGH
PROJ-3669,76.4,19.5,73.2,84.6,4,1,75.3,19,6,IoT,26,22,65.3,LOW
PROJ-3670,,10.7,70.6,35.7,18,1,48.9,22,4,Web,28,10,67.5,MEDIUM
PROJ-3671,100.0,11.5,65.2,93.3,1,6,58.0,89,5,AI,15,14,,MEDIUM
PROJ-3672,61.7,10.5,60.7,13.8,25,0,37.8,37,6,Web,29,4,20.7,HIGH
PROJ-3673,92.7,24.2,74.8,61.9,8,0,100.0,49,2,Mobile,21,13,52.7,LOW
PROJ-3674,67.9,14.5,61.7,44.4,5,1,52.6,36,7,IoT,9,4,35.1,MEDIUM
PROJ-3675,68.3,21.2,82.7,69.2,4,0,48.2,70,1,Web,13,9,62.0,LOW
PROJ-3676,82.3,13.7,57.4,14.3,12,3,34.6,13,6,IoT,14,2,43.1,HIGH
PROJ-3677,60.0,19.6,47.6,52.6,9,1,18.4,76,7,Mobile,19,10,34.7,MEDIUM
PROJ-3678,61.2,7.0,57.6,47.4,10,2,58.1,11,6,Web,19,9,22.1,HIGH
PROJ-3679,68.7,25.7,59.5,58.8,7,2,59.9,29,3,Mobile,17,10,61.4,LOW
PROJ-3680,86.0,19.4,84.9,78.6,3,2,52.5,78,6,AI,14,11,79.4,LOW
PROJ-3681,52.6,3.5,57.4,16.7,5,3,13.0,26,5,Web,6,1,0.0,HIGH
PROJ-3682,71.3,12.6,98.0,50.0,6,4,82.6,66,2,Research,12,6,72.1,LOW
PROJ-3683,52.9,24.8,80.7,22.2,7,5,63.1,27,3,Mobile,9,2,54.6,MEDIUM
PROJ-3684,74.3,6.4,46.8,48.0,13,0,56.9,20,6,Mobile,25,12,52.4,MEDIUM
PROJ-3685,66.1,23.0,74.9,66.7,7,0,72.3,38,6,Mobile,21,14,77.2,LOW
PROJ-3686,77.6,27.9,92.7,33.3,8,4,35.5,49,2,Web,12,4,53.7,MEDIUM
PROJ-3687,73.0,20.6,68.7,30.8,9,3,50.4,42,1,Research,13,4,14.7,HIGH
PROJ-3688,93.9,25.1,87.9,62.5,3,1,83.9,65,3,IoT,8,5,60.7,LOW
PROJ-3689,85.8,16.2,31.3,42.9,4,2,25.4,64,6,Web,7,3,43.7,MEDIUM
PROJ-3690,69.3,8.3,46.7,55.6,12,4,,4,1,Research,27,15,61.5,MEDIUM
PROJ-3691,78.2,8.4,50.4,25.0,12,2,44.5,16,4,Research,16,4,25.9,HIGH
PROJ-3692,51.1,3.3,69.2,61.9,8,2,50.3,57,7,AI,21,13,49.4,MEDIUM
PROJ-3693,91.2,16.4,74.9,63.2,7,0,80.5,34,7,Web,19,12,48.7,LOW
PROJ-3694,61.8,3.5,46.8,21.7,18,5,16.3,69,2,AI,23,5,29.2,HIGH
PROJ-3695,52.4,17.9,65.3,38.5,16,4,18.7,28,1,AI,26,10,11.6,HIGH
PROJ-3696,100.0,24.0,74.1,77.8,4,0,86.5,69,5,Research,18,14,71.5,LOW
PROJ-3697,65.7,8.6,55.8,37.0,17,7,22.9,44,5,AI,27,10,27.5,HIGH
PROJ-3698,,17.7,77.3,87.5,1,0,59.1,71,4,Research,8,7,69.9,LOW
PROJ-3699,76.0,14.6,55.8,81.8,2,1,72.7,46,3,AI,11,9,82.8,LOW
PROJ-3700,70.8,8.8,52.1,68.4,6,3,56.4,75,4,Research,19,13,60.1,MEDIUM
PROJ-3701,86.4,30.2,80.7,59.1,9,2,98.6,47,4,Research,22,13,62.9,LOW
PROJ-3702,82.1,7.5,59.0,55.2,13,2,65.9,17,1,Mobile,29,16,37.4,MEDIUM
PROJ-3703,46.8,12.4,34.3,45.0,11,2,34.2,49,2,Mobile,20,9,18.4,HIGH
PROJ-3704,55.1,6.2,48.5,29.4,12,5,24.7,27,3,IoT,17,5,30.2,HIGH
PROJ-3705,67.7,10.1,62.0,41.7,7,2,39.0,24,7,Web,12,5,44.6,MEDIUM
PROJ-3706,60.4,13.6,64.9,36.0,16,5,8.2,10,3,Web,25,9,36.5,HIGH
PROJ-3707,82.2,23.4,64.4,87.5,3,1,96.2,42,6,IoT,24,21,76.9,LOW
PROJ-3708,,22.5,97.4,80.0,4,3,65.0,54,5,Mobile,20,16,73.1,LOW
PROJ-3709,87.8,24.5,78.7,52.4,10,1,74.8,37,3,AI,21,11,74.1,LOW
PROJ-3710,55.4,8.7,34.1,42.3,15,2,28.1,1,6,Research,26,11,23.0,HIGH
PROJ-3711,69.0,22.0,59.5,39.3,17,4,48.4,43,7,Research,28,11,63.5,MEDIUM
PROJ-3712,74.2,13.1,83.1,66.7,3,2,82.1,62,1,AI,9,6,75.5,LOW
PROJ-3713,47.6,2.9,46.1,35.7,9,2,37.7,35,1,Mobile,14,5,,HIGH
PROJ-3714,82.6,24.2,,80.0,3,3,67.6,62,4,IoT,15,12,28.8,LOW
PROJ-3715,91.8,26.4,84.5,62.5,3,0,76.5,21,1,AI,8,5,89.6,LOW
PROJ-3716,73.0,22.0,82.0,87.5,1,1,64.6,54,2,AI,8,7,54.1,LOW
PROJ-3717,46.4,1.8,39.9,37.9,18,5,26.1,15,1,Mobile,29,11,0.0,HIGH
PROJ-3718,,8.6,46.0,10.0,9,2,20.6,48,7,IoT,10,1,13.3,HIGH
PROJ-3719,85.3,7.0,58.4,59.3,11,6,57.7,1,4,Research,27,16,31.9,HIGH
PROJ-3720,62.5,3.5,72.5,54.2,11,0,89.3,10,2,AI,24,13,63.4,MEDIUM
PROJ-3721,66.1,22.3,58.3,46.7,8,1,66.3,31,5,Mobile,15,7,62.7,LOW
PROJ-3722,84.1,24.9,88.8,57.1,3,1,100.0,51,5,AI,7,4,61.7,LOW
PROJ-3723,92.5,25.1,81.0,35.0,13,3,90.6,58,7,Web,20,7,49.3,LOW
PROJ-3724,65.0,11.4,54.2,17.9,23,2,20.9,27,5,AI,28,5,45.5,HIGH
PROJ-3725,44.1,12.6,52.8,13.3,13,5,32.0,1,7,Research,15,2,0.0,HIGH
PROJ-3726,77.4,25.9,73.7,60.0,10,0,44.2,47,6,IoT,25,15,77.5,LOW
PROJ-3727,74.5,20.3,62.6,60.0,4,1,65.6,53,1,Research,10,6,66.7,LOW
PROJ-3728,51.7,3.6,40.0,16.7,5,4,12.4,14,7,Web,6,1,23.2,HIGH
PROJ-3729,71.5,5.4,55.2,41.4,17,4,42.3,26,2,Web,29,12,30.0,HIGH
PROJ-3730,62.0,6.7,62.9,31.0,20,2,35.5,38,5,Mobile,29,9,28.5,HIGH
PROJ-3731,42.2,10.5,44.7,35.0,13,3,36.7,26,3,AI,20,7,20.6,HIGH
PROJ-3732,90.7,30.4,67.9,85.7,4,0,81.0,75,1,AI,28,24,23.3,LOW
PROJ-3733,67.8,15.2,68.3,53.3,7,1,42.5,30,1,AI,15,8,61.0,MEDIUM
PROJ-3734,53.2,8.3,51.3,31.6,13,5,25.2,37,1,IoT,19,6,38.0,HIGH
PROJ-3735,86.1,19.6,84.3,80.0,1,2,44.7,71,7,Web,5,4,57.5,LOW
PROJ-3736,53.1,,43.3,33.3,18,5,30.5,35,3,Mobile,27,9,42.5,HIGH
PROJ-3737,75.3,11.7,42.1,20.0,4,1,49.6,27,7,Research,5,1,56.3,MEDIUM
PROJ-3738,58.9,14.9,,50.0,14,1,25.2,43,3,Mobile,28,14,74.0,MEDIUM
PROJ-3739,82.9,25.4,78.2,60.0,2,1,84.6,46,2,IoT,5,3,100.0,LOW
PROJ-3740,67.9,19.9,69.5,58.3,5,2,63.1,33,7,AI,12,7,56.8,MEDIUM
PROJ-3741,57.1,13.4,62.9,12.5,7,2,23.1,1,5,Research,8,1,8.9,HIGH
PROJ-3742,69.1,5.1,44.0,20.0,8,3,34.2,18,6,AI,10,2,15.1,HIGH
PROJ-3743,51.5,12.6,83.1,90.0,1,2,51.5,48,3,Web,10,9,53.2,MEDIUM
PROJ-3744,86.1,19.8,70.6,85.2,4,0,75.3,50,2,IoT,27,23,62.8,LOW
PROJ-3745,89.6,16.7,83.8,76.2,5,1,73.3,44,6,Mobile,21,16,75.9,LOW
PROJ-3746,66.6,12.3,46.1,35.3,11,9,23.8,21,6,AI,17,6,42.7,HIGH
PROJ-3747,82.0,20.9,80.9,75.9,7,0,69.2,32,6,Web,29,22,63.6,LOW
PROJ-3748,77.3,19.3,70.2,55.6,4,1,100.0,26,2,Web,9,5,62.6,LOW
PROJ-3749,94.2,13.7,95.0,75.0,2,0,65.6,53,1,Mobile,8,6,41.9,LOW
PROJ-3750,53.6,15.2,54.3,26.7,11,4,45.1,15,6,AI,15,4,28.2,HIGH
PROJ-3751,41.0,8.5,49.6,27.8,13,2,52.6,35,5,IoT,18,5,49.7,HIGH
PROJ-3752,77.3,16.8,88.6,0.0,6,5,44.0,45,6,IoT,6,0,22.8,HIGH
PROJ-3753,73.6,14.8,44.5,37.5,10,1,39.9,48,7,Mobile,16,6,36.1,MEDIUM
PROJ-3754,86.3,18.0,71.7,83.3,2,6,67.7,26,3,Web,12,10,25.5,MEDIUM
PROJ-3755,74.7,13.0,36.4,30.4,16,1,26.2,30,3,Research,23,7,57.3,MEDIUM
PROJ-3756,68.5,10.0,54.5,38.1,13,5,23.2,22,7,Mobile,21,8,9.4,HIGH
PROJ-3757,74.5,13.4,78.3,42.1,11,2,45.1,63,5,IoT,19,8,41.5,MEDIUM
PROJ-3758,53.1,8.1,43.1,45.5,12,0,44.0,26,7,Web,22,10,48.7,MEDIUM
PROJ-3759,84.4,19.2,44.3,56.2,7,2,48.1,46,4,IoT,16,9,70.4,MEDIUM
PROJ-3760,77.8,19.6,67.5,94.1,1,1,45.4,46,2,AI,17,16,47.3,LOW
PROJ-3761,66.6,8.1,48.8,40.0,3,4,20.4,32,1,IoT,5,2,33.6,HIGH
PROJ-3762,94.9,28.0,76.6,95.2,1,2,72.1,30,6,Mobile,21,20,75.2,LOW
PROJ-3763,73.8,18.7,90.7,38.9,11,0,69.8,64,4,Mobile,18,7,80.4,LOW
PROJ-3764,83.7,23.1,74.3,70.0,3,0,59.0,17,3,Web,10,7,69.7,LOW
PROJ-3765,71.1,10.6,58.6,22.2,7,1,25.4,29,1,IoT,9,2,27.0,HIGH
PROJ-3766,72.6,,47.7,20.0,4,2,32.3,21,2,AI,5,1,39.6,HIGH
PROJ-3767,71.1,18.6,40.2,28.6,10,4,43.6,1,1,Research,14,4,21.6,HIGH
PROJ-3768,80.8,14.5,63.4,60.0,2,4,37.7,7,1,IoT,5,3,28.7,HIGH
PROJ-3769,72.6,10.6,49.7,26.7,11,2,25.7,28,1,Research,15,4,26.2,HIGH
PROJ-3770,64.9,8.1,35.6,20.0,16,5,40.1,1,6,Web,20,4,36.3,HIGH
PROJ-3771,52.9,19.3,47.0,16.7,15,5,27.9,33,4,AI,18,3,20.3,HIGH
PROJ-3772,78.5,4.5,43.6,25.0,9,5,61.3,33,4,Research,12,3,22.5,HIGH
PROJ-3773,77.2,29.8,95.3,61.5,5,2,72.1,48,3,Research,13,8,81.2,LOW
PROJ-3774,78.2,26.0,84.8,52.9,8,0,56.2,27,5,Web,17,9,80.7,LOW
PROJ-3775,55.8,16.8,66.6,28.6,15,6,,1,5,IoT,21,6,32.9,HIGH
PROJ-3776,98.8,22.5,58.7,76.9,6,1,68.4,13,3,AI,26,20,100.0,LOW
PROJ-3777,66.2,5.1,56.5,22.2,14,7,57.5,32,5,Mobile,18,4,32.7,HIGH
PROJ-3778,62.3,10.8,72.4,57.1,9,0,43.5,46,4,Mobile,21,12,16.0,MEDIUM
PROJ-3779,64.9,15.9,61.6,37.5,5,2,60.8,1,1,Mobile,8,3,22.1,MEDIUM
PROJ-3780,78.3,21.7,80.4,60.0,2,1,68.0,50,7,Mobile,5,3,53.6,LOW
PROJ-3781,54.0,7.3,59.8,10.5,17,7,55.5,16,5,IoT,19,2,26.1,HIGH
PROJ-3782,84.3,25.5,100.0,66.7,2,2,56.4,74,6,AI,6,4,64.9,LOW
PROJ-3783,82.6,21.4,73.7,40.0,15,2,39.1,47,5,IoT,25,10,57.3,MEDIUM
PROJ-3784,72.4,17.9,77.1,60.0,10,0,62.1,41,1,Research,25,15,96.3,LOW
PROJ-3785,58.8,4.4,38.5,39.3,17,3,35.1,16,3,Mobile,28,11,,HIGH
PROJ-3786,49.9,5.9,38.3,18.2,18,5,26.1,43,5,AI,22,4,34.1,HIGH
PROJ-3787,49.6,4.2,37.6,42.9,4,5,53.7,36,7,AI,7,3,42.3,HIGH
PROJ-3788,56.1,1.0,49.1,33.3,4,4,31.6,35,7,Research,6,2,,HIGH
PROJ-3789,73.4,9.7,52.7,41.4,17,6,55.9,13,1,Research,29,12,34.2,HIGH
PROJ-3790,70.5,8.3,67.2,61.5,10,3,38.5,14,1,Mobile,26,16,53.2,MEDIUM
PROJ-3791,74.1,12.6,68.6,66.7,4,3,43.4,45,6,Research,12,8,37.7,MEDIUM
PROJ-3792,57.0,11.3,48.2,44.4,15,3,31.1,21,4,AI,27,12,3.8,HIGH
PROJ-3793,57.0,2.6,58.7,35.3,11,6,29.7,40,4,Web,17,6,45.2,HIGH
PROJ-3794,72.8,14.5,74.3,53.8,12,1,74.6,48,5,IoT,26,14,78.9,LOW
PROJ-3795,43.2,6.0,,20.0,16,2,28.2,53,7,Mobile,20,4,37.4,HIGH
PROJ-3796,73.1,12.8,68.6,50.0,7,1,58.0,42,2,Mobile,14,7,68.4,MEDIUM
PROJ-3797,70.3,15.3,48.5,23.5,13,2,23.1,22,5,IoT,17,4,3.5,HIGH
PROJ-3798,33.2,9.1,51.8,47.4,10,6,20.2,23,7,IoT,19,9,41.7,HIGH
PROJ-3799,63.6,12.8,48.4,32.0,17,3,30.5,43,7,AI,25,8,14.1,HIGH
PROJ-3800,88.2,29.9,81.2,80.0,4,0,85.5,42,1,AI,20,16,,LOW
PROJ-3801,83.8,21.4,,84.2,3,0,48.9,22,1,AI,19,16,65.0,LOW
PROJ-3802,62.5,14.4,73.8,57.9,8,2,81.9,8,7,Web,19,11,27.9,MEDIUM
PROJ-3803,84.4,11.9,48.7,71.4,2,3,55.3,70,6,Research,7,5,55.6,MEDIUM
PROJ-3804,61.1,4.3,56.1,20.7,23,1,40.5,18,1,Web,29,6,30.5,HIGH
PROJ-3805,84.6,15.2,74.4,56.5,10,0,43.3,32,2,Web,23,13,35.8,LOW
PROJ-3806,,14.1,80.7,50.0,3,1,78.7,51,4,AI,6,3,89.3,LOW
PROJ-3807,47.9,4.2,73.5,38.5,16,4,40.4,9,1,IoT,26,10,30.3,HIGH
PROJ-3808,72.3,17.0,60.4,33.3,12,3,29.0,38,7,Web,18,6,50.8,MEDIUM
PROJ-3809,60.0,15.5,52.0,60.0,10,2,48.3,33,2,Web,25,15,27.8,MEDIUM
PROJ-3810,86.7,15.1,66.7,100.0,0,1,34.5,54,2,IoT,23,23,86.7,LOW
PROJ-3811,70.4,14.6,47.2,8.7,21,4,6.6,23,5,Research,23,2,29.0,HIGH
PROJ-3812,93.7,16.3,67.3,62.1,11,5,43.7,24,2,IoT,29,18,40.0,MEDIUM
PROJ-3813,67.4,6.1,75.2,13.6,19,2,33.4,37,4,AI,22,3,11.5,HIGH
PROJ-3814,97.2,19.1,56.3,45.0,11,2,59.5,46,2,Research,20,9,45.3,MEDIUM
PROJ-3815,80.1,23.3,76.3,59.1,9,0,54.0,54,6,IoT,22,13,83.0,LOW
PROJ-3816,87.2,25.8,61.7,77.8,2,0,67.8,36,4,AI,9,7,52.0,LOW
PROJ-3817,76.0,22.2,80.3,75.0,3,0,75.2,46,1,Mobile,12,9,87.3,LOW
PROJ-3818,65.5,6.1,76.5,35.0,13,2,0.0,32,3,Mobile,20,7,26.0,HIGH
PROJ-3819,55.3,4.6,45.5,19.0,17,2,20.9,16,7,Web,21,4,20.7,HIGH
PROJ-3820,75.4,10.0,63.2,3.8,25,0,37.0,7,6,Research,26,1,30.6,HIGH
PROJ-3821,71.2,11.0,73.6,65.2,8,2,45.6,58,5,IoT,23,15,58.9,LOW
PROJ-3822,76.4,16.6,29.5,62.5,6,2,46.1,35,4,Mobile,16,10,32.9,MEDIUM
PROJ-3823,66.9,6.3,49.9,42.1,11,4,30.8,30,6,AI,19,8,22.6,HIGH
PROJ-3824,95.0,19.7,83.8,88.0,3,2,52.7,58,3,Mobile,25,22,84.3,LOW
PROJ-3825,65.4,12.7,70.3,40.0,6,3,38.3,46,5,Mobile,10,4,28.1,MEDIUM
PROJ-3826,63.7,9.9,48.5,27.8,13,3,23.8,27,3,IoT,18,5,29.5,HIGH
PROJ-3827,77.0,20.1,62.4,50.0,5,1,96.1,65,1,IoT,10,5,68.0,LOW
PROJ-3828,74.7,26.8,64.8,57.1,3,1,61.2,45,4,Mobile,7,4,69.4,LOW
PROJ-3829,56.1,1.0,60.5,25.0,18,3,42.2,16,1,Web,24,6,33.7,HIGH
PROJ-3830,46.6,8.7,61.6,33.3,4,6,,14,7,Web,6,2,13.3,HIGH
PROJ-3831,92.5,21.1,65.7,61.9,8,0,58.3,35,5,IoT,21,13,63.1,LOW
PROJ-3832,70.8,10.7,60.7,39.1,14,5,40.6,7,2,Web,23,9,0.0,HIGH
PROJ-3833,79.2,14.0,55.4,41.7,14,3,61.3,11,1,Mobile,24,10,50.8,MEDIUM
PROJ-3834,71.8,13.4,68.9,33.3,12,1,50.7,16,5,AI,18,6,27.8,MEDIUM
PROJ-3835,64.8,16.4,31.3,15.4,11,5,34.8,32,6,Research,13,2,0.0,HIGH
PROJ-3836,72.7,14.2,38.3,47.4,10,6,60.4,48,6,IoT,19,9,37.9,MEDIUM
PROJ-3837,83.0,11.5,55.4,43.8,9,2,15.1,27,6,Research,16,7,50.5,MEDIUM
PROJ-3838,76.7,12.4,70.6,57.1,3,2,63.7,47,3,AI,7,4,49.1,LOW
PROJ-3839,52.8,5.9,69.6,33.3,6,2,51.5,21,2,Web,9,3,29.1,MEDIUM
PROJ-3840,91.7,13.1,78.1,55.0,9,5,41.8,47,2,Mobile,20,11,40.5,MEDIUM
PROJ-3841,69.5,19.3,43.8,40.0,3,4,31.3,24,6,Mobile,5,2,50.4,MEDIUM
PROJ-3842,71.9,11.3,72.8,50.0,7,2,32.6,24,4,Research,14,7,30.3,MEDIUM
PROJ-3843,97.0,25.3,82.6,73.9,6,0,60.1,33,5,IoT,23,17,89.7,LOW
PROJ-3844,100.0,26.8,87.9,74.1,7,1,91.9,32,3,Research,27,20,58.9,LOW
PROJ-3845,84.0,23.4,72.1,70.6,5,2,76.3,51,4,Mobile,17,12,87.4,LOW
PROJ-3846,67.4,14.1,23.5,25.0,15,2,9.7,14,3,AI,20,5,33.0,HIGH
PROJ-3847,61.3,12.2,62.9,38.5,16,2,,19,2,IoT,26,10,53.0,HIGH
PROJ-3848,62.4,10.8,84.9,62.5,3,3,52.1,38,3,Web,8,5,47.6,MEDIUM
PROJ-3849,47.7,6.7,57.8,40.0,12,3,34.9,42,6,Web,20,8,,HIGH
PROJ-3850,40.8,4.9,54.6,33.3,10,6,20.9,9,4,Research,15,5,18.0,HIGH
PROJ-3851,,10.7,72.8,66.7,2,2,64.2,67,2,Mobile,6,4,79.2,LOW
PROJ-3852,73.5,18.5,68.4,68.8,5,0,100.0,38,4,Research,16,11,,LOW
PROJ-3853,87.4,25.1,74.3,52.4,10,1,45.6,67,3,Mobile,21,11,61.9,LOW
PROJ-3854,65.4,8.1,72.2,25.0,6,2,61.1,23,3,AI,8,2,35.2,MEDIUM
PROJ-3855,82.6,18.7,61.8,66.7,2,2,22.7,16,4,IoT,6,4,53.8,MEDIUM
PROJ-3856,,10.8,71.9,39.1,14,2,58.4,48,3,Web,23,9,34.6,MEDIUM
PROJ-3857,74.4,20.4,48.5,57.7,11,2,51.8,31,5,Web,26,15,55.7,MEDIUM
PROJ-3858,68.5,1.0,35.6,25.0,18,4,63.5,4,1,Web,24,6,22.0,HIGH
PROJ-3859,78.1,16.0,32.7,50.0,3,1,13.5,46,6,Web,6,3,53.5,MEDIUM
PROJ-3860,89.4,19.4,76.7,72.7,3,3,85.2,25,6,AI,11,8,93.5,LOW
PROJ-3861,100.0,18.5,36.9,77.8,2,0,74.6,62,4,IoT,9,7,67.7,LOW
PROJ-3862,68.8,,49.8,50.0,7,3,53.7,27,4,Web,14,7,61.1,MEDIUM
PROJ-3863,69.0,13.5,86.6,50.0,9,4,40.2,25,1,Web,18,9,51.4,MEDIUM
PROJ-3864,59.5,5.9,56.6,54.5,5,1,16.2,36,6,AI,11,6,40.2,MEDIUM
PROJ-3865,67.1,16.1,64.7,37.5,5,1,56.9,21,1,Mobile,8,3,49.5,MEDIUM
PROJ-3866,55.8,15.5,66.4,60.0,2,5,65.1,38,6,Research,5,3,44.4,LOW
PROJ-3867,46.9,13.9,45.8,37.5,5,4,13.6,45,7,IoT,8,3,23.5,HIGH
PROJ-3868,62.1,4.4,77.0,23.8,16,4,22.6,39,4,AI,21,5,17.8,HIGH
PROJ-3869,80.2,18.4,59.6,36.8,12,1,49.1,14,4,AI,19,7,50.6,MEDIUM
PROJ-3870,100.0,18.9,64.6,25.0,6,4,36.4,21,2,Web,8,2,33.8,MEDIUM
PROJ-3871,72.0,26.7,33.9,50.0,6,3,50.0,1,6,Mobile,12,6,48.6,MEDIUM
PROJ-3872,81.7,20.3,66.5,60.0,2,1,73.8,68,1,IoT,5,3,56.4,LOW
PROJ-3873,72.0,1.7,18.6,16.7,10,4,34.1,28,2,Web,12,2,49.5,HIGH
PROJ-3874,58.0,,72.3,36.4,7,1,37.6,45,2,Research,11,4,68.2,MEDIUM
PROJ-3875,54.6,8.6,58.9,50.0,9,1,76.1,48,5,Research,18,9,26.1,MEDIUM
PROJ-3876,83.6,1.0,,28.6,15,2,60.2,38,1,AI,21,6,60.1,MEDIUM
PROJ-3877,91.9,14.8,57.7,54.5,10,0,67.4,51,2,IoT,22,12,80.7,LOW
PROJ-3878,81.5,16.0,93.0,88.9,1,4,54.4,1,7,Mobile,9,8,47.3,MEDIUM
PROJ-3879,62.0,3.9,63.6,16.7,10,2,23.5,12,3,Research,12,2,36.5,HIGH
PROJ-3880,,8.3,65.9,21.7,18,1,41.9,17,3,Research,23,5,,HIGH
PROJ-3881,87.4,23.3,81.9,67.9,9,2,72.9,29,5,IoT,28,19,71.7,LOW
PROJ-3882,61.7,21.5,70.9,77.8,2,1,74.5,87,3,AI,9,7,62.2,LOW
PROJ-3883,76.2,8.4,74.4,57.7,11,2,61.1,24,3,Research,26,15,30.5,MEDIUM
PROJ-3884,65.3,17.8,97.3,62.5,9,2,61.5,77,2,AI,24,15,100.0,LOW
PROJ-3885,86.3,,83.7,38.9,11,2,43.8,20,4,Web,18,7,78.8,MEDIUM
PROJ-3886,82.4,16.5,51.9,0.0,16,5,60.2,44,1,Mobile,16,0,70.1,MEDIUM
PROJ-3887,63.2,14.0,59.3,41.7,14,3,40.5,53,6,Mobile,24,10,56.5,MEDIUM
PROJ-3888,72.5,7.2,70.2,75.0,5,2,61.8,8,5,Web,20,15,68.2,MEDIUM
PROJ-3889,86.7,17.8,70.3,29.4,12,1,54.0,11,3,Mobile,17,5,68.3,LOW
PROJ-3890,57.8,8.6,55.6,31.8,15,1,7.1,12,2,Mobile,22,7,14.6,HIGH
PROJ-3891,66.1,4.0,44.1,33.3,14,5,37.2,30,7,IoT,21,7,23.9,HIGH
PROJ-3892,77.4,18.7,77.0,46.2,14,2,57.4,24,5,Web,26,12,51.5,MEDIUM
PROJ-3893,61.9,20.7,,36.4,14,3,64.9,86,5,Web,22,8,48.6,MEDIUM
PROJ-3894,68.3,12.6,74.9,25.0,6,1,38.8,35,1,Web,8,2,43.1,MEDIUM
PROJ-3895,84.3,8.7,76.3,37.5,10,2,57.3,26,1,Research,16,6,44.4,MEDIUM
PROJ-3896,86.8,20.5,51.3,77.3,5,2,62.4,45,3,AI,22,17,73.0,LOW
PROJ-3897,74.4,31.3,81.9,61.5,5,2,69.8,56,4,AI,13,8,80.2,LOW
PROJ-3898,97.6,27.3,67.2,55.2,13,3,58.3,22,6,Research,29,16,80.0,LOW
PROJ-3899,64.9,11.4,45.0,28.6,15,4,47.6,53,4,IoT,21,6,23.1,HIGH
PROJ-3900,51.5,6.3,52.7,15.4,11,3,21.3,5,4,AI,13,2,50.7,HIGH
PROJ-3901,57.0,12.0,53.2,11.1,8,2,19.9,35,3,Web,9,1,,HIGH
PROJ-3902,81.9,12.7,,28.6,5,0,61.0,23,6,Research,7,2,,MEDIUM
PROJ-3903,55.2,19.7,82.7,33.3,14,1,42.3,18,6,Mobile,21,7,31.0,MEDIUM
PROJ-3904,,9.0,42.8,0.0,7,3,19.7,20,6,Web,7,0,44.5,HIGH
PROJ-3905,66.8,21.8,73.5,40.0,6,2,69.6,31,4,Mobile,10,4,31.0,MEDIUM
PROJ-3906,83.9,16.3,59.3,56.2,7,1,73.0,25,2,Research,16,9,51.8,LOW
PROJ-3907,73.0,15.1,65.4,25.0,18,7,22.9,23,4,Web,24,6,25.4,HIGH
PROJ-3908,78.9,21.2,78.0,79.3,6,0,81.9,58,4,Research,29,23,77.4,LOW
PROJ-3909,60.0,21.9,77.4,73.1,7,0,91.3,27,6,Research,26,19,60.9,LOW
PROJ-3910,71.8,11.7,60.9,18.8,13,3,18.9,13,3,AI,16,3,26.2,HIGH
PROJ-3911,73.5,19.8,60.1,65.0,7,2,61.0,51,3,Web,20,13,50.7,MEDIUM
PROJ-3912,85.7,20.9,58.3,86.2,4,0,91.4,39,6,IoT,29,25,,LOW
PROJ-3913,62.4,10.2,49.1,13.8,25,6,55.7,32,5,AI,29,4,10.5,HIGH
PROJ-3914,46.9,11.1,58.9,60.0,4,4,52.0,20,3,Research,10,6,45.4,MEDIUM
PROJ-3915,58.8,13.3,44.6,46.2,7,0,26.7,23,3,IoT,13,6,23.8,HIGH
PROJ-3916,69.2,12.2,71.5,75.0,4,0,53.3,57,2,Mobile,16,12,74.1,LOW
PROJ-3917,73.4,11.3,27.4,38.5,8,7,40.0,6,6,Web,13,5,40.8,HIGH
PROJ-3918,79.4,19.5,58.1,45.8,13,1,43.9,34,1,Mobile,24,11,61.7,MEDIUM
PROJ-3919,74.7,21.6,43.4,100.0,0,2,42.2,14,2,Research,17,17,64.0,LOW
PROJ-3920,65.5,10.0,52.7,0.0,11,7,5.7,10,6,IoT,11,0,41.1,HIGH
PROJ-3921,60.5,20.1,54.4,33.3,10,3,51.7,34,4,Research,15,5,85.2,MEDIUM
PROJ-3922,68.9,6.8,19.0,0.0,11,5,36.1,17,6,Research,11,0,53.4,HIGH
PROJ-3923,76.9,17.5,88.5,45.5,12,1,57.1,3,1,Web,22,10,50.1,MEDIUM
PROJ-3924,50.7,8.8,66.6,34.6,17,2,12.0,28,6,Web,26,9,36.1,HIGH
PROJ-3925,72.9,17.3,64.9,66.7,6,0,73.1,61,1,AI,18,12,73.0,LOW
PROJ-3926,85.6,19.5,43.8,72.7,3,0,65.2,81,4,Web,11,8,46.8,LOW
PROJ-3927,49.5,20.7,61.7,47.1,9,5,27.4,32,7,IoT,17,8,15.6,HIGH
PROJ-3928,92.9,26.5,86.5,61.9,8,0,98.6,46,7,Web,21,13,53.2,LOW
PROJ-3929,55.9,14.5,61.1,21.1,15,4,27.4,55,2,Mobile,19,4,30.2,HIGH
PROJ-3930,81.0,23.6,70.1,80.0,3,0,72.9,47,5,AI,15,12,63.5,LOW
PROJ-3931,61.0,4.6,45.8,30.0,7,7,26.3,38,4,Research,10,3,14.6,HIGH
PROJ-3932,36.7,5.2,92.8,16.0,21,1,34.0,2,6,IoT,25,4,47.3,HIGH
PROJ-3933,74.5,,66.1,30.0,7,5,33.2,23,2,Mobile,10,3,36.5,HIGH
PROJ-3934,55.9,8.9,24.9,48.3,15,1,43.8,80,4,Research,29,14,49.7,MEDIUM
PROJ-3935,64.3,10.3,71.2,37.5,10,1,48.1,68,7,Web,16,6,72.5,MEDIUM
PROJ-3936,58.9,10.0,68.9,32.0,17,5,39.2,14,4,Web,25,8,33.5,HIGH
PROJ-3937,88.2,21.8,72.9,66.7,6,3,88.5,53,5,Mobile,18,12,55.9,LOW
PROJ-3938,88.3,17.1,47.2,68.2,7,1,78.4,31,4,Web,22,15,64.2,LOW
PROJ-3939,56.0,17.2,66.6,57.1,3,2,71.8,33,4,Web,7,4,53.0,MEDIUM
PROJ-3940,64.1,11.9,65.2,57.1,12,3,46.8,35,2,IoT,28,16,43.6,MEDIUM
PROJ-3941,81.0,16.1,87.3,36.8,12,4,85.5,16,1,IoT,19,7,71.5,LOW
PROJ-3942,100.0,22.2,74.9,44.8,16,1,82.0,30,2,Research,29,13,80.5,LOW
PROJ-3943,79.1,8.9,55.3,15.4,11,5,39.9,23,2,IoT,13,2,21.7,HIGH
PROJ-3944,100.0,27.6,69.4,79.2,5,1,60.7,75,5,AI,24,19,76.2,LOW
PROJ-3945,51.9,9.7,59.2,50.0,6,4,56.0,36,3,AI,12,6,40.5,MEDIUM
PROJ-3946,73.4,29.7,91.0,50.0,12,1,59.8,44,2,IoT,24,12,60.1,LOW
PROJ-3947,91.6,27.8,86.5,77.8,2,0,69.7,45,1,Mobile,9,7,64.5,LOW
PROJ-3948,72.4,24.2,92.0,59.1,9,1,66.0,46,2,AI,22,13,86.3,LOW
PROJ-3949,91.6,30.0,80.9,84.6,2,2,72.5,57,4,Web,13,11,70.3,LOW
PROJ-3950,84.9,11.5,59.6,64.3,10,2,54.4,48,6,AI,28,18,23.6,MEDIUM
PROJ-3951,60.3,6.5,64.6,31.6,13,5,54.3,35,5,Mobile,19,6,37.4,HIGH
PROJ-3952,69.7,12.7,62.3,12.5,14,6,10.7,57,7,Web,16,2,28.6,HIGH
PROJ-3953,90.2,,82.1,66.7,8,1,66.2,55,6,Mobile,24,16,68.6,LOW
PROJ-3954,67.0,21.2,66.5,54.2,11,2,69.0,23,2,Web,24,13,48.2,MEDIUM
PROJ-3955,84.2,16.2,87.7,72.2,5,2,53.5,57,7,Web,18,13,61.6,LOW
PROJ-3956,64.9,16.9,74.7,12.5,7,6,25.2,23,1,Web,8,1,33.5,HIGH
PROJ-3957,55.5,3.4,52.6,7.7,12,5,0.0,6,5,IoT,13,1,31.5,HIGH
PROJ-3958,73.8,18.1,62.9,15.0,17,2,40.1,4,7,Research,20,3,51.3,HIGH
PROJ-3959,87.1,20.6,63.6,56.2,7,4,78.4,42,1,AI,16,9,71.2,LOW
PROJ-3960,58.6,3.1,49.0,12.0,22,8,38.9,28,6,Mobile,25,3,31.1,HIGH
PROJ-3961,62.4,10.2,57.5,6.7,14,4,8.5,34,2,Research,15,1,53.8,HIGH
PROJ-3962,65.1,12.6,54.8,27.6,21,13,28.2,12,3,AI,29,8,4.5,HIGH
PROJ-3963,51.8,6.0,16.6,16.7,5,4,31.2,41,3,AI,6,1,26.2,HIGH
PROJ-3964,55.9,9.6,41.2,20.0,8,1,42.1,11,5,Mobile,10,2,24.3,HIGH
PROJ-3965,100.0,13.2,59.1,65.2,8,1,57.0,56,4,AI,23,15,24.8,MEDIUM
PROJ-3966,69.9,14.2,66.4,46.2,7,1,49.8,55,7,AI,13,6,24.1,MEDIUM
PROJ-3967,59.9,10.1,23.1,57.1,6,3,25.1,45,5,AI,14,8,35.2,HIGH
PROJ-3968,71.7,6.9,91.3,30.4,16,2,81.4,21,6,Mobile,23,7,27.4,MEDIUM
PROJ-3969,89.9,27.4,87.8,73.1,7,0,72.4,30,1,IoT,26,19,57.7,LOW
PROJ-3970,75.3,3.8,60.6,45.5,12,2,81.6,1,2,IoT,22,10,41.5,MEDIUM
PROJ-3971,81.4,3.9,59.0,36.8,12,2,33.6,19,7,Research,19,7,60.0,MEDIUM
PROJ-3972,75.1,22.5,49.0,50.0,8,1,63.2,29,7,Web,16,8,38.5,MEDIUM
PROJ-3973,77.8,11.9,68.4,24.0,19,4,68.6,51,2,Research,25,6,37.9,MEDIUM
PROJ-3974,79.7,11.9,79.6,56.0,11,3,45.0,29,7,Web,25,14,45.1,MEDIUM
PROJ-3975,57.3,11.6,55.2,28.6,5,5,,41,5,Web,7,2,27.1,HIGH
PROJ-3976,90.3,15.4,78.4,66.7,3,2,72.5,48,3,IoT,9,6,85.1,LOW
PROJ-3977,72.0,23.3,67.7,85.7,1,1,,21,6,Research,7,6,62.3,LOW
PROJ-3978,74.8,,71.0,50.0,5,2,66.1,59,7,IoT,10,5,66.2,MEDIUM
PROJ-3979,74.0,15.9,37.2,31.8,15,2,49.9,6,7,AI,22,7,44.9,HIGH
PROJ-3980,59.4,2.4,40.0,37.5,5,5,45.2,10,6,Web,8,3,16.6,HIGH
PROJ-3981,77.7,17.5,86.2,63.6,4,0,67.7,31,5,Research,11,7,45.2,LOW
PROJ-3982,89.5,15.5,48.7,17.6,14,3,2.2,50,6,IoT,17,3,0.0,HIGH
PROJ-3983,57.5,11.5,64.6,42.9,16,4,64.0,24,2,Research,28,12,43.7,HIGH
PROJ-3984,64.9,12.8,37.7,36.4,7,10,46.8,5,5,Research,11,4,34.6,HIGH
PROJ-3985,68.0,9.8,59.3,38.5,16,1,44.8,61,6,IoT,26,10,43.1,MEDIUM
PROJ-3986,67.7,1.6,62.1,30.8,9,4,56.7,26,7,Web,13,4,21.3,HIGH
PROJ-3987,90.7,15.0,69.2,75.0,5,0,66.1,21,4,Research,20,15,46.9,MEDIUM
PROJ-3988,71.8,,95.3,22.2,7,2,52.4,60,5,IoT,9,2,30.1,MEDIUM
PROJ-3989,78.3,23.1,91.5,66.7,8,1,67.0,30,5,IoT,24,16,83.6,LOW
PROJ-3990,79.5,28.7,78.7,61.9,8,1,,14,2,Research,21,13,100.0,LOW
PROJ-3991,82.3,22.0,81.9,79.3,6,2,60.1,53,1,IoT,29,23,60.8,LOW
PROJ-3992,51.5,9.4,53.0,61.5,5,5,11.4,7,7,Mobile,13,8,2.6,HIGH
PROJ-3993,81.9,9.8,57.8,26.3,14,3,14.8,20,6,Mobile,19,5,36.5,HIGH
PROJ-3994,92.3,23.1,39.8,90.5,2,2,68.4,31,3,Mobile,21,19,63.5,LOW
PROJ-3995,65.4,25.4,79.6,68.4,6,1,42.2,64,7,Research,19,13,30.2,MEDIUM
PROJ-3996,92.3,17.1,59.9,54.5,10,8,48.0,35,1,IoT,22,12,55.4,MEDIUM
PROJ-3997,68.2,15.3,69.4,72.7,3,3,41.9,46,5,Mobile,11,8,25.3,MEDIUM
PROJ-3998,58.3,15.7,37.5,36.4,7,1,34.5,22,6,AI,11,4,24.6,HIGH
PROJ-3999,61.4,13.6,66.4,33.3,10,2,,26,3,AI,15,5,25.8,HIGH
PROJ-4000,66.7,17.8,74.4,75.0,5,0,90.3,21,1,Research,20,15,52.7,LOW
PROJ-4001,78.5,13.6,49.9,62.5,3,3,46.0,10,1,Mobile,8,5,46.0,MEDIUM
PROJ-4002,77.3,10.1,55.4,25.0,6,1,61.6,28,1,Web,8,2,40.9,MEDIUM
PROJ-4003,92.2,6.5,58.5,73.7,5,2,62.5,8,4,IoT,19,14,40.7,MEDIUM
PROJ-4004,93.9,31.4,,60.0,2,3,54.8,77,6,Web,5,3,62.0,LOW
PROJ-4005,90.8,10.8,57.8,54.2,11,0,71.5,63,1,IoT,24,13,59.8,LOW
PROJ-4006,83.4,7.1,46.7,28.6,5,2,35.1,24,4,Web,7,2,67.4,MEDIUM
PROJ-4007,69.5,19.3,57.2,76.9,6,0,74.9,49,4,Research,26,20,62.0,LOW
PROJ-4008,63.8,19.8,59.9,42.9,4,0,40.9,54,7,AI,7,3,59.5,MEDIUM
PROJ-4009,59.0,31.1,62.3,27.3,16,5,,28,6,IoT,22,6,50.4,MEDIUM
PROJ-4010,,14.8,73.2,57.1,12,2,60.6,56,1,Mobile,28,16,75.0,LOW
PROJ-4011,55.1,13.7,66.3,41.2,10,6,52.6,17,6,Mobile,17,7,64.6,MEDIUM
PROJ-4012,75.7,24.1,86.8,58.3,5,0,60.5,66,4,Research,12,7,74.5,LOW
PROJ-4013,58.7,2.3,65.0,50.0,4,4,31.2,13,3,IoT,8,4,9.8,HIGH
PROJ-4014,70.3,12.2,56.7,16.7,5,4,44.2,45,3,IoT,6,1,44.7,MEDIUM
PROJ-4015,67.5,11.3,34.9,35.3,11,4,46.0,43,7,IoT,17,6,27.1,HIGH
PROJ-4016,68.9,15.5,64.0,53.8,6,7,58.5,2,6,Mobile,13,7,46.1,MEDIUM
PROJ-4017,62.5,23.1,64.8,71.4,2,1,43.7,47,5,IoT,7,5,69.4,LOW
PROJ-4018,73.7,13.7,50.4,9.5,19,7,16.7,24,7,Mobile,21,2,0.0,HIGH
PROJ-4019,92.6,24.3,89.2,71.4,4,1,100.0,62,3,Mobile,14,10,71.1,LOW
PROJ-4020,57.0,10.1,44.1,20.0,4,5,22.5,28,3,Web,5,1,35.3,HIGH
PROJ-4021,73.6,17.0,65.0,23.1,20,2,52.5,17,1,AI,26,6,23.1,MEDIUM
PROJ-4022,58.7,25.8,58.6,43.8,9,4,,7,6,Mobile,16,7,70.8,MEDIUM
PROJ-4023,54.2,21.5,76.9,55.0,9,5,44.1,28,2,Research,20,11,52.6,MEDIUM
PROJ-4024,55.3,3.7,20.6,58.3,5,5,40.0,21,4,Web,12,7,32.9,HIGH
PROJ-4025,68.5,18.6,86.5,68.8,5,0,70.8,54,6,AI,16,11,86.0,LOW
PROJ-4026,85.5,29.1,75.6,52.6,9,2,81.1,26,7,Mobile,19,10,92.6,LOW
PROJ-4027,35.9,9.7,71.1,34.5,19,0,32.8,1,3,AI,29,10,33.7,HIGH
PROJ-4028,64.7,13.3,52.9,34.8,15,3,9.2,25,3,Research,23,8,25.2,HIGH
PROJ-4029,83.1,32.1,65.3,38.5,8,1,75.4,65,2,IoT,13,5,44.6,MEDIUM
PROJ-4030,82.3,23.7,82.0,81.0,4,0,100.0,33,1,Web,21,17,64.7,LOW
PROJ-4031,85.5,4.6,73.6,28.6,5,1,37.7,37,7,AI,7,2,28.9,MEDIUM
PROJ-4032,58.5,10.3,40.2,26.7,11,1,38.0,13,2,Mobile,15,4,27.0,MEDIUM
PROJ-4033,63.6,7.3,64.8,13.0,20,6,49.8,10,4,Research,23,3,44.8,HIGH
PROJ-4034,93.6,30.8,81.0,81.2,3,3,56.0,90,7,Web,16,13,71.3,LOW
PROJ-4035,77.0,7.3,36.5,42.3,15,4,67.2,20,4,Web,26,11,46.6,MEDIUM
PROJ-4036,75.9,13.3,63.3,75.0,2,0,71.4,39,1,AI,8,6,78.4,LOW
PROJ-4037,53.7,7.5,65.7,18.2,9,1,40.1,1,3,IoT,11,2,31.6,MEDIUM
PROJ-4038,92.3,15.4,80.0,100.0,0,1,80.9,75,3,Web,10,10,80.0,LOW
PROJ-4039,75.0,15.4,46.1,47.1,9,2,63.5,1,2,Research,17,8,29.7,MEDIUM
PROJ-4040,84.4,17.5,81.3,50.0,14,0,81.1,41,6,Mobile,28,14,92.5,LOW
PROJ-4041,,14.5,46.0,40.9,13,6,62.9,45,7,Research,22,9,29.1,HIGH
PROJ-4042,68.8,14.8,92.6,100.0,0,1,84.3,55,4,IoT,8,8,74.7,LOW
PROJ-4043,89.1,25.3,88.7,91.7,1,2,50.5,12,3,Research,12,11,74.3,LOW
PROJ-4044,63.3,15.2,54.2,61.5,5,2,72.1,16,1,Research,13,8,35.3,HIGH
PROJ-4045,71.5,15.0,78.2,60.0,10,0,81.6,85,6,IoT,25,15,66.9,LOW
PROJ-4046,75.6,26.1,80.9,73.3,4,0,52.6,26,5,Research,15,11,69.7,LOW
PROJ-4047,75.2,25.1,68.7,80.0,1,0,62.4,76,3,IoT,5,4,87.6,LOW
PROJ-4048,72.6,7.8,48.7,47.6,11,1,23.1,52,6,AI,21,10,19.7,HIGH
PROJ-4049,76.4,33.7,68.2,62.5,3,0,70.3,38,1,Mobile,8,5,95.2,LOW
PROJ-4050,40.0,11.4,57.4,20.7,23,2,33.1,31,2,Web,29,6,21.6,HIGH
PROJ-4051,86.7,20.2,,27.3,8,2,33.2,14,6,IoT,11,3,66.0,MEDIUM
PROJ-4052,46.5,19.2,65.7,29.2,17,3,46.9,29,7,Web,24,7,35.8,MEDIUM
PROJ-4053,76.5,11.9,78.4,80.0,1,0,77.6,49,7,Research,5,4,85.1,LOW
PROJ-4054,82.6,32.1,64.4,55.6,8,2,82.7,35,1,AI,18,10,76.4,LOW
PROJ-4055,70.9,20.5,76.9,85.7,1,0,75.6,59,4,Web,7,6,59.6,LOW
PROJ-4056,100.0,,82.2,60.0,4,1,75.9,1,3,Research,10,6,74.5,LOW
PROJ-4057,62.6,16.9,65.0,50.0,3,1,31.9,27,7,Mobile,6,3,53.4,MEDIUM
PROJ-4058,55.6,10.2,67.1,26.3,14,4,0.0,16,6,IoT,19,5,38.2,HIGH
PROJ-4059,73.7,12.9,75.0,47.4,10,3,63.3,47,7,IoT,19,9,62.6,MEDIUM
PROJ-4060,54.9,1.0,49.0,25.0,18,5,26.7,15,4,AI,24,6,10.4,HIGH
PROJ-4061,75.6,3.8,44.0,45.5,6,9,19.2,22,7,Web,11,5,,HIGH
PROJ-4062,87.4,22.0,90.7,84.6,2,0,65.5,70,7,Mobile,13,11,40.5,LOW
PROJ-4063,72.6,14.5,56.0,66.7,4,2,43.5,23,3,Mobile,12,8,73.8,MEDIUM
PROJ-4064,76.6,14.4,53.7,69.6,7,2,92.5,12,4,AI,23,16,52.9,LOW
PROJ-4065,47.6,3.7,61.9,29.4,12,2,39.9,27,5,Web,17,5,,HIGH
PROJ-4066,59.9,10.4,49.0,25.0,6,3,0.0,18,1,AI,8,2,11.0,HIGH
PROJ-4067,68.6,10.1,51.5,0.0,27,5,54.0,22,4,Research,27,0,37.7,HIGH
PROJ-4068,,22.9,71.8,42.1,11,1,84.7,49,7,IoT,19,8,77.6,LOW
PROJ-4069,99.9,13.3,73.8,79.2,5,1,87.3,17,7,AI,24,19,69.9,LOW
PROJ-4070,55.9,5.0,46.5,20.0,8,5,34.0,43,7,Mobile,10,2,34.9,HIGH
PROJ-4071,84.4,13.8,50.2,83.3,3,0,70.4,23,4,Research,18,15,,LOW
PROJ-4072,74.3,15.1,78.3,55.6,4,1,45.9,16,4,IoT,9,5,22.0,MEDIUM
PROJ-4073,38.4,12.6,62.8,50.0,4,2,55.0,33,7,Research,8,4,14.2,HIGH
PROJ-4074,66.3,14.8,34.3,50.0,10,2,11.6,29,7,Mobile,20,10,54.2,MEDIUM
PROJ-4075,71.7,10.6,49.1,40.0,3,3,30.1,38,2,Research,5,2,24.4,HIGH
PROJ-4076,84.3,12.3,57.5,50.0,3,4,0.0,16,5,AI,6,3,57.0,HIGH
PROJ-4077,57.6,9.1,60.8,33.3,16,2,25.0,1,1,Research,24,8,18.6,HIGH
PROJ-4078,56.6,8.1,45.5,33.3,12,3,20.8,10,7,Mobile,18,6,39.9,HIGH
PROJ-4079,83.5,12.7,68.4,60.0,2,0,66.8,22,1,Research,5,3,44.3,LOW
PROJ-4080,62.2,2.0,64.2,0.0,12,4,52.2,21,2,Web,12,0,,HIGH
PROJ-4081,64.6,7.2,25.9,29.2,17,3,59.4,6,3,Research,24,7,25.3,HIGH
PROJ-4082,59.2,15.9,66.8,16.7,5,4,0.0,35,4,IoT,6,1,14.4,HIGH
PROJ-4083,73.4,20.1,90.0,100.0,0,2,62.9,39,4,Mobile,18,18,,LOW
PROJ-4084,53.7,13.6,66.3,50.0,3,7,37.4,33,1,IoT,6,3,54.6,MEDIUM
PROJ-4085,65.2,10.2,53.1,18.8,13,6,32.8,24,4,Web,16,3,27.5,HIGH
PROJ-4086,53.1,9.2,33.6,23.1,10,4,31.3,19,2,AI,13,3,36.3,HIGH
PROJ-4087,71.8,21.1,55.1,80.0,1,2,74.4,40,1,Research,5,4,81.9,LOW
PROJ-4088,74.9,12.2,28.5,43.8,9,5,47.3,19,7,IoT,16,7,33.0,HIGH
PROJ-4089,,5.5,56.7,50.0,9,6,16.2,22,7,IoT,18,9,28.6,HIGH
PROJ-4090,70.7,7.9,80.2,25.0,15,3,,18,2,Mobile,20,5,6.7,MEDIUM
PROJ-4091,60.3,2.3,39.1,25.0,6,6,29.7,1,6,AI,8,2,17.5,HIGH
PROJ-4092,87.6,18.0,66.4,72.2,5,0,79.0,62,6,Web,18,13,66.0,LOW
PROJ-4093,65.2,12.7,77.9,46.7,8,1,51.5,38,2,Web,15,7,56.0,MEDIUM
PROJ-4094,79.9,22.7,62.4,80.0,4,1,78.6,52,1,Research,20,16,56.3,LOW
PROJ-4095,75.7,18.7,76.9,0.0,7,4,64.1,2,7,Web,7,0,50.2,MEDIUM
PROJ-4096,57.0,1.0,52.9,53.8,6,9,39.8,18,6,Web,13,7,33.6,HIGH
PROJ-4097,80.2,11.8,65.2,44.4,10,1,23.7,11,4,IoT,18,8,36.1,MEDIUM
PROJ-4098,67.6,15.0,24.8,9.1,10,4,23.9,15,3,AI,11,1,19.7,HIGH
PROJ-4099,71.0,10.8,71.6,40.0,3,4,63.3,34,5,Research,5,2,34.9,MEDIUM
PROJ-4100,83.4,12.3,39.1,9.1,20,4,23.0,1,5,IoT,22,2,25.2,HIGH
PROJ-4101,62.0,9.7,61.0,48.0,13,2,23.2,42,1,AI,25,12,55.5,MEDIUM
PROJ-4102,74.2,18.9,81.0,50.0,12,0,57.3,41,7,Web,24,12,59.9,MEDIUM
PROJ-4103,82.4,24.5,72.0,100.0,0,0,60.3,69,4,AI,7,7,100.0,LOW
PROJ-4104,86.3,29.8,87.9,52.2,11,1,77.2,45,4,IoT,23,12,84.3,LOW
PROJ-4105,66.6,12.0,51.0,30.8,9,4,17.8,32,6,Mobile,13,4,51.3,HIGH
PROJ-4106,30.6,12.7,33.5,14.3,24,2,24.0,1,6,Mobile,28,4,36.7,HIGH
PROJ-4107,64.9,21.8,82.4,40.0,3,3,63.4,28,3,IoT,5,2,49.4,MEDIUM
PROJ-4108,60.8,22.8,61.4,36.4,7,2,46.1,44,2,AI,11,4,28.7,MEDIUM
PROJ-4109,41.6,16.0,61.2,5.9,16,8,22.6,38,2,Web,17,1,38.0,HIGH
PROJ-4110,76.7,6.1,26.3,30.8,9,4,36.3,24,3,IoT,13,4,41.3,HIGH
PROJ-4111,46.0,12.4,44.4,31.8,15,4,13.5,38,2,Research,22,7,60.1,HIGH
PROJ-4112,69.8,7.8,28.7,13.0,20,3,30.3,46,2,IoT,23,3,27.5,HIGH
PROJ-4113,44.1,17.5,62.9,33.3,14,0,,1,3,IoT,21,7,13.0,HIGH
PROJ-4114,95.6,21.5,80.7,89.7,3,0,67.0,58,5,Web,29,26,95.0,LOW
PROJ-4115,64.8,20.1,76.5,46.7,8,3,18.4,67,2,Web,15,7,50.5,MEDIUM
PROJ-4116,66.8,16.6,54.6,25.9,20,5,33.7,38,4,Web,27,7,50.2,HIGH
PROJ-4117,72.1,13.5,72.6,60.0,2,2,72.8,52,7,Research,5,3,68.8,LOW
PROJ-4118,83.1,1.0,75.6,54.5,5,2,24.5,37,2,IoT,11,6,,HIGH
PROJ-4119,72.9,17.5,77.7,52.9,8,5,24.9,16,7,Research,17,9,83.3,MEDIUM
PROJ-4120,82.1,12.3,73.9,21.4,11,3,23.3,37,6,IoT,14,3,16.9,HIGH
PROJ-4121,,9.1,71.2,60.0,6,10,73.5,26,4,Web,15,9,49.1,MEDIUM
PROJ-4122,,23.6,80.0,70.6,5,0,66.5,33,4,IoT,17,12,73.6,LOW
PROJ-4123,71.3,30.8,79.6,100.0,0,0,64.8,29,2,AI,14,14,60.3,LOW
PROJ-4124,82.0,22.0,67.7,78.6,3,0,68.5,49,3,IoT,14,11,63.4,LOW
PROJ-4125,58.7,14.0,68.2,52.6,9,2,39.0,54,5,Web,19,10,41.1,MEDIUM
PROJ-4126,70.1,3.1,57.2,15.4,11,5,72.3,4,6,IoT,13,2,19.5,HIGH
PROJ-4127,71.3,14.4,44.8,68.8,5,1,48.6,49,6,Web,16,11,30.8,MEDIUM
PROJ-4128,90.8,2.3,54.5,9.1,10,4,31.2,25,3,IoT,11,1,45.7,HIGH
PROJ-4129,57.1,17.5,51.1,45.8,13,4,39.9,41,2,Web,24,11,39.2,MEDIUM
PROJ-4130,80.9,22.3,65.2,33.3,16,2,86.0,56,1,IoT,24,8,76.2,LOW
PROJ-4131,79.2,14.9,74.6,61.5,5,0,65.2,21,5,Web,13,8,56.5,MEDIUM
PROJ-4132,84.3,26.7,72.8,83.3,1,0,62.4,62,1,IoT,6,5,33.1,LOW
PROJ-4133,92.3,19.2,75.5,72.4,8,0,85.6,59,3,Research,29,21,42.8,LOW
PROJ-4134,92.2,14.9,61.5,60.0,8,3,46.4,87,7,Mobile,20,12,55.1,MEDIUM
PROJ-4135,71.0,1.4,27.0,11.1,8,5,27.6,29,1,Research,9,1,13.6,HIGH
PROJ-4136,62.9,5.9,67.2,14.3,24,3,22.4,36,6,Mobile,28,4,50.3,HIGH
PROJ-4137,60.0,20.8,78.0,50.0,12,2,16.6,38,7,Web,24,12,34.5,MEDIUM
PROJ-4138,60.8,9.9,74.5,0.0,16,6,15.2,33,4,Mobile,16,0,30.0,HIGH
PROJ-4139,69.5,12.0,68.5,53.8,6,2,68.4,25,5,IoT,13,7,23.7,MEDIUM
PROJ-4140,76.4,22.5,64.0,36.8,12,4,51.1,43,5,IoT,19,7,40.8,MEDIUM
PROJ-4141,69.2,28.7,45.9,91.7,2,1,68.8,50,5,Web,24,22,59.1,LOW
PROJ-4142,62.7,1.0,72.5,33.3,6,2,19.7,1,1,Research,9,3,17.4,HIGH
PROJ-4143,70.8,16.9,69.3,14.3,24,5,43.5,38,7,Web,28,4,54.3,MEDIUM
PROJ-4144,78.1,21.3,81.1,71.4,6,2,56.3,51,5,Research,21,15,86.3,LOW
PROJ-4145,57.1,1.0,66.1,25.0,15,2,20.2,28,2,AI,20,5,60.9,HIGH
PROJ-4146,57.4,22.4,29.5,40.0,15,4,62.6,34,7,IoT,25,10,37.7,MEDIUM
PROJ-4147,72.9,5.9,40.9,56.0,11,2,56.8,41,4,AI,25,14,52.1,MEDIUM
PROJ-4148,67.2,2.8,47.9,42.9,16,8,11.5,44,7,Mobile,28,12,32.2,HIGH
PROJ-4149,75.0,12.6,46.0,23.5,13,3,41.1,23,1,Mobile,17,4,55.4,HIGH
PROJ-4150,60.2,9.1,60.2,50.0,7,2,48.5,21,1,Mobile,14,7,20.1,MEDIUM
PROJ-4151,71.4,12.5,62.4,65.2,8,2,40.3,36,7,Research,23,15,52.0,MEDIUM
PROJ-4152,69.2,19.5,58.4,20.0,4,1,38.1,46,2,AI,5,1,36.2,MEDIUM
PROJ-4153,64.8,19.9,57.9,25.0,15,1,,30,1,IoT,20,5,55.0,MEDIUM
PROJ-4154,74.6,15.7,62.4,80.0,3,3,17.5,16,7,AI,15,12,38.1,MEDIUM
PROJ-4155,82.8,19.7,79.1,54.2,11,2,55.8,68,3,Research,24,13,69.8,MEDIUM
PROJ-4156,,20.3,59.4,64.3,10,2,80.1,1,6,IoT,28,18,4.0,MEDIUM
PROJ-4157,82.7,15.6,51.1,28.6,15,4,23.6,59,5,Web,21,6,54.3,MEDIUM
PROJ-4158,,14.6,50.6,48.1,14,1,80.4,17,1,Mobile,27,13,71.4,LOW
PROJ-4159,65.2,11.8,28.6,63.6,4,1,34.8,50,4,AI,11,7,33.7,MEDIUM
PROJ-4160,93.1,18.3,69.1,100.0,0,2,88.9,77,3,IoT,17,17,66.9,LOW
PROJ-4161,69.6,21.9,21.4,20.0,4,3,38.1,67,7,AI,5,1,22.9,MEDIUM
PROJ-4162,82.2,16.7,78.6,34.6,17,1,50.1,50,3,Mobile,26,9,57.0,MEDIUM
PROJ-4163,82.7,18.9,60.8,84.6,4,1,48.0,41,2,IoT,26,22,74.7,LOW
PROJ-4164,83.3,20.5,89.6,60.0,2,0,56.9,41,1,AI,5,3,71.2,LOW
PROJ-4165,94.3,14.3,83.4,90.9,2,1,,50,2,AI,22,20,76.6,LOW
PROJ-4166,85.1,21.1,77.9,53.8,6,2,75.9,48,2,Research,13,7,45.0,LOW
PROJ-4167,92.4,9.7,70.9,42.9,8,3,87.2,8,6,Web,14,6,45.8,MEDIUM
PROJ-4168,83.2,16.6,94.6,35.7,9,2,72.2,32,6,AI,14,5,80.9,LOW
PROJ-4169,61.2,21.4,77.7,45.5,6,1,68.2,37,5,IoT,11,5,50.0,MEDIUM
PROJ-4170,65.8,5.4,52.1,28.6,20,4,49.9,19,5,AI,28,8,21.9,HIGH
PROJ-4171,70.7,7.6,78.3,55.6,12,2,71.8,54,4,Web,27,15,90.8,MEDIUM
PROJ-4172,60.0,18.1,53.5,68.4,6,0,29.4,40,3,IoT,19,13,47.8,MEDIUM
PROJ-4173,66.8,11.1,20.9,0.0,5,5,70.1,44,1,Mobile,5,0,42.2,HIGH
PROJ-4174,74.0,17.4,49.8,42.9,4,3,55.3,1,2,Research,7,3,44.4,MEDIUM
PROJ-4175,49.8,2.6,48.8,25.0,6,7,26.4,51,6,Research,8,2,82.5,HIGH
PROJ-4176,67.8,17.1,78.4,28.6,5,2,54.8,42,7,Mobile,7,2,41.5,MEDIUM
PROJ-4177,71.7,16.1,50.0,14.3,24,6,0.0,20,5,AI,28,4,37.2,HIGH
PROJ-4178,61.6,21.9,55.2,50.0,4,2,32.2,33,7,Mobile,8,4,33.8,MEDIUM
PROJ-4179,84.3,18.9,,70.6,5,0,71.5,26,1,IoT,17,12,89.1,LOW
PROJ-4180,64.0,15.2,89.9,31.2,11,1,27.9,35,7,Mobile,16,5,47.4,MEDIUM
PROJ-4181,75.9,7.8,71.2,43.8,9,3,49.9,28,3,Web,16,7,33.2,MEDIUM
PROJ-4182,,19.8,78.9,66.7,3,0,82.8,1,1,Web,9,6,51.8,LOW
PROJ-4183,84.3,13.1,45.2,50.0,4,2,7.3,74,1,Web,8,4,40.4,MEDIUM
PROJ-4184,37.0,3.2,,20.0,12,7,16.8,21,3,Mobile,15,3,6.7,HIGH
PROJ-4185,64.0,13.9,47.7,46.2,7,1,0.6,18,7,IoT,13,6,50.0,HIGH
PROJ-4186,75.9,17.3,83.7,81.0,4,1,78.8,42,4,Mobile,21,17,46.9,LOW
PROJ-4187,74.8,11.4,56.0,28.6,20,1,54.3,12,7,Research,28,8,85.3,MEDIUM
PROJ-4188,57.4,7.1,50.8,28.0,18,3,28.6,59,4,AI,25,7,43.0,MEDIUM
PROJ-4189,79.7,17.4,74.4,66.7,6,3,42.7,42,4,AI,18,12,41.4,MEDIUM
PROJ-4190,82.5,11.9,38.4,28.0,18,3,26.8,50,6,Mobile,25,7,40.3,MEDIUM
PROJ-4191,70.8,24.9,61.1,62.5,9,2,68.9,30,3,Mobile,24,15,77.5,LOW
PROJ-4192,49.3,11.6,28.4,34.5,19,6,50.7,1,2,Research,29,10,29.3,HIGH
PROJ-4193,,18.4,66.4,54.5,10,5,56.0,48,1,Mobile,22,12,,MEDIUM
PROJ-4194,79.0,19.8,49.7,72.7,3,1,60.7,45,7,Web,11,8,73.6,LOW
PROJ-4195,65.8,17.9,59.6,71.4,2,1,43.0,82,7,IoT,7,5,21.1,MEDIUM
PROJ-4196,82.1,16.5,76.0,66.7,5,4,70.9,73,5,AI,15,10,53.8,LOW
PROJ-4197,52.1,7.8,37.7,23.1,10,2,16.0,43,1,IoT,13,3,22.4,HIGH
PROJ-4198,68.2,18.2,58.7,38.5,8,1,75.4,42,5,IoT,13,5,35.3,LOW
PROJ-4199,,2.2,61.4,33.3,4,2,22.6,17,1,IoT,6,2,38.0,HIGH
PROJ-4200,73.6,9.2,72.1,23.1,10,4,63.2,40,4,IoT,13,3,24.9,HIGH
PROJ-4201,81.3,10.3,54.5,33.3,4,4,43.8,1,6,AI,6,2,54.8,MEDIUM
PROJ-4202,56.8,13.5,49.0,12.5,21,5,56.3,1,7,AI,24,3,41.6,HIGH
PROJ-4203,63.0,11.0,55.9,35.3,11,2,19.6,1,2,Web,17,6,64.4,MEDIUM
PROJ-4204,65.4,5.2,16.1,0.0,10,4,57.1,29,5,Mobile,10,0,9.4,HIGH
PROJ-4205,,14.1,54.1,41.2,10,3,48.4,32,2,IoT,17,7,50.0,MEDIUM
PROJ-4206,59.7,6.0,47.9,6.2,15,5,1.2,31,5,IoT,16,1,29.6,HIGH
PROJ-4207,74.3,18.1,80.7,76.2,5,0,90.4,21,4,AI,21,16,79.6,LOW
PROJ-4208,68.8,6.7,72.8,53.6,13,5,35.0,13,5,IoT,28,15,17.4,MEDIUM
PROJ-4209,71.8,13.1,58.1,37.0,17,1,39.3,9,2,Research,27,10,8.0,HIGH
PROJ-4210,49.9,11.1,42.5,42.1,11,5,,22,3,AI,19,8,33.0,HIGH
PROJ-4211,66.9,21.5,44.6,20.0,4,7,35.8,19,4,IoT,5,1,51.6,HIGH
PROJ-4212,77.2,,83.8,66.7,9,0,88.9,59,2,IoT,27,18,69.1,LOW
PROJ-4213,84.0,22.4,79.2,25.0,6,1,76.8,87,3,Research,8,2,61.4,LOW
PROJ-4214,65.2,5.0,34.0,31.8,15,2,25.0,9,7,IoT,22,7,31.7,HIGH
PROJ-4215,76.7,,54.3,7.7,12,1,18.8,17,6,IoT,13,1,39.0,HIGH
PROJ-4216,60.8,8.6,56.0,55.6,4,6,43.0,35,6,Web,9,5,22.8,HIGH
PROJ-4217,54.7,9.1,68.4,22.2,21,3,72.6,23,6,Web,27,6,20.1,MEDIUM
PROJ-4218,83.6,7.5,60.0,53.8,6,5,56.2,44,1,Research,13,7,56.3,MEDIUM
PROJ-4219,59.8,15.9,30.5,21.4,11,2,21.3,57,2,AI,14,3,10.2,HIGH
PROJ-4220,50.8,7.3,39.1,36.4,14,5,,28,7,AI,22,8,39.4,HIGH
PROJ-4221,65.8,21.5,,25.0,6,1,49.5,15,7,Web,8,2,79.8,MEDIUM
PROJ-4222,86.4,16.5,75.0,89.5,2,1,100.0,44,6,Web,19,17,84.3,LOW
PROJ-4223,83.0,20.4,86.9,72.0,7,1,56.7,55,4,Research,25,18,68.7,LOW
PROJ-4224,93.5,33.9,79.8,65.5,10,0,60.5,72,6,AI,29,19,43.3,LOW
PROJ-4225,69.2,1.0,48.1,42.1,11,2,50.8,16,4,AI,19,8,5.9,HIGH
PROJ-4226,,3.6,78.3,60.0,4,3,67.2,31,2,AI,10,6,78.6,MEDIUM
PROJ-4227,62.4,25.9,54.4,44.4,5,3,52.7,26,7,Web,9,4,16.2,MEDIUM
PROJ-4228,72.8,30.8,56.3,91.7,1,0,48.3,34,2,Research,12,11,78.0,LOW
PROJ-4229,72.7,19.7,70.7,60.0,6,2,63.9,44,7,Web,15,9,80.3,LOW
PROJ-4230,73.6,,49.4,25.0,18,3,15.6,36,5,Research,24,6,20.5,HIGH
PROJ-4231,75.4,10.9,44.8,53.3,7,2,33.9,71,1,AI,15,8,37.8,MEDIUM
PROJ-4232,78.1,23.7,58.6,52.9,8,1,63.5,69,2,Research,17,9,90.4,LOW
PROJ-4233,57.7,3.6,89.0,20.0,12,3,29.1,3,1,IoT,15,3,25.2,HIGH
PROJ-4234,56.9,15.4,56.9,41.2,10,0,43.2,19,3,IoT,17,7,44.1,MEDIUM
PROJ-4235,69.2,27.0,34.2,61.5,5,2,41.0,41,4,Web,13,8,53.2,MEDIUM
PROJ-4236,100.0,15.9,61.1,33.3,12,2,40.4,13,4,Research,18,6,53.4,MEDIUM
PROJ-4237,68.4,24.3,50.0,51.7,14,0,83.5,54,5,IoT,29,15,67.2,LOW
PROJ-4238,47.9,4.2,39.3,13.6,19,5,18.8,8,7,Mobile,22,3,23.1,HIGH
PROJ-4239,59.3,17.1,51.5,14.3,6,1,37.4,35,3,IoT,7,1,5.0,HIGH
PROJ-4240,77.3,32.4,97.8,64.3,5,2,65.7,44,1,Mobile,14,9,88.3,LOW
PROJ-4241,,19.7,77.5,85.0,3,0,73.3,52,5,Mobile,20,17,74.0,LOW
PROJ-4242,33.9,12.3,51.3,20.7,23,1,39.6,39,5,AI,29,6,,HIGH
PROJ-4243,95.8,,98.3,87.5,1,2,76.5,24,2,Web,8,7,74.1,LOW
PROJ-4244,74.5,9.6,56.0,18.2,9,3,52.9,22,3,AI,11,2,16.7,MEDIUM
PROJ-4245,84.9,11.7,77.0,80.0,1,1,75.5,53,2,Mobile,5,4,71.4,LOW
PROJ-4246,63.2,13.2,64.7,64.3,5,4,53.0,58,4,Web,14,9,52.8,MEDIUM
PROJ-4247,87.7,14.5,,40.0,3,1,38.6,13,2,IoT,5,2,36.6,MEDIUM
PROJ-4248,70.3,15.7,80.1,60.9,9,0,56.0,37,1,Research,23,14,83.1,LOW
PROJ-4249,79.3,26.6,70.0,41.2,10,0,52.8,83,1,Research,17,7,62.2,LOW
PROJ-4250,97.2,26.7,73.8,100.0,0,1,64.1,40,6,IoT,14,14,65.4,LOW
PROJ-4251,78.5,5.2,89.3,45.5,6,4,37.7,1,4,AI,11,5,17.0,HIGH
PROJ-4252,89.6,12.5,94.8,80.0,2,3,55.8,75,4,Mobile,10,8,71.2,LOW
PROJ-4253,79.7,18.6,44.6,40.0,6,0,48.5,1,2,Web,10,4,76.2,LOW
PROJ-4254,83.9,28.7,71.0,50.0,12,0,65.2,56,6,Mobile,24,12,54.0,LOW
PROJ-4255,72.1,19.1,38.3,76.5,4,1,46.2,42,6,Mobile,17,13,13.5,MEDIUM
PROJ-4256,,16.2,89.0,80.0,1,1,76.6,46,1,Research,5,4,48.2,LOW
PROJ-4257,69.3,14.6,,46.2,7,4,56.3,4,4,IoT,13,6,71.3,MEDIUM
PROJ-4258,87.0,21.6,63.1,76.9,3,0,86.9,44,6,Mobile,13,10,39.1,LOW
PROJ-4259,57.0,16.8,62.2,59.3,11,1,68.8,46,2,Mobile,27,16,70.5,LOW
PROJ-4260,63.3,25.3,54.8,26.9,19,3,61.5,64,5,Research,26,7,65.4,MEDIUM
PROJ-4261,46.0,5.8,40.7,25.0,12,4,23.6,29,7,Mobile,16,4,54.3,HIGH
PROJ-4262,,3.2,51.5,50.0,4,2,77.6,45,3,AI,8,4,38.3,MEDIUM
PROJ-4263,66.2,16.0,24.1,33.3,8,11,,61,6,IoT,12,4,35.2,HIGH
PROJ-4264,59.9,6.5,37.9,27.3,8,3,0.6,1,1,Research,11,3,31.2,HIGH
PROJ-4265,65.1,17.2,75.3,33.3,10,1,40.1,1,3,AI,15,5,34.2,MEDIUM
PROJ-4266,72.5,26.4,59.7,90.9,2,1,58.6,23,6,AI,22,20,65.3,LOW
PROJ-4267,48.5,4.3,,25.0,6,4,42.1,18,2,Mobile,8,2,22.0,HIGH
PROJ-4268,62.7,13.2,82.9,52.2,11,3,45.4,1,6,Web,23,12,42.1,MEDIUM
PROJ-4269,71.7,16.7,43.5,42.9,16,5,56.9,19,1,IoT,28,12,26.3,MEDIUM
PROJ-4270,57.3,2.3,58.7,23.8,16,5,28.9,47,5,Mobile,21,5,39.6,HIGH
PROJ-4271,95.9,12.3,79.9,72.7,6,4,49.2,17,1,Mobile,22,16,55.1,LOW
PROJ-4272,81.2,5.0,30.4,13.3,13,3,24.9,41,7,Research,15,2,49.6,HIGH
PROJ-4273,67.2,14.6,41.9,0.0,14,3,11.0,29,4,AI,14,0,10.0,HIGH
PROJ-4274,48.8,13.1,68.4,38.5,16,2,28.6,38,2,Mobile,26,10,21.5,HIGH
PROJ-4275,62.0,10.9,68.2,46.4,15,4,66.9,48,6,AI,28,13,50.0,MEDIUM
PROJ-4276,70.1,,48.0,20.0,8,5,46.2,21,1,Web,10,2,45.9,MEDIUM
PROJ-4277,55.8,4.8,32.0,21.1,15,5,32.0,1,6,Web,19,4,15.1,HIGH
PROJ-4278,77.2,11.5,58.1,48.1,14,4,37.8,80,4,Research,27,13,34.9,MEDIUM
PROJ-4279,70.4,6.2,55.3,37.5,15,1,28.4,58,1,Web,24,9,58.7,MEDIUM
PROJ-4280,62.0,8.1,26.3,32.0,17,8,46.6,31,6,Research,25,8,24.1,HIGH
PROJ-4281,57.5,12.9,62.6,34.8,15,3,66.4,31,4,Mobile,23,8,49.6,MEDIUM
PROJ-4282,58.8,10.9,39.6,26.7,11,1,24.8,17,7,IoT,15,4,43.5,HIGH
PROJ-4283,83.8,16.3,73.5,60.0,10,0,84.0,32,4,Mobile,25,15,87.1,LOW
PROJ-4284,79.8,1.0,50.5,21.1,15,4,48.8,12,1,IoT,19,4,27.6,HIGH
PROJ-4285,57.1,4.7,57.5,36.8,12,4,53.0,56,5,Research,19,7,51.2,MEDIUM
PROJ-4286,90.5,27.4,75.2,70.0,6,1,68.0,52,7,Web,20,14,70.7,LOW
PROJ-4287,27.8,11.8,36.5,0.0,16,1,29.8,23,5,AI,16,0,18.5,HIGH
PROJ-4288,82.5,17.2,72.2,77.8,6,0,90.2,28,5,AI,27,21,55.0,LOW
PROJ-4289,81.3,33.0,70.1,64.7,6,1,79.8,88,5,Research,17,11,43.9,LOW
PROJ-4290,74.0,,71.0,41.2,10,2,42.8,60,1,Mobile,17,7,71.7,LOW
PROJ-4291,54.2,19.7,69.2,41.7,7,1,47.7,15,3,IoT,12,5,46.7,MEDIUM
PROJ-4292,69.7,,38.2,28.6,15,6,27.7,26,4,Research,21,6,40.2,HIGH
PROJ-4293,100.0,22.7,60.9,62.1,11,0,85.1,55,5,AI,29,18,95.8,LOW
PROJ-4294,91.2,21.5,81.1,42.9,8,2,90.7,53,7,Research,14,6,59.4,LOW
PROJ-4295,84.1,12.8,48.3,62.5,3,1,65.4,30,6,AI,8,5,49.8,MEDIUM
PROJ-4296,58.9,10.2,56.4,20.0,8,1,40.9,20,6,AI,10,2,50.2,HIGH
PROJ-4297,57.3,,35.5,44.4,15,7,42.9,57,2,Web,27,12,27.7,HIGH
PROJ-4298,50.2,13.5,61.1,64.7,6,0,52.2,40,7,Web,17,11,48.6,MEDIUM
PROJ-4299,78.8,19.8,54.5,16.7,5,6,54.9,22,2,Mobile,6,1,22.6,MEDIUM
PROJ-4300,68.8,7.9,53.9,3.4,28,4,23.1,36,1,AI,29,1,3.4,HIGH
PROJ-4301,63.5,22.4,66.5,42.9,4,1,39.9,22,6,Mobile,7,3,44.0,MEDIUM
PROJ-4302,75.5,3.0,44.6,30.0,7,4,36.6,1,2,Mobile,10,3,25.4,HIGH
PROJ-4303,72.8,4.6,82.1,52.4,10,1,37.5,40,5,Mobile,21,11,13.9,MEDIUM
PROJ-4304,77.5,22.7,76.9,57.1,3,0,54.8,42,1,IoT,7,4,57.0,LOW
PROJ-4305,80.1,18.3,50.1,61.5,5,1,66.5,34,5,AI,13,8,55.5,LOW
PROJ-4306,88.9,21.6,,85.7,2,2,87.5,45,5,AI,14,12,61.2,LOW
PROJ-4307,74.4,19.5,57.6,50.0,13,4,73.0,9,7,AI,26,13,63.7,MEDIUM
PROJ-4308,71.7,6.5,63.7,61.5,5,3,69.9,43,3,AI,13,8,42.6,MEDIUM
PROJ-4309,46.7,12.0,51.4,24.0,19,11,44.8,18,7,AI,25,6,36.3,HIGH
PROJ-4310,64.0,27.9,71.0,70.0,6,2,67.7,27,2,Web,20,14,64.7,LOW
PROJ-4311,91.3,28.2,99.6,54.5,5,3,63.8,90,2,Web,11,6,63.6,LOW
PROJ-4312,69.1,20.0,74.7,57.9,8,1,55.8,58,1,Web,19,11,,LOW
PROJ-4313,89.5,15.2,64.0,53.8,6,1,100.0,34,7,AI,13,7,74.2,LOW
PROJ-4314,67.6,8.9,58.1,44.4,15,5,61.9,11,6,Mobile,27,12,,MEDIUM
PROJ-4315,100.0,,83.3,60.0,2,2,69.8,40,6,IoT,5,3,58.7,LOW
PROJ-4316,79.6,18.4,68.7,62.5,3,3,58.1,7,5,Research,8,5,53.2,MEDIUM
PROJ-4317,52.8,8.0,61.5,53.3,7,3,37.2,39,6,Research,15,8,49.2,HIGH
PROJ-4318,40.6,16.0,65.1,0.0,5,3,46.1,44,3,IoT,5,0,4.4,HIGH
PROJ-4319,86.4,13.0,34.3,84.6,2,3,51.2,56,4,Mobile,13,11,41.3,MEDIUM
PROJ-4320,64.8,12.1,34.3,68.0,8,4,19.4,27,6,IoT,25,17,28.9,HIGH
PROJ-4321,63.6,12.7,49.1,66.7,3,6,41.8,46,5,Mobile,9,6,35.8,MEDIUM
PROJ-4322,68.6,18.1,32.9,23.5,13,4,46.9,27,4,Mobile,17,4,54.1,MEDIUM
PROJ-4323,90.3,16.1,23.5,60.0,4,2,59.4,30,1,Research,10,6,29.2,MEDIUM
PROJ-4324,80.1,14.6,48.6,30.0,7,4,54.8,24,2,Research,10,3,35.8,MEDIUM
PROJ-4325,91.2,17.5,45.2,56.0,11,1,54.5,42,7,Web,25,14,48.0,MEDIUM
PROJ-4326,57.5,9.4,79.5,46.2,7,3,36.8,7,5,AI,13,6,23.6,HIGH
PROJ-4327,63.3,13.2,94.2,50.0,5,2,82.3,48,5,Mobile,10,5,50.7,MEDIUM
PROJ-4328,63.5,18.7,63.8,23.8,16,1,,40,1,AI,21,5,59.3,MEDIUM
PROJ-4329,87.7,18.9,55.7,60.0,2,1,60.6,4,5,IoT,5,3,70.6,LOW
PROJ-4330,70.9,5.0,39.3,39.1,14,6,22.0,26,1,AI,23,9,31.3,HIGH
PROJ-4331,89.9,13.1,39.1,50.0,6,4,31.2,71,2,Web,12,6,62.6,MEDIUM
PROJ-4332,50.3,9.2,46.0,44.0,14,1,24.6,1,4,Research,25,11,30.2,HIGH
PROJ-4333,73.4,14.7,73.0,63.6,4,6,80.7,33,5,IoT,11,7,24.2,MEDIUM
PROJ-4334,61.3,16.7,66.5,50.0,5,0,96.6,52,4,AI,10,5,79.0,LOW
PROJ-4335,73.5,1.0,50.2,25.0,12,0,31.2,34,5,Research,16,4,,HIGH
PROJ-4336,79.5,16.8,77.3,71.4,2,0,67.6,46,4,AI,7,5,55.0,LOW
PROJ-4337,50.5,10.9,37.5,28.6,10,3,52.9,10,7,Research,14,4,19.1,HIGH
PROJ-4338,84.7,7.1,83.3,21.4,11,4,78.2,39,4,Mobile,14,3,46.2,MEDIUM
PROJ-4339,84.2,4.9,50.8,34.5,19,1,59.8,56,5,Web,29,10,8.8,MEDIUM
PROJ-4340,83.1,14.2,61.6,40.0,6,1,54.8,84,5,Web,10,4,,LOW
PROJ-4341,53.3,1.8,57.7,27.3,16,3,67.5,76,4,Mobile,22,6,46.4,MEDIUM
PROJ-4342,73.2,1.0,72.8,85.7,4,2,24.8,34,6,Web,28,24,54.6,MEDIUM
PROJ-4343,73.8,17.0,65.5,91.7,2,0,71.3,27,5,AI,24,22,75.0,LOW
PROJ-4344,65.4,9.1,58.1,0.0,5,2,29.7,36,7,AI,5,0,32.6,HIGH
PROJ-4345,76.2,20.5,75.2,60.7,11,1,56.9,44,3,Mobile,28,17,74.6,LOW
PROJ-4346,57.5,4.3,63.5,50.0,9,3,64.8,8,2,Web,18,9,62.7,MEDIUM
PROJ-4347,55.0,12.3,63.9,16.7,5,4,33.7,1,6,IoT,6,1,32.7,HIGH
PROJ-4348,53.7,,41.5,27.3,8,4,31.4,17,1,Mobile,11,3,0.0,HIGH
PROJ-4349,71.0,1.4,49.8,11.1,8,4,52.5,44,5,IoT,9,1,0.0,HIGH
PROJ-4350,44.4,11.8,59.0,9.5,19,3,24.4,34,3,Web,21,2,11.8,HIGH
PROJ-4351,51.5,6.3,51.3,31.8,15,3,18.6,7,3,Web,22,7,12.9,HIGH
PROJ-4352,94.2,18.3,59.9,34.8,15,3,51.3,17,3,Research,23,8,31.9,MEDIUM
PROJ-4353,47.9,5.7,22.7,42.9,4,2,43.2,1,3,AI,7,3,18.8,HIGH
PROJ-4354,63.2,22.5,86.9,46.2,7,5,,79,5,Research,13,6,62.4,MEDIUM
PROJ-4355,56.7,9.2,44.5,40.0,3,4,50.6,1,3,Web,5,2,27.4,HIGH
PROJ-4356,75.5,,65.1,22.2,7,0,31.7,28,5,Web,9,2,37.5,MEDIUM
PROJ-4357,51.5,6.6,26.7,27.3,8,1,70.6,33,3,AI,11,3,26.6,HIGH
PROJ-4358,78.8,20.7,65.3,62.5,9,2,45.1,82,5,AI,24,15,74.8,LOW
PROJ-4359,74.2,9.4,40.5,41.2,10,1,84.1,11,5,IoT,17,7,67.9,MEDIUM
PROJ-4360,67.6,19.2,60.6,20.8,19,5,24.9,48,4,AI,24,5,49.1,MEDIUM
PROJ-4361,94.4,13.5,68.0,33.3,6,1,71.2,57,1,Mobile,9,3,37.2,MEDIUM
PROJ-4362,50.4,10.0,57.7,33.3,12,5,14.7,46,6,Web,18,6,42.4,HIGH
PROJ-4363,79.2,17.3,49.9,35.7,18,7,,54,4,IoT,28,10,35.8,HIGH
PROJ-4364,73.7,,41.8,44.4,5,5,36.1,1,7,Research,9,4,0.0,HIGH
PROJ-4365,94.2,16.1,74.4,73.1,7,0,49.2,23,5,Research,26,19,,LOW
PROJ-4366,70.4,5.3,57.3,50.0,10,1,15.2,69,6,Web,20,10,33.3,MEDIUM
PROJ-4367,68.9,16.5,67.7,50.0,9,5,52.1,37,4,IoT,18,9,65.8,MEDIUM
PROJ-4368,67.2,12.8,67.0,66.7,8,0,56.3,55,7,IoT,24,16,47.5,LOW
PROJ-4369,88.0,20.2,75.2,90.0,1,0,59.6,56,1,IoT,10,9,45.1,LOW
PROJ-4370,72.3,21.0,87.1,40.0,6,2,16.7,28,7,Mobile,10,4,49.0,MEDIUM
PROJ-4371,64.8,2.2,62.1,26.7,11,3,32.1,56,6,Web,15,4,43.6,MEDIUM
PROJ-4372,48.2,11.2,26.5,25.0,6,7,39.8,24,2,AI,8,2,23.4,HIGH
PROJ-4373,62.1,22.8,75.5,55.6,4,1,92.4,33,3,AI,9,5,57.3,LOW
PROJ-4374,58.9,12.3,51.2,57.1,3,1,37.3,41,1,Web,7,4,41.9,MEDIUM
PROJ-4375,63.0,3.2,37.5,10.0,9,2,46.4,28,3,Research,10,1,48.0,HIGH
PROJ-4376,84.6,8.6,10.4,48.1,14,2,34.0,61,5,Research,27,13,63.2,MEDIUM
PROJ-4377,97.3,13.5,77.1,54.5,5,1,73.1,54,6,IoT,11,6,88.3,MEDIUM
PROJ-4378,68.8,13.4,57.6,60.0,8,3,21.4,31,4,AI,20,12,33.0,MEDIUM
PROJ-4379,91.5,17.3,77.2,60.0,10,2,91.4,35,2,Mobile,25,15,72.9,LOW
PROJ-4380,88.3,11.0,78.2,58.8,7,2,81.8,66,5,Web,17,10,69.4,LOW
PROJ-4381,77.7,18.6,84.1,40.0,3,1,51.3,28,1,Web,5,2,90.9,LOW
PROJ-4382,61.8,12.5,74.4,39.3,17,3,51.6,45,3,Mobile,28,11,18.8,MEDIUM
PROJ-4383,43.9,11.5,58.2,27.8,13,3,16.4,53,1,Research,18,5,15.9,HIGH
PROJ-4384,91.0,10.1,51.3,25.0,12,2,26.8,32,5,Web,16,4,43.5,HIGH
PROJ-4385,89.1,26.4,56.5,71.4,2,0,100.0,70,6,Web,7,5,58.1,LOW
PROJ-4386,90.3,17.4,70.7,36.8,12,2,79.5,43,1,IoT,19,7,53.5,MEDIUM
PROJ-4387,78.3,23.0,73.3,64.7,6,1,73.6,83,2,AI,17,11,81.2,LOW
PROJ-4388,86.0,19.7,69.8,50.0,10,0,65.6,46,2,AI,20,10,48.1,LOW
PROJ-4389,86.7,14.5,57.3,70.0,6,1,57.7,32,6,IoT,20,14,56.7,LOW
PROJ-4390,63.1,14.1,68.1,14.3,6,3,19.8,22,7,IoT,7,1,16.3,HIGH
PROJ-4391,63.5,26.1,83.6,58.3,5,2,57.5,28,7,Web,12,7,36.0,MEDIUM
PROJ-4392,81.5,18.6,43.3,34.5,19,2,47.2,43,7,IoT,29,10,57.7,MEDIUM
PROJ-4393,83.1,,72.1,75.0,3,0,59.7,81,4,Mobile,12,9,76.3,LOW
PROJ-4394,57.7,14.3,28.2,20.0,20,4,36.6,19,7,Research,25,5,18.6,HIGH
PROJ-4395,83.8,12.5,87.1,50.0,7,6,41.8,47,6,Research,14,7,68.1,MEDIUM
PROJ-4396,35.0,5.4,56.3,15.8,16,5,28.6,10,1,Mobile,19,3,13.4,HIGH
PROJ-4397,74.7,18.8,75.0,43.8,9,2,77.5,20,6,AI,16,7,54.0,MEDIUM
PROJ-4398,59.6,11.7,66.4,25.0,21,3,41.0,7,6,IoT,28,7,43.8,HIGH
PROJ-4399,80.6,16.4,69.3,66.7,9,1,78.0,51,4,IoT,27,18,55.8,LOW
PROJ-4400,90.4,22.4,74.8,66.7,5,3,57.0,29,3,AI,15,10,60.4,LOW
PROJ-4401,61.4,17.6,51.9,33.3,10,1,23.4,13,5,Research,15,5,39.4,MEDIUM
PROJ-4402,82.3,,75.5,45.5,12,7,8.7,37,7,IoT,22,10,71.8,MEDIUM
PROJ-4403,77.5,12.9,64.3,60.9,9,0,56.5,33,3,Web,23,14,72.5,LOW
PROJ-4404,74.4,16.7,80.6,66.7,7,3,82.4,84,3,Research,21,14,40.1,LOW
PROJ-4405,48.3,4.1,52.2,22.2,21,1,39.2,1,6,AI,27,6,20.8,HIGH
PROJ-4406,85.0,6.6,64.2,27.8,13,1,39.7,52,7,Research,18,5,74.1,MEDIUM
PROJ-4407,92.3,23.4,81.5,70.6,5,4,75.2,60,4,AI,17,12,33.1,LOW
PROJ-4408,67.3,14.4,59.0,20.8,19,3,36.7,13,3,Mobile,24,5,23.2,HIGH
PROJ-4409,68.0,14.1,60.1,28.6,15,3,34.8,29,2,AI,21,6,27.4,HIGH
PROJ-4410,64.8,5.4,48.9,41.7,7,2,64.0,1,2,IoT,12,5,22.8,HIGH
PROJ-4411,65.9,21.4,75.6,66.7,2,1,49.4,61,4,Research,6,4,69.3,LOW
PROJ-4412,73.4,20.8,57.3,27.3,8,1,44.3,2,1,Web,11,3,29.7,MEDIUM
PROJ-4413,75.1,9.0,63.4,38.5,8,1,63.6,36,2,Web,13,5,58.4,MEDIUM
PROJ-4414,78.8,19.7,50.8,33.3,8,3,62.6,30,5,Web,12,4,67.2,MEDIUM
PROJ-4415,52.6,19.5,40.5,25.0,6,6,25.8,38,6,Web,8,2,1.4,HIGH
PROJ-4416,88.8,18.3,56.2,66.7,6,3,74.7,9,6,IoT,18,12,51.8,LOW
PROJ-4417,54.1,10.1,53.0,35.3,11,3,53.5,38,5,Research,17,6,59.6,MEDIUM
PROJ-4418,87.4,14.2,99.6,33.3,4,0,74.7,80,5,IoT,6,2,42.5,LOW
PROJ-4419,71.8,18.8,41.1,69.2,4,1,55.7,15,3,IoT,13,9,62.9,MEDIUM
PROJ-4420,89.4,10.3,62.6,41.7,7,3,47.8,58,7,IoT,12,5,42.5,MEDIUM
PROJ-4421,77.2,28.2,79.4,80.0,1,0,47.6,43,1,Mobile,5,4,80.2,LOW
PROJ-4422,80.4,10.0,50.8,51.9,13,3,63.4,2,6,Mobile,27,14,26.1,HIGH
PROJ-4423,93.5,20.2,85.6,57.1,6,1,53.6,54,5,IoT,14,8,100.0,LOW
PROJ-4424,65.7,15.7,51.1,63.6,4,5,47.4,10,7,AI,11,7,61.5,MEDIUM
PROJ-4425,94.0,22.5,65.8,62.1,11,3,45.3,58,5,AI,29,18,46.8,LOW
PROJ-4426,38.2,13.4,59.4,37.5,10,3,23.2,28,2,AI,16,6,26.3,HIGH
PROJ-4427,79.0,7.8,59.1,40.7,16,1,44.6,58,6,Mobile,27,11,61.6,MEDIUM
PROJ-4428,81.0,9.2,47.2,44.4,15,4,37.4,24,4,Web,27,12,11.4,HIGH
PROJ-4429,65.5,8.6,47.1,25.0,6,6,34.0,31,7,IoT,8,2,19.6,HIGH
PROJ-4430,50.8,9.3,50.5,46.2,7,1,60.2,23,3,AI,13,6,28.2,MEDIUM
PROJ-4431,,24.1,65.7,42.9,4,0,75.2,43,5,Research,7,3,91.5,LOW
PROJ-4432,68.4,12.9,77.7,50.0,3,3,33.5,31,2,Web,6,3,75.9,MEDIUM
PROJ-4433,73.8,6.9,53.3,40.0,15,3,14.3,3,4,Web,25,10,38.2,HIGH
PROJ-4434,76.3,4.7,81.5,54.2,11,4,23.8,31,2,AI,24,13,24.3,HIGH
PROJ-4435,82.2,13.4,82.0,57.9,8,1,68.9,27,4,Research,19,11,77.9,LOW
PROJ-4436,97.0,9.8,78.6,71.4,4,1,82.7,50,2,AI,14,10,87.8,LOW
PROJ-4437,51.3,13.9,75.1,50.0,5,1,36.1,54,6,Research,10,5,58.9,MEDIUM
PROJ-4438,79.1,25.2,99.5,61.5,10,1,59.6,63,6,Mobile,26,16,80.6,LOW
PROJ-4439,63.5,19.5,81.7,78.6,6,0,32.1,50,1,Web,28,22,38.5,MEDIUM
PROJ-4440,76.8,11.6,60.2,75.0,3,4,43.9,1,4,IoT,12,9,26.3,MEDIUM
PROJ-4441,89.6,15.3,70.1,72.0,7,2,92.2,74,6,Web,25,18,70.8,LOW
PROJ-4442,79.2,25.9,58.3,92.3,1,0,54.6,36,6,Web,13,12,53.1,LOW
PROJ-4443,69.9,11.6,87.6,45.5,6,1,,59,4,AI,11,5,35.7,MEDIUM
PROJ-4444,79.4,15.3,68.1,35.0,13,1,41.7,41,5,Research,20,7,34.4,MEDIUM
PROJ-4445,30.1,4.2,10.2,42.9,4,8,76.4,44,5,AI,7,3,33.9,HIGH
PROJ-4446,68.5,26.3,80.8,87.5,2,1,86.5,45,7,IoT,16,14,58.0,LOW
PROJ-4447,48.7,15.4,56.5,0.0,5,6,23.0,22,6,Web,5,0,9.6,HIGH
PROJ-4448,73.6,6.1,69.9,44.4,15,3,0.0,9,3,IoT,27,12,14.7,HIGH
PROJ-4449,77.8,18.1,56.4,6.7,14,3,37.8,49,4,AI,15,1,17.5,HIGH
PROJ-4450,98.7,25.6,71.2,100.0,0,1,100.0,54,4,Mobile,18,18,70.6,LOW
PROJ-4451,63.4,7.2,43.7,47.4,10,4,23.8,22,4,Mobile,19,9,64.1,HIGH
PROJ-4452,85.3,27.2,72.0,57.1,12,0,65.2,63,1,IoT,28,16,82.1,LOW
PROJ-4453,53.0,6.2,18.6,69.0,9,4,47.4,20,7,IoT,29,20,6.5,HIGH
PROJ-4454,62.0,7.6,47.3,20.0,4,4,10.7,19,5,IoT,5,1,29.5,HIGH
PROJ-4455,70.2,20.3,,18.2,18,1,67.5,26,4,Research,22,4,67.9,MEDIUM
PROJ-4456,76.9,9.2,40.7,50.0,7,1,55.4,10,6,IoT,14,7,45.0,MEDIUM
PROJ-4457,70.2,11.5,40.4,0.0,19,4,23.5,29,5,AI,19,0,52.8,HIGH
PROJ-4458,71.6,11.9,68.4,78.3,5,2,82.9,2,7,AI,23,18,14.6,MEDIUM
PROJ-4459,52.8,16.4,36.4,8.3,11,5,34.4,1,7,Web,12,1,34.0,HIGH
PROJ-4460,41.3,9.3,84.0,47.1,9,1,66.1,53,1,IoT,17,8,59.2,MEDIUM
PROJ-4461,86.7,21.7,60.1,60.0,2,1,,49,2,IoT,5,3,54.3,LOW
PROJ-4462,97.7,17.3,95.4,69.2,4,2,79.8,62,5,Research,13,9,62.3,LOW
PROJ-4463,78.4,18.1,89.1,66.7,4,1,76.6,78,6,IoT,12,8,73.1,LOW
PROJ-4464,77.4,7.4,33.9,15.4,11,2,29.1,23,7,Mobile,13,2,46.5,HIGH
PROJ-4465,,7.8,48.7,55.6,12,0,59.6,78,1,Web,27,15,60.5,LOW
PROJ-4466,79.1,24.1,75.7,75.0,5,2,61.5,76,5,Web,20,15,50.7,LOW
PROJ-4467,75.5,14.3,94.4,60.0,10,1,66.8,49,5,AI,25,15,76.9,LOW
PROJ-4468,63.1,5.0,46.8,28.6,10,5,23.5,18,5,Mobile,14,4,20.5,HIGH
PROJ-4469,67.9,12.5,59.2,33.3,18,5,50.3,43,2,Research,27,9,45.3,MEDIUM
PROJ-4470,73.3,20.4,54.4,50.0,7,1,51.7,38,2,AI,14,7,31.5,MEDIUM
PROJ-4471,53.7,18.5,71.1,47.4,10,3,50.2,58,3,Research,19,9,56.0,MEDIUM
PROJ-4472,89.4,18.9,100.0,95.0,1,2,81.5,38,7,AI,20,19,74.6,LOW
PROJ-4473,,25.1,89.5,75.0,2,1,63.2,57,1,Mobile,8,6,80.7,LOW
PROJ-4474,74.1,16.3,73.2,62.1,11,0,88.1,70,6,Mobile,29,18,58.9,LOW
PROJ-4475,46.3,13.2,56.2,25.9,20,7,56.5,17,4,Mobile,27,7,,HIGH
PROJ-4476,77.1,11.2,54.0,24.0,19,3,42.5,4,5,IoT,25,6,31.3,HIGH
PROJ-4477,40.1,2.0,77.7,37.5,5,3,20.3,18,7,Mobile,8,3,29.4,HIGH
PROJ-4478,61.3,9.4,16.0,43.8,9,1,32.6,51,2,IoT,16,7,27.8,HIGH
PROJ-4479,52.7,,39.2,41.7,7,7,26.2,16,2,Mobile,12,5,34.4,HIGH
PROJ-4480,65.0,5.6,43.6,0.0,15,2,28.0,28,5,AI,15,0,13.1,HIGH
PROJ-4481,46.4,13.1,48.1,16.7,5,4,55.3,15,2,Research,6,1,32.6,HIGH
PROJ-4482,86.0,14.5,56.6,55.6,8,2,53.3,29,4,Mobile,18,10,46.5,LOW
PROJ-4483,,4.4,58.2,60.0,10,1,30.7,30,4,Mobile,25,15,8.7,HIGH
PROJ-4484,80.5,17.7,83.3,22.2,7,1,37.1,17,1,AI,9,2,45.7,MEDIUM
PROJ-4485,66.4,12.8,,53.3,7,4,51.3,44,6,Research,15,8,72.4,MEDIUM
PROJ-4486,95.0,15.7,61.4,53.8,12,2,53.8,39,4,AI,26,14,14.8,MEDIUM
PROJ-4487,59.2,10.7,47.5,28.6,5,4,16.6,38,1,Web,7,2,45.4,HIGH
PROJ-4488,70.6,15.7,60.1,50.0,6,2,54.8,26,5,Mobile,12,6,43.4,MEDIUM
PROJ-4489,71.0,1.8,49.4,25.0,15,2,47.3,5,5,Research,20,5,43.8,MEDIUM
PROJ-4490,92.1,16.9,71.4,83.3,3,3,74.2,48,6,Web,18,15,75.6,LOW
PROJ-4491,82.6,8.8,74.0,40.0,3,1,91.4,53,6,AI,5,2,69.3,LOW
PROJ-4492,75.8,2.3,85.7,50.0,9,2,44.4,23,1,Mobile,18,9,44.3,HIGH
PROJ-4493,84.7,12.5,58.0,92.6,2,1,59.7,44,1,Research,27,25,78.4,LOW
PROJ-4494,86.0,33.0,63.1,83.3,1,1,100.0,86,1,Research,6,5,63.0,LOW
PROJ-4495,68.2,22.9,79.6,71.4,4,1,83.8,75,5,Mobile,14,10,57.2,LOW
PROJ-4496,52.3,6.7,52.5,28.0,18,7,45.0,13,3,IoT,25,7,37.7,HIGH
PROJ-4497,67.2,16.0,66.4,27.3,8,3,75.1,28,3,IoT,11,3,36.4,MEDIUM
PROJ-4498,82.3,8.3,49.9,62.5,3,0,59.0,36,1,AI,8,5,85.5,LOW
PROJ-4499,69.9,13.1,43.6,25.0,6,5,39.2,39,4,Mobile,8,2,0.0,HIGH
PROJ-4500,94.2,21.1,76.4,43.5,13,2,68.7,52,1,IoT,23,10,28.7,MEDIUM
PROJ-4501,59.6,18.0,62.4,20.0,16,1,39.3,1,5,AI,20,4,40.8,MEDIUM
PROJ-4502,81.7,20.1,82.0,50.0,14,1,59.7,40,5,Web,28,14,55.4,LOW
PROJ-4503,84.8,24.0,40.9,86.4,3,2,76.3,25,5,Web,22,19,90.8,LOW
PROJ-4504,70.8,19.3,,71.4,4,2,48.2,18,6,IoT,14,10,22.5,MEDIUM
PROJ-4505,76.0,9.3,59.8,71.4,8,3,,34,5,Research,28,20,53.9,MEDIUM
PROJ-4506,68.7,7.2,77.4,92.3,1,0,59.7,20,6,IoT,13,12,71.2,LOW
PROJ-4507,98.6,10.0,76.0,84.6,2,0,55.5,60,6,AI,13,11,56.3,LOW
PROJ-4508,62.1,18.2,96.0,47.8,12,4,49.9,39,6,Research,23,11,47.2,MEDIUM
PROJ-4509,48.6,6.9,80.9,30.8,9,3,53.2,16,1,AI,13,4,22.1,MEDIUM
PROJ-4510,74.0,24.3,97.3,47.4,10,3,44.0,35,2,Web,19,9,32.6,MEDIUM
PROJ-4511,96.4,26.2,54.9,58.3,5,1,71.3,90,7,IoT,12,7,39.5,LOW
PROJ-4512,64.5,18.7,79.4,22.2,14,5,47.2,12,2,Mobile,18,4,26.0,HIGH
PROJ-4513,86.1,19.9,87.8,87.5,1,1,90.1,24,5,AI,8,7,66.1,LOW
PROJ-4514,75.1,15.7,62.9,81.0,4,0,77.5,64,4,AI,21,17,77.5,LOW
PROJ-4515,55.0,13.1,70.0,61.9,8,1,16.6,1,4,Web,21,13,53.9,MEDIUM
PROJ-4516,76.8,7.5,44.6,50.0,13,3,50.5,59,1,IoT,26,13,42.4,MEDIUM
PROJ-4517,59.1,12.2,57.6,41.2,10,4,36.0,17,4,Web,17,7,53.0,MEDIUM
PROJ-4518,93.5,25.4,85.1,57.1,3,2,66.6,67,4,IoT,7,4,77.6,LOW
PROJ-4519,83.7,11.6,76.0,33.3,16,0,61.7,11,5,Research,24,8,15.8,MEDIUM
PROJ-4520,87.6,14.7,60.2,79.3,6,0,100.0,34,4,Mobile,29,23,60.7,LOW
PROJ-4521,83.8,6.8,62.5,16.7,5,3,35.4,37,2,Web,6,1,33.7,MEDIUM
PROJ-4522,44.4,12.0,38.8,37.9,18,1,6.5,29,1,Mobile,29,11,42.8,HIGH
PROJ-4523,67.2,14.6,81.4,31.2,11,0,43.7,37,4,IoT,16,5,46.7,MEDIUM
PROJ-4524,36.3,6.1,47.0,17.2,24,3,,32,4,IoT,29,5,18.3,HIGH
PROJ-4525,72.7,12.1,33.0,38.1,13,1,21.3,13,4,Research,21,8,51.4,MEDIUM
PROJ-4526,83.8,20.6,62.1,77.8,4,0,56.4,52,3,IoT,18,14,68.7,LOW
PROJ-4527,36.7,1.3,48.0,16.7,20,5,,28,7,Web,24,4,31.1,HIGH
PROJ-4528,91.3,7.3,47.4,61.9,8,3,52.1,43,1,Web,21,13,30.4,MEDIUM
PROJ-4529,83.5,22.0,52.3,62.5,3,1,71.7,61,1,Web,8,5,65.3,LOW
PROJ-4530,79.7,9.8,83.8,54.5,5,3,38.4,9,3,AI,11,6,50.0,MEDIUM
PROJ-4531,71.5,12.2,51.3,26.9,19,2,67.9,41,2,AI,26,7,51.5,MEDIUM
PROJ-4532,22.1,14.4,29.9,33.3,4,4,36.9,7,7,IoT,6,2,30.5,HIGH
PROJ-4533,53.0,8.2,46.0,45.8,13,6,37.8,5,6,Mobile,24,11,19.6,HIGH
PROJ-4534,77.3,19.5,71.1,69.2,4,0,88.1,68,1,Mobile,13,9,61.3,LOW
PROJ-4535,65.3,11.3,39.7,14.3,12,3,59.5,29,6,Web,14,2,38.3,HIGH
PROJ-4536,56.8,12.2,44.1,27.8,13,4,28.2,15,1,AI,18,5,34.0,HIGH
PROJ-4537,80.4,21.9,78.0,80.8,5,1,67.6,40,4,Mobile,26,21,45.2,LOW
PROJ-4538,61.3,13.3,58.2,14.3,18,7,42.3,21,7,Mobile,21,3,32.3,HIGH
PROJ-4539,76.9,23.1,75.3,80.0,2,2,54.9,72,4,Web,10,8,40.3,LOW
PROJ-4540,46.7,4.3,48.9,0.0,5,4,33.0,1,5,Research,5,0,5.8,HIGH
PROJ-4541,83.3,17.0,58.1,57.1,12,4,33.7,32,1,Mobile,28,16,50.0,MEDIUM
PROJ-4542,67.3,17.5,76.0,66.7,8,2,44.6,12,7,Mobile,24,16,55.0,MEDIUM
PROJ-4543,85.5,4.9,36.2,13.6,19,4,0.0,31,1,Research,22,3,34.7,HIGH
PROJ-4544,69.2,6.2,79.4,40.9,13,5,59.6,1,2,Web,22,9,11.5,HIGH
PROJ-4545,98.8,18.9,54.7,12.5,14,5,40.3,28,5,Mobile,16,2,18.8,HIGH
PROJ-4546,60.2,11.3,53.5,37.5,5,7,22.9,1,3,Research,8,3,50.5,HIGH
PROJ-4547,52.0,8.5,44.1,27.3,16,4,70.5,1,1,Mobile,22,6,48.2,HIGH
PROJ-4548,64.5,11.4,37.3,75.0,2,3,66.4,42,3,Web,8,6,62.9,MEDIUM
PROJ-4549,69.5,14.8,74.0,80.0,2,0,68.7,35,1,Mobile,10,8,79.0,LOW
PROJ-4550,57.0,4.6,69.2,8.3,11,4,34.6,44,5,Mobile,12,1,38.5,HIGH
PROJ-4551,88.4,19.7,81.0,78.6,3,1,75.8,49,2,IoT,14,11,76.4,LOW
PROJ-4552,82.1,18.4,40.5,41.2,10,3,74.8,27,4,Web,17,7,64.2,MEDIUM
PROJ-4553,66.1,12.8,90.8,55.2,13,2,52.7,68,3,Research,29,16,62.8,MEDIUM
PROJ-4554,60.0,6.2,43.7,40.0,15,1,26.1,25,7,AI,25,10,23.7,MEDIUM
PROJ-4555,70.8,6.3,60.9,21.7,18,4,12.8,1,7,Research,23,5,33.8,HIGH
PROJ-4556,74.2,28.7,76.4,55.0,9,1,75.4,54,3,Web,20,11,43.4,LOW
PROJ-4557,61.3,17.0,37.2,55.0,9,3,66.4,86,7,Web,20,11,47.5,MEDIUM
PROJ-4558,70.9,,60.3,59.3,11,0,39.7,38,5,Mobile,27,16,64.3,MEDIUM
PROJ-4559,76.6,26.7,66.2,62.5,3,0,78.5,38,1,Research,8,5,79.0,LOW
PROJ-4560,66.7,20.2,64.7,95.7,1,0,64.4,34,5,Mobile,23,22,60.7,LOW
PROJ-4561,71.7,13.0,62.7,57.1,6,1,54.2,61,2,Web,14,8,69.5,MEDIUM
PROJ-4562,97.1,10.1,87.8,65.2,8,0,69.1,77,1,AI,23,15,64.4,LOW
PROJ-4563,96.5,22.9,81.2,84.6,4,0,69.6,55,2,AI,26,22,81.6,LOW
PROJ-4564,48.4,19.7,67.9,71.4,4,2,39.6,41,6,AI,14,10,71.5,MEDIUM
PROJ-4565,59.1,2.8,44.5,50.0,7,4,30.7,24,1,Mobile,14,7,28.6,HIGH
PROJ-4566,83.1,25.0,69.2,78.9,4,1,90.5,69,1,Web,19,15,71.7,LOW
PROJ-4567,,18.4,80.2,60.0,6,2,76.0,42,1,AI,15,9,45.0,LOW
PROJ-4568,83.2,14.0,73.5,77.8,2,1,72.2,70,2,Mobile,9,7,57.3,LOW
PROJ-4569,70.7,18.3,64.0,22.2,14,4,39.2,36,3,Mobile,18,4,83.6,MEDIUM
PROJ-4570,92.8,22.9,60.2,72.7,3,0,74.6,44,1,Research,11,8,64.9,LOW
PROJ-4571,38.8,10.5,73.9,36.4,14,4,9.0,1,2,AI,22,8,45.0,HIGH
PROJ-4572,56.7,9.1,36.8,27.3,8,4,20.6,26,1,IoT,11,3,,HIGH
PROJ-4573,96.5,11.8,51.8,57.7,11,2,62.7,42,3,Mobile,26,15,54.5,MEDIUM
PROJ-4574,43.9,6.0,50.8,34.8,15,2,41.1,1,2,AI,23,8,8.2,HIGH
PROJ-4575,70.7,20.9,44.5,47.1,9,2,43.2,67,7,AI,17,8,35.9,MEDIUM
PROJ-4576,92.5,15.7,66.0,40.0,3,2,65.8,52,6,AI,5,2,67.5,LOW
PROJ-4577,65.3,4.9,52.3,77.3,5,3,55.0,54,1,AI,22,17,64.5,MEDIUM
PROJ-4578,60.9,1.0,64.0,57.7,11,8,28.7,29,7,Mobile,26,15,38.1,HIGH
PROJ-4579,37.3,5.7,35.6,40.0,9,3,38.9,35,6,Research,15,6,31.4,HIGH
PROJ-4580,76.0,9.0,45.7,42.9,4,4,37.7,16,1,AI,7,3,32.2,HIGH
PROJ-4581,70.0,10.3,46.7,50.0,3,1,25.1,27,7,Research,6,3,44.3,MEDIUM
PROJ-4582,72.0,6.3,33.1,0.0,6,4,15.4,20,6,IoT,6,0,30.5,HIGH
PROJ-4583,,19.8,,66.7,2,1,41.3,16,7,IoT,6,4,63.3,LOW
PROJ-4584,62.4,4.9,29.2,9.5,19,8,26.0,1,5,Research,21,2,32.2,HIGH
PROJ-4585,66.4,5.2,73.3,0.0,13,7,14.7,11,5,Mobile,13,0,42.9,HIGH
PROJ-4586,66.5,9.7,74.7,36.4,7,0,70.7,32,5,Mobile,11,4,17.9,MEDIUM
PROJ-4587,56.7,9.3,49.3,28.6,5,2,44.8,24,7,IoT,7,2,36.2,HIGH
PROJ-4588,66.4,21.4,71.5,60.0,2,2,71.6,32,2,Research,5,3,82.2,LOW
PROJ-4589,79.8,26.6,53.1,54.5,5,2,62.9,19,1,AI,11,6,24.6,MEDIUM
PROJ-4590,94.2,7.1,64.9,20.0,16,4,61.9,35,3,Research,20,4,34.7,HIGH
PROJ-4591,36.3,4.3,59.3,12.5,21,10,45.9,14,5,AI,24,3,20.7,HIGH
PROJ-4592,84.0,20.5,81.1,70.0,3,0,91.9,2,3,Research,10,7,47.7,LOW
PROJ-4593,76.4,8.7,77.5,63.6,4,1,49.1,31,2,Research,11,7,78.7,LOW
PROJ-4594,49.7,1.0,69.4,15.0,17,1,34.1,48,6,AI,20,3,53.7,HIGH
PROJ-4595,,6.5,56.7,52.2,11,2,64.7,42,7,AI,23,12,74.8,LOW
PROJ-4596,49.2,6.0,,7.7,12,7,73.0,37,2,IoT,13,1,25.8,HIGH
PROJ-4597,80.5,36.6,73.5,88.9,1,0,68.1,67,4,IoT,9,8,53.5,LOW
PROJ-4598,88.8,5.9,83.7,52.2,11,0,72.6,3,6,IoT,23,12,66.3,MEDIUM
PROJ-4599,83.0,21.2,71.7,50.0,4,4,56.3,45,4,Research,8,4,41.3,MEDIUM
PROJ-4600,68.3,22.6,64.6,100.0,0,1,,28,3,IoT,13,13,58.3,LOW
PROJ-4601,84.0,7.4,82.3,77.8,2,1,100.0,57,7,Web,9,7,76.9,LOW
PROJ-4602,56.7,11.6,55.9,40.0,3,2,38.5,26,4,Research,5,2,48.0,MEDIUM
PROJ-4603,73.5,,90.1,85.0,3,3,64.0,1,4,IoT,20,17,61.8,LOW
PROJ-4604,88.3,15.1,70.3,33.3,4,3,70.7,64,2,Web,6,2,65.2,MEDIUM
PROJ-4605,54.2,3.0,53.8,24.1,22,5,15.3,21,4,Web,29,7,,HIGH
PROJ-4606,56.4,18.0,72.1,75.0,2,2,66.9,68,3,IoT,8,6,58.7,MEDIUM
PROJ-4607,75.4,9.3,55.6,0.0,5,6,32.5,11,7,Mobile,5,0,35.4,HIGH
PROJ-4608,,24.0,31.3,39.1,14,5,66.6,22,6,Mobile,23,9,78.9,MEDIUM
PROJ-4609,47.5,9.8,24.6,39.1,14,3,40.9,23,3,Mobile,23,9,46.2,HIGH
PROJ-4610,41.4,13.8,49.3,20.0,4,3,0.0,21,1,Web,5,1,22.5,HIGH
PROJ-4611,78.0,11.9,100.0,60.7,11,1,84.5,44,1,Research,28,17,94.2,LOW
PROJ-4612,65.4,3.9,77.1,62.5,6,3,60.1,25,7,IoT,16,10,29.7,MEDIUM
PROJ-4613,82.2,9.6,51.4,57.1,3,1,34.4,33,5,Mobile,7,4,63.5,MEDIUM
PROJ-4614,52.9,18.2,45.2,55.6,4,3,63.4,16,3,Mobile,9,5,47.5,MEDIUM
PROJ-4615,68.2,8.7,49.3,20.0,20,6,33.5,4,2,AI,25,5,39.7,HIGH
PROJ-4616,74.7,12.6,66.7,71.4,8,4,42.1,52,4,Mobile,28,20,30.2,MEDIUM
PROJ-4617,82.5,,74.5,55.2,13,1,83.6,43,2,Research,29,16,31.1,MEDIUM
PROJ-4618,81.6,14.2,81.0,56.5,10,1,25.9,18,4,IoT,23,13,48.2,MEDIUM
PROJ-4619,59.1,4.3,53.9,40.0,3,5,33.1,33,7,IoT,5,2,40.8,HIGH
PROJ-4620,61.8,2.3,53.1,20.0,4,6,26.3,17,4,Web,5,1,17.2,HIGH
PROJ-4621,64.7,9.5,69.7,11.1,8,7,38.4,16,2,Mobile,9,1,21.5,HIGH
PROJ-4622,66.9,11.6,54.1,60.0,4,3,68.8,18,6,IoT,10,6,64.0,MEDIUM
PROJ-4623,55.2,2.2,25.2,26.9,19,3,12.2,1,6,IoT,26,7,8.6,HIGH
PROJ-4624,77.7,15.6,92.7,60.0,2,3,74.8,72,3,Mobile,5,3,79.2,LOW
PROJ-4625,65.8,8.3,48.7,35.0,13,2,,24,1,IoT,20,7,22.9,HIGH
PROJ-4626,73.9,10.1,72.7,47.4,10,2,65.9,69,6,Web,19,9,56.9,MEDIUM
PROJ-4627,69.7,13.0,53.1,45.8,13,5,68.2,9,7,AI,24,11,28.5,MEDIUM
PROJ-4628,85.4,9.6,91.4,44.0,14,3,72.1,65,1,AI,25,11,78.1,LOW
PROJ-4629,94.0,14.3,100.0,62.1,11,2,66.2,46,5,Research,29,18,83.7,LOW
PROJ-4630,78.7,9.9,43.9,45.5,12,7,,6,6,Web,22,10,,HIGH
PROJ-4631,85.8,14.9,75.9,33.3,16,0,36.0,43,7,Web,24,8,68.7,MEDIUM
PROJ-4632,35.6,6.0,60.3,13.6,19,1,32.7,39,3,AI,22,3,56.2,HIGH
PROJ-4633,57.2,1.0,,50.0,8,3,36.4,19,4,Web,16,8,11.3,HIGH
PROJ-4634,77.8,21.2,77.2,62.5,3,1,,44,2,IoT,8,5,67.6,LOW
PROJ-4635,78.7,14.6,39.0,71.4,2,1,47.2,44,6,AI,7,5,47.4,MEDIUM
PROJ-4636,79.6,25.3,87.1,66.7,2,1,86.5,20,5,Research,6,4,61.4,LOW
PROJ-4637,78.5,16.1,78.4,89.5,2,1,79.3,55,2,Mobile,19,17,57.1,LOW
PROJ-4638,95.0,15.7,83.9,100.0,0,2,75.8,45,1,Web,23,23,58.2,LOW
PROJ-4639,100.0,23.0,62.3,100.0,0,0,63.6,42,7,Web,14,14,62.7,LOW
PROJ-4640,43.7,21.5,69.1,29.6,19,3,41.2,86,2,IoT,27,8,73.9,MEDIUM
PROJ-4641,72.1,16.7,91.7,67.9,9,0,68.4,78,5,Research,28,19,71.7,LOW
PROJ-4642,69.1,,62.3,25.0,12,2,29.5,50,6,Research,16,4,43.2,MEDIUM
PROJ-4643,81.7,7.1,65.5,66.7,2,0,68.4,45,4,Web,6,4,79.4,LOW
PROJ-4644,63.6,30.5,,72.7,3,0,100.0,55,2,Web,11,8,65.3,LOW
PROJ-4645,40.1,11.5,78.0,15.8,16,5,29.6,25,1,AI,19,3,31.0,HIGH
PROJ-4646,68.5,2.3,38.9,25.0,6,2,43.0,29,4,AI,8,2,27.3,HIGH
PROJ-4647,68.6,22.8,56.1,40.0,3,0,76.2,49,6,Mobile,5,2,47.8,LOW
PROJ-4648,89.5,14.1,48.4,80.0,2,2,76.5,30,2,Mobile,10,8,85.6,LOW
PROJ-4649,67.3,5.7,51.9,42.9,4,4,41.9,20,5,IoT,7,3,26.5,HIGH
PROJ-4650,58.8,3.7,52.9,25.0,9,4,12.7,38,7,Web,12,3,13.4,HIGH
PROJ-4651,65.5,23.5,86.5,69.2,4,1,73.1,39,6,Web,13,9,54.9,LOW
PROJ-4652,68.6,11.6,,62.1,11,4,32.8,36,7,Mobile,29,18,33.3,HIGH
PROJ-4653,46.6,5.6,59.8,38.5,16,3,36.8,41,3,Web,26,10,15.5,HIGH
PROJ-4654,70.4,14.8,54.5,33.3,18,4,19.7,16,4,Mobile,27,9,32.2,HIGH
PROJ-4655,61.6,18.5,84.8,57.1,6,2,55.3,55,3,Mobile,14,8,,LOW
PROJ-4656,76.8,28.8,67.8,90.5,2,1,67.2,42,7,IoT,21,19,,LOW
PROJ-4657,79.7,22.5,80.2,73.3,4,3,,38,2,IoT,15,11,56.4,LOW
PROJ-4658,82.8,23.2,66.7,33.3,18,3,86.8,21,2,IoT,27,9,44.2,MEDIUM
PROJ-4659,,16.9,80.4,50.0,14,5,41.5,74,1,Web,28,14,65.8,MEDIUM
PROJ-4660,70.0,18.3,79.1,38.5,8,2,,62,5,Web,13,5,57.4,MEDIUM
PROJ-4661,94.2,10.9,26.7,16.7,20,2,42.5,17,2,IoT,24,4,80.5,MEDIUM
PROJ-4662,62.9,13.3,54.2,59.3,11,2,41.5,33,7,AI,27,16,51.8,HIGH
PROJ-4663,76.6,18.2,38.1,12.5,21,3,54.3,12,5,Research,24,3,40.8,MEDIUM
PROJ-4664,97.9,16.4,79.9,72.7,6,1,69.1,18,7,Mobile,22,16,60.7,LOW
PROJ-4665,63.0,5.2,63.8,33.3,14,3,61.2,81,5,Web,21,7,30.6,MEDIUM
PROJ-4666,,13.5,79.3,83.3,1,0,92.4,67,6,AI,6,5,45.2,LOW
PROJ-4667,47.5,12.9,56.5,36.4,14,3,56.6,3,1,AI,22,8,7.6,HIGH
PROJ-4668,64.4,5.8,0.0,14.3,6,4,22.3,39,6,Research,7,1,19.4,HIGH
PROJ-4669,58.2,4.6,78.1,28.6,5,4,40.0,1,4,IoT,7,2,19.7,HIGH
PROJ-4670,93.9,22.3,61.9,72.4,8,3,73.1,54,4,AI,29,21,80.5,LOW
PROJ-4671,79.7,16.1,44.0,72.2,5,3,57.4,47,4,AI,18,13,24.7,MEDIUM
PROJ-4672,69.8,3.5,52.5,63.6,8,3,64.8,40,1,AI,22,14,,MEDIUM
PROJ-4673,95.8,15.0,85.2,50.0,3,0,82.9,23,4,Research,6,3,90.1,LOW
PROJ-4674,75.2,23.5,68.4,63.6,4,0,89.4,50,7,Mobile,11,7,68.3,LOW
PROJ-4675,64.8,17.2,68.1,66.7,3,3,47.3,34,5,Research,9,6,69.4,MEDIUM
PROJ-4676,55.2,12.4,40.6,41.7,7,7,44.1,17,7,Research,12,5,18.7,HIGH
PROJ-4677,71.4,6.6,53.0,0.0,6,2,39.1,1,2,Web,6,0,25.6,HIGH
PROJ-4678,91.2,5.9,74.8,40.0,3,2,43.8,63,5,AI,5,2,60.2,MEDIUM
PROJ-4679,73.9,5.1,66.8,33.3,8,4,48.5,50,2,Web,12,4,7.1,HIGH
PROJ-4680,46.5,1.8,80.4,30.8,9,6,6.6,23,3,Mobile,13,4,13.1,HIGH
PROJ-4681,75.2,23.0,59.0,31.0,20,1,38.0,34,6,IoT,29,9,48.8,MEDIUM
PROJ-4682,74.4,16.1,71.8,66.7,3,0,91.0,27,3,IoT,9,6,42.2,LOW
PROJ-4683,57.6,20.8,75.7,52.9,8,2,60.2,35,3,IoT,17,9,54.1,MEDIUM
PROJ-4684,71.2,12.9,70.3,31.6,13,6,39.0,30,6,Web,19,6,48.7,MEDIUM
PROJ-4685,78.2,14.3,59.0,60.0,6,0,45.5,41,7,Mobile,15,9,66.1,LOW
PROJ-4686,75.3,21.4,41.9,40.0,6,0,45.9,36,2,Web,10,4,51.2,MEDIUM
PROJ-4687,84.4,10.3,23.9,30.4,16,7,18.0,1,3,Web,23,7,26.9,HIGH
PROJ-4688,86.3,11.0,42.4,57.1,9,4,49.3,65,2,IoT,21,12,61.3,MEDIUM
PROJ-4689,87.6,16.7,69.3,57.9,8,1,71.1,31,4,Mobile,19,11,60.5,LOW
PROJ-4690,71.0,4.2,58.0,33.3,8,5,33.6,13,3,Mobile,12,4,22.9,HIGH
PROJ-4691,79.5,8.8,70.0,75.0,5,1,77.3,44,7,Web,20,15,100.0,LOW
PROJ-4692,58.5,16.8,57.9,21.4,22,4,26.6,53,1,Mobile,28,6,52.9,MEDIUM
PROJ-4693,84.9,26.0,52.9,63.0,10,0,85.5,74,7,Web,27,17,61.1,LOW
PROJ-4694,64.2,13.0,81.1,33.3,18,1,7.4,8,6,IoT,27,9,41.4,MEDIUM
PROJ-4695,77.4,15.1,74.8,50.0,7,2,65.9,12,1,IoT,14,7,75.7,LOW
PROJ-4696,84.8,1.0,82.2,26.9,19,2,65.4,60,4,Research,26,7,62.0,MEDIUM
PROJ-4697,,4.6,47.2,0.0,10,6,,21,2,AI,10,0,61.1,HIGH
PROJ-4698,74.6,6.3,42.1,39.1,14,5,41.3,14,1,AI,23,9,,HIGH
PROJ-4699,67.9,7.1,78.0,60.9,9,2,35.6,37,7,AI,23,14,32.8,MEDIUM
PROJ-4700,71.8,10.7,46.6,44.4,10,2,56.9,44,4,IoT,18,8,55.0,MEDIUM
PROJ-4701,78.5,19.5,90.5,73.3,4,1,49.3,90,7,AI,15,11,57.4,LOW
PROJ-4702,83.5,15.5,78.5,31.2,11,3,35.2,6,3,Research,16,5,30.1,MEDIUM
PROJ-4703,68.7,17.6,42.7,37.5,10,2,38.6,26,1,Web,16,6,65.7,MEDIUM
PROJ-4704,76.3,28.5,99.8,60.0,2,1,66.3,36,5,Research,5,3,69.6,LOW
PROJ-4705,45.4,3.9,54.9,3.7,26,1,47.2,6,5,Mobile,27,1,32.9,HIGH
PROJ-4706,53.2,21.2,50.4,60.0,6,6,47.6,23,6,AI,15,9,41.8,MEDIUM
PROJ-4707,86.5,11.7,82.9,23.1,20,5,41.0,4,2,Web,26,6,45.0,HIGH
PROJ-4708,89.6,23.0,54.7,6.7,14,2,10.1,40,5,IoT,15,1,84.1,MEDIUM
PROJ-4709,89.9,24.1,76.9,89.3,3,1,78.2,76,3,Web,28,25,71.8,LOW
PROJ-4710,83.8,27.1,58.3,35.7,18,2,47.7,41,3,Research,28,10,34.9,MEDIUM
PROJ-4711,77.5,23.3,87.8,73.1,7,1,90.4,42,1,AI,26,19,68.8,LOW
PROJ-4712,89.0,19.0,84.2,42.9,4,0,53.4,52,4,Web,7,3,41.4,LOW
PROJ-4713,80.2,20.4,75.9,71.4,6,1,90.9,26,2,Research,21,15,60.6,LOW
PROJ-4714,67.0,7.1,54.1,15.0,17,5,31.3,5,1,Web,20,3,11.8,HIGH
PROJ-4715,74.3,23.6,42.5,83.3,1,2,80.1,52,4,Web,6,5,58.2,LOW
PROJ-4716,85.5,12.6,43.9,36.4,7,3,19.9,44,5,Mobile,11,4,51.2,HIGH
PROJ-4717,76.4,19.1,92.4,54.2,11,2,71.9,72,2,Mobile,24,13,73.1,LOW
PROJ-4718,69.4,3.4,59.4,48.0,13,1,38.4,11,2,AI,25,12,14.9,HIGH
PROJ-4719,48.3,14.7,36.5,27.3,8,4,19.0,30,7,Web,11,3,25.6,HIGH
PROJ-4720,89.7,23.8,89.3,64.7,6,1,64.5,36,3,Mobile,17,11,77.0,LOW
PROJ-4721,58.9,16.0,47.6,50.0,5,1,51.0,32,1,Web,10,5,66.0,MEDIUM
PROJ-4722,74.9,12.9,74.2,16.7,5,3,43.8,3,5,Web,6,1,23.1,HIGH
PROJ-4723,85.5,18.8,79.6,47.4,10,0,66.9,35,3,Research,19,9,69.9,LOW
PROJ-4724,56.5,20.9,54.6,56.5,10,2,64.1,12,1,Research,23,13,52.3,MEDIUM
PROJ-4725,59.4,14.4,49.4,37.5,10,1,50.9,17,1,Research,16,6,78.7,MEDIUM
PROJ-4726,71.9,18.9,91.7,73.3,4,1,49.9,49,1,AI,15,11,50.3,LOW
PROJ-4727,71.9,22.0,85.1,56.2,7,0,63.4,51,6,IoT,16,9,86.5,LOW
PROJ-4728,42.0,20.3,73.0,45.0,11,2,41.9,48,3,AI,20,9,64.4,MEDIUM
PROJ-4729,55.6,4.9,34.5,0.0,10,3,45.1,1,2,Web,10,0,10.6,HIGH
PROJ-4730,67.1,22.0,81.7,72.2,5,0,64.8,63,4,IoT,18,13,74.1,LOW
PROJ-4731,85.9,13.8,,53.8,6,4,17.9,10,3,Mobile,13,7,68.2,MEDIUM
PROJ-4732,56.5,8.2,60.9,22.7,17,7,32.2,30,4,AI,22,5,18.8,HIGH
PROJ-4733,86.5,23.3,83.2,61.9,8,2,98.0,58,5,Research,21,13,43.7,LOW
PROJ-4734,92.9,14.5,63.6,85.7,2,2,100.0,78,2,Research,14,12,89.4,LOW
PROJ-4735,61.4,13.5,46.0,30.4,16,5,50.2,45,5,Mobile,23,7,17.3,HIGH
PROJ-4736,64.9,1.0,74.5,42.1,11,3,84.1,20,6,Research,19,8,45.3,MEDIUM
PROJ-4737,90.7,27.4,75.6,71.4,2,1,67.8,23,2,AI,7,5,35.4,LOW
PROJ-4738,62.1,12.5,26.1,44.4,5,4,26.6,9,7,AI,9,4,36.1,HIGH
PROJ-4739,68.5,19.5,95.4,85.7,1,2,,81,2,IoT,7,6,59.3,LOW
PROJ-4740,90.8,18.2,65.9,81.8,4,1,68.8,29,1,IoT,22,18,61.8,LOW
PROJ-4741,71.6,7.7,44.9,28.6,15,3,19.6,13,3,IoT,21,6,5.3,HIGH
PROJ-4742,40.3,11.8,63.5,25.0,6,5,27.9,32,5,Web,8,2,25.6,HIGH
PROJ-4743,81.2,16.1,79.9,50.0,3,1,86.3,59,2,AI,6,3,66.2,LOW
PROJ-4744,63.0,15.2,61.6,5.0,19,6,27.3,32,6,Mobile,20,1,17.1,HIGH
PROJ-4745,67.2,11.1,52.0,64.7,6,3,51.2,20,1,Web,17,11,43.0,MEDIUM
PROJ-4746,73.5,12.7,53.6,0.0,15,1,58.6,1,5,AI,15,0,57.5,HIGH
PROJ-4747,32.8,14.4,54.4,0.0,16,7,21.2,27,1,Mobile,16,0,24.6,HIGH
PROJ-4748,51.4,9.6,36.0,0.0,6,9,6.5,1,1,AI,6,0,34.9,HIGH
PROJ-4749,73.6,20.6,74.8,78.6,6,0,68.5,63,1,Web,28,22,73.4,LOW
PROJ-4750,97.4,27.5,77.9,42.9,4,1,100.0,41,6,IoT,7,3,71.7,LOW
PROJ-4751,62.8,8.0,49.3,57.9,8,2,37.3,38,4,Research,19,11,27.4,HIGH
PROJ-4752,75.3,8.6,63.1,73.3,4,1,57.3,57,7,Mobile,15,11,66.9,LOW
PROJ-4753,47.9,14.0,35.8,5.0,19,7,40.3,21,6,Research,20,1,28.6,HIGH
PROJ-4754,72.3,19.2,77.8,75.0,6,1,83.5,50,2,Research,24,18,47.2,LOW
PROJ-4755,74.3,7.7,47.1,18.2,9,2,34.8,15,1,Research,11,2,17.2,HIGH
PROJ-4756,85.4,13.4,77.7,64.3,5,0,81.2,32,7,IoT,14,9,66.7,LOW
PROJ-4757,61.7,10.6,67.0,50.0,11,7,64.7,25,3,Research,22,11,32.3,HIGH
PROJ-4758,60.3,17.1,44.7,44.0,14,1,22.3,32,7,Mobile,25,11,67.1,MEDIUM
PROJ-4759,78.4,15.9,69.8,48.3,15,6,38.9,31,2,Research,29,14,47.1,MEDIUM
PROJ-4760,75.2,2.0,73.1,30.0,7,4,49.8,47,1,IoT,10,3,35.1,HIGH
PROJ-4761,55.2,7.0,51.1,0.0,6,6,37.3,36,2,Research,6,0,18.7,HIGH
PROJ-4762,95.2,5.4,67.9,47.6,11,5,55.2,22,4,IoT,21,10,67.3,MEDIUM
PROJ-4763,79.5,14.7,87.1,41.7,14,0,72.5,32,7,Web,24,10,35.9,MEDIUM
PROJ-4764,82.1,26.5,72.8,90.9,1,1,58.7,74,3,IoT,11,10,58.0,LOW
PROJ-4765,76.8,18.9,57.1,57.1,3,0,54.3,37,3,AI,7,4,66.4,MEDIUM
PROJ-4766,87.0,12.7,70.1,50.0,8,1,39.9,40,2,Research,16,8,45.3,MEDIUM
PROJ-4767,92.3,16.1,65.1,71.4,2,1,71.8,35,2,IoT,7,5,53.9,LOW
PROJ-4768,77.6,8.0,50.6,30.8,9,5,11.1,42,6,Research,13,4,45.4,HIGH
PROJ-4769,65.7,,52.0,42.1,11,6,51.9,27,5,IoT,19,8,30.9,HIGH
PROJ-4770,75.5,22.8,81.4,66.7,6,1,64.2,21,1,AI,18,12,52.4,LOW
PROJ-4771,93.9,24.1,88.5,87.0,3,0,63.5,43,5,Web,23,20,92.5,LOW
PROJ-4772,45.7,,47.3,57.9,8,5,41.8,10,7,AI,19,11,32.6,HIGH
PROJ-4773,68.6,8.7,46.9,15.8,16,5,,1,5,AI,19,3,30.0,HIGH
PROJ-4774,58.4,8.7,31.4,11.1,24,5,52.8,46,2,Mobile,27,3,26.6,HIGH
PROJ-4775,72.0,23.0,85.7,50.0,11,1,63.7,29,7,IoT,22,11,60.4,LOW
PROJ-4776,89.3,19.6,43.4,27.3,8,3,53.5,19,1,AI,11,3,50.4,MEDIUM
PROJ-4777,70.0,7.3,58.3,33.3,6,3,25.1,1,4,Web,9,3,26.1,HIGH
PROJ-4778,98.4,27.3,74.0,50.0,5,1,82.4,19,2,IoT,10,5,73.7,LOW
PROJ-4779,74.2,16.6,57.4,42.1,11,2,23.3,82,1,Mobile,19,8,31.6,MEDIUM
PROJ-4780,73.0,21.3,76.0,61.1,7,0,58.8,90,1,Research,18,11,64.5,LOW
PROJ-4781,80.6,4.3,85.7,63.0,10,3,33.5,1,5,IoT,27,17,59.7,MEDIUM
PROJ-4782,66.7,23.3,64.9,37.5,5,2,55.7,46,5,Research,8,3,22.2,MEDIUM
PROJ-4783,57.8,7.0,72.1,35.0,13,5,28.1,20,5,IoT,20,7,17.3,HIGH
PROJ-4784,93.1,21.6,54.3,76.9,3,3,68.0,23,5,IoT,13,10,33.7,MEDIUM
PROJ-4785,72.5,18.7,62.0,0.0,5,5,38.5,10,2,Mobile,5,0,21.2,HIGH
PROJ-4786,53.4,15.0,37.8,41.7,7,1,46.6,14,1,IoT,12,5,15.5,HIGH
PROJ-4787,88.2,9.6,66.9,52.9,8,1,59.8,31,2,Research,17,9,60.8,MEDIUM
PROJ-4788,61.2,8.7,61.0,42.9,4,7,9.9,1,6,Mobile,7,3,8.6,HIGH
PROJ-4789,59.3,5.5,48.6,26.3,14,1,39.9,24,1,Web,19,5,0.0,HIGH
PROJ-4790,95.5,30.0,84.4,70.0,3,1,77.4,50,7,Web,10,7,77.2,LOW
PROJ-4791,49.6,23.1,79.5,92.9,1,2,59.2,84,1,Mobile,14,13,79.2,LOW
PROJ-4792,54.4,8.3,44.7,26.9,19,4,28.9,1,4,Web,26,7,46.0,HIGH
PROJ-4793,47.2,9.8,49.8,41.7,14,3,17.3,1,3,Mobile,24,10,33.6,HIGH
PROJ-4794,71.1,4.9,80.0,47.4,10,2,56.9,28,3,Mobile,19,9,37.1,MEDIUM
PROJ-4795,45.0,4.6,52.8,32.1,19,3,43.9,34,5,Mobile,28,9,27.8,HIGH
PROJ-4796,38.2,8.4,51.8,29.2,17,7,32.2,48,3,IoT,24,7,29.4,HIGH
PROJ-4797,74.8,10.3,69.6,34.5,19,1,61.2,60,6,AI,29,10,33.3,MEDIUM
PROJ-4798,53.7,10.8,,28.6,5,2,35.9,31,1,IoT,7,2,37.2,MEDIUM
PROJ-4799,83.6,15.1,81.5,60.0,10,1,63.3,36,4,IoT,25,15,39.5,MEDIUM
PROJ-4800,98.9,17.4,76.7,95.0,1,1,75.8,38,2,AI,20,19,72.9,LOW
PROJ-4801,82.5,9.0,56.4,55.6,12,2,56.6,42,6,Mobile,27,15,21.7,MEDIUM
PROJ-4802,66.7,17.8,61.4,14.3,6,6,21.0,38,7,Web,7,1,26.3,MEDIUM
PROJ-4803,82.6,5.0,52.4,61.5,10,2,59.3,55,7,Web,26,16,61.9,MEDIUM
PROJ-4804,62.8,14.6,73.7,50.0,7,4,51.8,28,2,Research,14,7,70.8,MEDIUM
PROJ-4805,69.6,27.6,83.2,77.8,4,3,89.1,43,1,Mobile,18,14,66.5,LOW
PROJ-4806,62.6,20.8,60.2,34.8,15,2,65.0,34,7,IoT,23,8,47.9,MEDIUM
PROJ-4807,73.2,24.2,84.6,76.5,4,1,51.5,81,4,AI,17,13,67.9,LOW
PROJ-4808,78.4,7.0,74.9,52.6,9,1,46.3,16,7,Mobile,19,10,29.7,MEDIUM
PROJ-4809,80.6,22.5,72.2,66.7,3,1,63.0,69,3,Research,9,6,,LOW
PROJ-4810,67.6,17.7,82.2,55.0,9,2,50.7,57,3,Mobile,20,11,52.9,MEDIUM
PROJ-4811,73.2,21.3,73.8,33.3,4,4,45.4,40,3,Web,6,2,58.9,MEDIUM
PROJ-4812,56.5,6.0,65.0,22.2,7,7,48.2,1,7,IoT,9,2,26.4,HIGH
PROJ-4813,59.7,22.7,24.5,25.0,15,1,34.1,12,4,Mobile,20,5,35.1,HIGH
PROJ-4814,67.6,15.0,74.3,40.0,6,1,66.9,19,6,Mobile,10,4,95.9,LOW
PROJ-4815,67.1,10.4,94.5,38.9,11,1,60.7,8,7,IoT,18,7,62.3,MEDIUM
PROJ-4816,64.2,23.2,69.1,50.0,9,1,50.9,57,1,Research,18,9,64.3,LOW
PROJ-4817,65.3,15.9,65.5,16.7,10,3,35.2,37,4,Web,12,2,21.9,HIGH
PROJ-4818,83.9,14.9,63.0,31.6,13,4,62.8,18,3,Mobile,19,6,55.2,MEDIUM
PROJ-4819,83.5,29.6,87.1,60.0,2,0,63.0,36,6,IoT,5,3,61.5,LOW
PROJ-4820,82.3,6.1,51.1,21.4,11,1,48.8,65,3,Web,14,3,36.2,MEDIUM
PROJ-4821,59.8,11.1,54.2,42.1,11,2,38.5,40,4,Mobile,19,8,67.7,MEDIUM
PROJ-4822,81.1,2.7,30.6,25.0,9,6,0.3,1,6,AI,12,3,17.3,HIGH
PROJ-4823,81.7,15.4,71.4,57.1,9,2,75.4,31,4,Research,21,12,75.6,LOW
PROJ-4824,70.6,20.7,52.5,33.3,14,3,22.4,14,7,Research,21,7,34.2,HIGH
PROJ-4825,78.6,6.2,34.9,20.8,19,4,38.0,34,1,AI,24,5,18.7,HIGH
PROJ-4826,63.9,9.3,80.3,28.6,10,1,73.4,69,3,IoT,14,4,34.8,MEDIUM
PROJ-4827,92.8,27.0,99.6,64.3,10,1,100.0,18,7,Research,28,18,57.3,LOW
PROJ-4828,56.9,14.0,43.3,0.0,10,1,0.0,41,4,Research,10,0,38.7,HIGH
PROJ-4829,80.0,2.8,51.7,60.9,9,2,40.5,26,1,Research,23,14,41.3,MEDIUM
PROJ-4830,71.4,16.7,43.0,33.3,8,3,73.6,29,1,Mobile,12,4,31.6,MEDIUM
PROJ-4831,78.7,13.8,58.4,43.8,9,1,27.1,13,7,Mobile,16,7,54.9,MEDIUM
PROJ-4832,62.1,13.0,20.8,20.0,4,6,54.2,20,2,IoT,5,1,0.0,HIGH
PROJ-4833,96.2,14.8,77.8,100.0,0,0,100.0,33,5,IoT,28,28,71.4,LOW
PROJ-4834,74.7,1.0,60.9,0.0,6,3,45.6,1,5,IoT,6,0,30.6,HIGH
PROJ-4835,85.4,12.8,55.2,17.4,19,3,38.8,22,7,AI,23,4,28.4,HIGH
PROJ-4836,81.1,,44.7,20.0,4,5,69.7,26,2,Web,5,1,71.8,MEDIUM
PROJ-4837,91.2,21.2,73.4,76.9,6,1,56.1,41,3,Web,26,20,74.7,LOW
PROJ-4838,58.3,12.7,27.4,17.9,23,5,35.6,1,2,Research,28,5,30.9,HIGH
PROJ-4839,78.6,2.5,43.4,69.2,8,3,80.6,58,1,IoT,26,18,50.8,MEDIUM
PROJ-4840,68.6,8.9,70.2,10.3,26,8,67.7,34,6,Mobile,29,3,44.8,HIGH
PROJ-4841,72.4,11.8,100.0,40.7,16,0,60.2,14,5,Web,27,11,47.2,LOW
PROJ-4842,62.3,10.3,20.3,23.5,13,5,41.5,6,4,Research,17,4,17.9,HIGH
PROJ-4843,,8.2,63.0,4.5,21,4,1.5,1,1,Research,22,1,35.3,HIGH
PROJ-4844,100.0,23.6,77.9,58.6,12,0,70.7,68,1,Web,29,17,66.0,LOW
PROJ-4845,65.2,6.0,41.4,38.1,13,5,29.6,2,6,AI,21,8,48.9,HIGH
PROJ-4846,71.5,16.1,69.1,50.0,4,2,,59,6,IoT,8,4,63.4,MEDIUM
PROJ-4847,70.4,7.4,26.4,22.2,14,4,34.0,29,3,Research,18,4,44.9,HIGH
PROJ-4848,93.3,,71.7,70.0,3,5,69.0,60,5,Research,10,7,46.3,MEDIUM
PROJ-4849,94.3,4.1,44.0,37.5,10,5,36.2,27,3,Mobile,16,6,0.0,HIGH
PROJ-4850,49.2,10.5,36.2,25.0,18,3,38.5,4,1,Mobile,24,6,42.6,HIGH
PROJ-4851,70.1,5.0,27.1,29.6,19,6,21.0,26,3,Research,27,8,28.4,HIGH
PROJ-4852,79.1,21.6,75.2,54.5,5,2,69.2,30,5,IoT,11,6,66.0,MEDIUM
PROJ-4853,76.6,26.7,78.8,57.1,6,1,67.7,89,5,Web,14,8,53.0,LOW
PROJ-4854,82.1,12.8,22.4,46.2,7,1,63.3,28,5,AI,13,6,62.3,HIGH
PROJ-4855,74.8,11.4,20.2,33.3,14,4,46.8,25,5,AI,21,7,34.1,HIGH
PROJ-4856,59.0,9.3,42.8,20.0,12,5,39.4,9,4,IoT,15,3,15.3,HIGH
PROJ-4857,67.6,11.5,49.5,13.3,13,2,21.6,1,4,Research,15,2,28.6,HIGH
PROJ-4858,99.0,13.1,77.8,75.0,6,0,100.0,19,3,Mobile,24,18,76.2,LOW
PROJ-4859,,24.4,92.7,83.3,2,1,69.1,55,7,Research,12,10,50.9,LOW
PROJ-4860,89.3,21.2,60.2,52.0,12,3,46.9,38,2,Mobile,25,13,46.8,MEDIUM
PROJ-4861,42.8,6.9,26.6,50.0,10,3,62.6,1,5,Mobile,20,10,11.5,HIGH
PROJ-4862,82.3,22.9,91.9,72.2,5,2,43.4,65,2,Research,18,13,84.1,LOW
PROJ-4863,72.2,5.7,73.6,50.0,4,1,27.4,60,1,Mobile,8,4,38.6,MEDIUM
PROJ-4864,70.3,4.5,57.5,23.1,10,4,26.3,8,2,Research,13,3,31.0,MEDIUM
PROJ-4865,87.6,11.0,48.2,30.0,7,0,31.0,21,4,Research,10,3,54.0,MEDIUM
PROJ-4866,70.8,19.8,73.3,68.0,8,1,69.8,66,2,IoT,25,17,56.4,LOW
PROJ-4867,75.9,11.9,58.9,60.0,10,0,65.9,89,6,Web,25,15,41.6,LOW
PROJ-4868,57.3,10.4,55.2,17.2,24,3,,1,4,Web,29,5,13.6,HIGH
PROJ-4869,41.1,1.5,71.5,18.2,9,6,24.7,60,5,Mobile,11,2,43.9,HIGH
PROJ-4870,81.5,13.6,48.4,50.0,10,5,0.0,17,7,Research,20,10,38.6,HIGH
PROJ-4871,74.1,15.8,72.9,20.0,4,1,46.1,33,1,Research,5,1,58.4,MEDIUM
PROJ-4872,70.3,9.0,64.9,59.1,9,0,49.0,29,2,Mobile,22,13,49.0,MEDIUM
PROJ-4873,100.0,14.3,100.0,77.8,2,0,88.8,56,7,Mobile,9,7,60.1,LOW
PROJ-4874,71.8,15.2,69.2,63.6,4,2,61.3,1,6,Research,11,7,77.6,MEDIUM
PROJ-4875,81.6,9.4,,12.5,21,1,78.7,3,6,IoT,24,3,73.5,MEDIUM
PROJ-4876,68.3,13.8,54.6,46.7,8,1,65.9,1,4,Research,15,7,58.5,MEDIUM
PROJ-4877,51.8,25.4,69.5,60.0,2,3,32.7,39,5,Mobile,5,3,56.7,MEDIUM
PROJ-4878,81.0,22.2,64.2,80.0,1,2,40.4,40,5,Research,5,4,30.6,MEDIUM
PROJ-4879,78.3,23.7,82.9,92.3,1,3,100.0,23,3,Research,13,12,54.8,LOW
PROJ-4880,60.4,5.2,56.1,10.3,26,6,30.4,39,4,IoT,29,3,3.7,HIGH
PROJ-4881,62.6,15.7,38.6,40.0,3,0,17.2,50,5,IoT,5,2,41.7,MEDIUM
PROJ-4882,92.0,23.0,79.0,65.5,10,0,56.3,13,1,Research,29,19,67.7,LOW
PROJ-4883,92.5,20.3,75.3,61.1,7,2,51.4,57,7,Mobile,18,11,53.5,MEDIUM
PROJ-4884,45.1,11.0,28.1,37.5,5,3,26.3,40,1,Research,8,3,43.2,HIGH
PROJ-4885,78.7,13.6,84.2,53.8,6,0,70.9,33,6,Web,13,7,87.5,LOW
PROJ-4886,75.2,15.1,57.5,16.7,5,1,32.5,38,4,Research,6,1,71.6,MEDIUM
PROJ-4887,100.0,21.5,71.5,42.9,4,1,88.9,43,3,Research,7,3,98.3,LOW
PROJ-4888,84.2,15.3,82.6,83.3,4,0,,42,6,Web,24,20,74.8,LOW
PROJ-4889,87.2,10.6,65.6,38.1,13,1,85.4,38,7,Research,21,8,83.2,LOW
PROJ-4890,57.1,1.7,61.8,28.6,5,1,47.9,34,2,AI,7,2,44.8,HIGH
PROJ-4891,80.2,20.2,73.4,68.0,8,2,79.0,45,5,IoT,25,17,67.8,LOW
PROJ-4892,57.3,6.1,39.8,16.7,10,3,22.1,38,4,AI,12,2,0.0,HIGH
PROJ-4893,68.0,24.3,95.0,60.0,2,1,92.1,38,1,Mobile,5,3,46.9,LOW
PROJ-4894,88.1,15.5,76.2,69.2,4,3,63.6,41,4,Research,13,9,83.2,LOW
PROJ-4895,67.7,9.3,52.8,8.3,22,3,45.4,23,2,AI,24,2,12.5,HIGH
PROJ-4896,83.3,11.3,62.9,47.1,9,6,51.9,30,1,Web,17,8,37.1,MEDIUM
PROJ-4897,89.9,18.7,,66.7,3,0,46.5,33,4,Mobile,9,6,57.8,LOW
PROJ-4898,78.8,8.1,53.8,66.7,2,2,64.0,9,4,Research,6,4,53.8,MEDIUM
PROJ-4899,96.9,7.9,50.5,37.5,5,5,50.2,29,7,Web,8,3,48.2,MEDIUM
PROJ-4900,77.7,13.5,,50.0,12,0,78.5,90,4,Web,24,12,51.1,LOW
PROJ-4901,67.8,12.4,50.3,40.0,3,6,55.4,23,6,Mobile,5,2,40.1,HIGH
PROJ-4902,100.0,11.4,91.8,45.5,6,3,49.3,48,2,IoT,11,5,47.4,MEDIUM
PROJ-4903,68.0,5.1,57.1,50.0,9,4,24.8,25,3,AI,18,9,31.4,HIGH
PROJ-4904,62.9,21.4,77.5,50.0,9,3,85.2,39,6,IoT,18,9,55.0,MEDIUM
PROJ-4905,65.1,22.3,74.5,20.0,12,7,23.8,29,5,Web,15,3,25.3,HIGH
PROJ-4906,85.6,24.2,65.1,89.7,3,0,69.4,34,7,Web,29,26,79.0,LOW
PROJ-4907,,21.3,53.9,30.8,18,2,48.7,90,3,Research,26,8,45.1,MEDIUM
PROJ-4908,75.8,24.3,69.4,75.0,6,1,47.7,31,5,Mobile,24,18,50.1,MEDIUM
PROJ-4909,79.0,2.4,81.2,16.7,10,6,62.5,31,1,Mobile,12,2,22.1,HIGH
PROJ-4910,73.4,,61.4,33.3,4,6,39.5,38,4,Mobile,6,2,13.0,HIGH
PROJ-4911,66.7,11.5,36.2,9.5,19,2,10.2,1,3,Research,21,2,29.0,HIGH
PROJ-4912,,21.8,70.1,66.7,4,0,67.2,61,1,Research,12,8,72.2,LOW
PROJ-4913,100.0,8.7,74.9,87.0,3,3,96.7,62,2,AI,23,20,69.4,LOW
PROJ-4914,71.4,11.8,68.7,57.9,8,9,65.3,18,2,Web,19,11,18.6,MEDIUM
PROJ-4915,86.2,14.3,63.0,58.3,5,2,47.6,17,4,Research,12,7,51.8,MEDIUM
PROJ-4916,75.8,13.9,68.3,47.8,12,2,63.1,20,4,AI,23,11,28.7,MEDIUM
PROJ-4917,,18.5,77.1,62.5,3,2,81.5,90,2,Mobile,8,5,,LOW
PROJ-4918,57.7,6.9,50.5,30.8,9,2,30.1,2,1,Mobile,13,4,28.9,HIGH
PROJ-4919,73.2,15.8,73.3,62.1,11,4,23.5,31,1,IoT,29,18,27.0,MEDIUM
PROJ-4920,82.8,32.1,65.4,60.9,9,2,51.5,46,6,Research,23,14,61.6,LOW
PROJ-4921,73.9,17.3,74.0,62.5,9,0,74.6,54,6,Mobile,24,15,63.2,LOW
PROJ-4922,65.1,1.8,74.0,53.8,6,6,46.9,28,1,Web,13,7,31.6,HIGH
PROJ-4923,44.8,13.3,50.6,11.1,16,3,37.9,26,4,AI,18,2,28.1,HIGH
PROJ-4924,67.4,11.7,49.3,0.0,11,8,47.5,1,7,AI,11,0,48.8,HIGH
PROJ-4925,66.4,18.5,69.5,60.9,9,2,81.5,39,7,IoT,23,14,59.2,LOW
PROJ-4926,81.8,21.7,74.2,50.0,4,2,70.0,52,3,Web,8,4,73.9,LOW
PROJ-4927,78.8,16.9,73.1,39.3,17,2,50.4,77,3,IoT,28,11,71.8,LOW
PROJ-4928,75.5,23.8,78.1,66.7,9,3,73.0,17,7,Mobile,27,18,70.6,LOW
PROJ-4929,83.4,20.6,63.4,76.5,4,1,82.9,48,6,IoT,17,13,84.3,LOW
PROJ-4930,63.8,7.5,,28.6,15,4,35.7,39,3,IoT,21,6,31.0,HIGH
PROJ-4931,64.2,3.7,,40.0,6,5,55.7,11,3,IoT,10,4,10.0,HIGH
PROJ-4932,100.0,18.7,73.7,57.1,3,4,37.7,61,1,Research,7,4,31.6,MEDIUM
PROJ-4933,39.9,6.4,92.4,23.1,10,6,74.0,2,6,Web,13,3,29.6,HIGH
PROJ-4934,79.2,28.6,58.7,50.0,5,0,78.6,62,4,Web,10,5,93.3,LOW
PROJ-4935,71.5,5.0,49.0,46.2,7,3,65.5,19,3,IoT,13,6,37.2,MEDIUM
PROJ-4936,87.6,10.0,26.1,45.8,13,4,59.7,31,3,Research,24,11,16.7,HIGH
PROJ-4937,89.9,24.9,65.9,72.0,7,1,44.4,45,6,AI,25,18,91.3,LOW
PROJ-4938,44.4,4.0,48.8,0.0,13,2,32.9,6,1,AI,13,0,0.0,HIGH
PROJ-4939,89.8,21.1,70.3,50.0,8,1,78.6,70,7,Research,16,8,77.1,LOW
PROJ-4940,93.4,8.9,58.6,41.2,10,6,20.2,24,2,AI,17,7,27.6,HIGH
PROJ-4941,57.7,10.8,56.6,35.3,11,3,47.5,45,4,Web,17,6,65.5,MEDIUM
PROJ-4942,58.0,9.2,45.0,18.2,18,4,50.1,23,2,Research,22,4,60.0,HIGH
PROJ-4943,76.3,17.0,62.0,64.0,9,2,61.4,3,4,Mobile,25,16,71.2,LOW
PROJ-4944,78.1,12.0,58.4,40.0,9,4,40.8,7,1,Mobile,15,6,76.6,MEDIUM
PROJ-4945,66.3,6.4,35.9,15.4,11,3,48.2,25,7,Mobile,13,2,24.4,HIGH
PROJ-4946,88.9,29.0,94.6,81.8,4,1,71.9,36,6,Research,22,18,61.6,LOW
PROJ-4947,76.7,4.4,53.9,0.0,6,1,55.8,58,2,Web,6,0,8.4,MEDIUM
PROJ-4948,67.5,13.1,66.0,55.6,8,4,,17,7,AI,18,10,47.0,MEDIUM
PROJ-4949,90.2,24.8,100.0,81.8,2,0,86.8,54,2,IoT,11,9,56.7,LOW
PROJ-4950,49.8,1.0,33.1,23.8,16,6,0.4,43,7,Web,21,5,19.2,HIGH
PROJ-4951,66.3,24.3,80.9,80.0,4,2,65.4,42,4,Web,20,16,56.0,LOW
PROJ-4952,69.0,10.5,45.0,38.1,13,1,57.8,16,3,AI,21,8,39.2,MEDIUM
PROJ-4953,73.1,,66.8,40.0,15,0,67.3,28,7,Research,25,10,72.5,LOW
PROJ-4954,72.3,16.8,79.6,95.8,1,1,87.8,39,1,Research,24,23,88.7,LOW
PROJ-4955,,25.6,54.3,60.0,10,2,62.2,49,2,Mobile,25,15,11.1,MEDIUM
PROJ-4956,63.3,11.7,46.1,52.2,11,4,47.2,43,5,Mobile,23,12,50.6,MEDIUM
PROJ-4957,71.0,8.6,70.8,62.5,3,3,57.4,18,3,IoT,8,5,68.8,MEDIUM
PROJ-4958,80.9,17.7,72.8,92.3,2,0,68.4,47,2,Research,26,24,50.6,LOW
PROJ-4959,,23.1,58.7,57.1,6,2,66.3,40,3,IoT,14,8,37.4,MEDIUM
PROJ-4960,66.9,20.2,46.3,47.4,10,1,53.7,33,2,Research,19,9,46.6,MEDIUM
PROJ-4961,89.6,26.3,64.6,54.2,11,1,63.8,68,7,Web,24,13,77.0,LOW
PROJ-4962,97.4,14.2,60.6,15.8,16,3,38.9,13,6,AI,19,3,58.3,MEDIUM
PROJ-4963,91.8,9.2,85.8,53.3,7,1,48.2,24,7,Mobile,15,8,87.6,MEDIUM
PROJ-4964,55.0,17.1,83.4,42.9,4,1,70.3,32,4,IoT,7,3,53.5,LOW
PROJ-4965,56.1,16.0,56.1,50.0,9,5,20.3,22,3,AI,18,9,38.6,HIGH
PROJ-4966,64.8,3.2,32.3,35.7,18,4,15.8,13,4,IoT,28,10,19.8,HIGH
PROJ-4967,82.9,21.4,67.0,21.7,18,2,78.2,35,6,AI,23,5,54.7,MEDIUM
PROJ-4968,77.1,24.7,59.5,77.8,6,0,88.4,9,5,AI,27,21,54.7,LOW
PROJ-4969,73.0,16.6,95.0,68.0,8,2,52.7,21,7,Research,25,17,64.9,LOW
PROJ-4970,55.9,13.6,68.0,78.6,6,2,49.0,1,2,Mobile,28,22,54.9,MEDIUM
PROJ-4971,62.2,14.8,54.1,44.4,10,4,28.5,37,2,AI,18,8,9.6,HIGH
PROJ-4972,67.6,15.7,57.5,14.8,23,0,32.9,57,7,Web,27,4,62.2,MEDIUM
PROJ-4973,75.2,9.1,57.1,54.5,5,1,49.8,43,5,IoT,11,6,20.4,MEDIUM
PROJ-4974,66.9,19.9,70.2,57.9,8,1,83.4,54,1,IoT,19,11,71.6,LOW
PROJ-4975,75.2,12.8,73.8,60.0,6,2,,40,4,Mobile,15,9,60.0,MEDIUM
PROJ-4976,63.1,8.2,82.8,47.1,9,1,61.0,56,3,IoT,17,8,42.4,LOW
PROJ-4977,64.3,8.9,59.5,48.0,13,3,76.5,35,6,AI,25,12,,MEDIUM
PROJ-4978,86.1,11.6,65.9,47.1,9,3,29.6,67,4,IoT,17,8,49.1,MEDIUM
PROJ-4979,67.2,13.9,53.3,25.0,6,3,56.8,30,1,AI,8,2,38.7,MEDIUM
PROJ-4980,78.8,12.8,64.9,72.2,5,0,84.4,39,4,Web,18,13,67.1,LOW
PROJ-4981,98.4,15.0,,60.0,4,1,82.8,24,7,IoT,10,6,55.5,LOW
PROJ-4982,55.8,8.5,53.1,61.9,8,2,48.9,44,5,Web,21,13,23.9,MEDIUM
PROJ-4983,56.2,,55.4,65.4,9,7,36.4,14,4,Mobile,26,17,3.9,HIGH
PROJ-4984,76.9,2.3,59.2,39.1,14,3,47.4,1,1,AI,23,9,,HIGH
PROJ-4985,,13.5,80.2,38.1,13,3,56.2,34,6,Mobile,21,8,42.5,HIGH
PROJ-4986,55.0,9.2,56.9,3.6,27,3,47.8,81,6,Mobile,28,1,36.0,HIGH
PROJ-4987,72.1,3.5,72.7,73.7,5,0,45.3,41,5,Web,19,14,67.0,LOW
PROJ-4988,59.6,8.2,46.2,60.0,4,5,,27,7,Web,10,6,36.8,MEDIUM
PROJ-4989,61.2,12.6,68.1,46.4,15,3,62.2,30,5,Research,28,13,63.4,MEDIUM
PROJ-4990,100.0,18.7,66.5,83.3,4,2,66.3,75,1,Research,24,20,51.6,LOW
PROJ-4991,93.9,16.6,100.0,38.5,8,2,68.0,21,5,Research,13,5,80.9,LOW
PROJ-4992,66.5,24.2,93.0,77.3,5,4,63.6,15,7,Research,22,17,78.4,LOW
PROJ-4993,54.6,22.6,61.3,42.9,12,3,,56,3,Web,21,9,41.5,MEDIUM
PROJ-4994,69.4,18.3,42.7,54.5,5,1,,53,4,Web,11,6,26.9,MEDIUM
PROJ-4995,64.5,9.2,65.3,11.1,16,2,19.9,49,1,Research,18,2,2.1,HIGH
PROJ-4996,67.5,8.5,32.7,53.8,6,2,45.8,29,2,AI,13,7,26.0,HIGH
PROJ-4997,88.1,15.1,78.8,61.5,5,1,61.1,90,3,IoT,13,8,70.0,LOW
PROJ-4998,67.0,,51.2,50.0,12,1,26.0,36,1,Research,24,12,60.6,MEDIUM
PROJ-4999,53.3,4.3,43.5,33.3,4,2,47.7,43,1,Web,6,2,14.1,HIGH
PROJ-5000,84.0,13.9,87.0,93.8,1,1,75.9,44,6,IoT,16,15,49.8,LOW
